track_id,track_name,track_artist,track_popularity,track_album_id,track_album_name,track_album_release_date,playlist_name,playlist_id,playlist_genre,playlist_subgenre,danceability,energy,key,loudness,mode,speechiness,acousticness,instrumentalness,liveness,valence,tempo,duration_ms
1RxUJSZWgxUBMAk26fnFfl,By the Pool,Palomo Wendel,43,5zH6qSkGxahgySynLjyhKd,Morning Glow,2019-02-22,Neo-Soul Guitar,0aS9YCNTNrDiMNa9tT49RG,r&b,neo soul,0.778,0.193,4,-15.032,0,0.037,0.859,0.962,0.111,0.381,76.017,201690
2DpCdPMg1BADE4HDnxt3Rd,"Sit Still, Look Pretty",Daya,59,2cE2eOy7alOZHpuelJEV8Q,"Sit Still, Look Pretty",2017-01-06,Post pop teen,222nc9tKxKhfZ2GBrOpwH3,pop,post-teen pop,0.655,0.787,2,-3.031,1,0.264,0.122,3.11e-06,0.178,0.554,181.799,202227
1QLRsTQdtz5KTXHndX1sLd,Blame Me,Hannah Williams,6,2adXWrQ6xJ5g2TDC3Zfe0x,Bare Bones,2012-06-09,NEO FUNK AND SOUL,2WbTrS5D0V2TW6DiDkJBru,r&b,neo soul,0.558,0.503,9,-7.471,0,0.03,0.185,0.0,0.201,0.385,106.983,247053
0DjBIx0EIjHd8aQFt4Krgo,Love For Latinas - Radio Edit,Kramder,31,0Y34tlLBHvXq8JhJIcr4iB,Love For Latinas,2019-11-15,Techno House 2020 👽 Best Collection 👻 Top DJ’s Electronic Music - Deep House - Trance - Tech House - Dance - Electro Pop,3QEYvCsVXZj8KuzE0bDmcI,edm,electro house,0.623,0.929,6,-3.127,1,0.0946,0.00418,0.00478,0.142,0.704,125.023,218880
1fv1OaT7y5hJksXu0fmkRt,Catalina Breeze,The Blue Jean Committee,37,73LyXFBeyPavMCyRgOaN0J,Catalina Breeze,2015-11-20,I didn’t know perm stood for permanent (wave),3e6gYPyrTbaB8BWgSHCt5j,rock,permanent wave,0.748,0.571,7,-9.201,1,0.047,0.228,0.00267,0.152,0.42,119.962,135693
1BltsyC5W3SAABdxyrDXwi,Latch,Disclosure,19,1ZFGRj11NnZHos8DUbbpF1,Settle,2013-01-01,Dance Pop,37i9dQZF1DWZQaaqNMbbXa,pop,dance pop,0.503,0.727,1,-5.456,1,0.167,0.0159,9.45e-05,0.0895,0.521,121.985,255632
1zzOMDmkRZy0g9f4JTAZKn,Close To Me (with Diplo) (feat. Swae Lee) - CID Remix,Ellie Goulding,8,5bMicFMWsZlRZNTDq9h3oA,Close To Me (Remixes),2019-02-01,Pop Remix,37i9dQZF1DXcZDD7cfEKhW,pop,dance pop,0.663,0.905,1,-3.781,0,0.0511,0.0325,0.0,0.333,0.397,125.996,175000
5TE1sg1crzw1skiAyRb5Pm,Insane in the Brain,Cypress Hill,0,6oX0gpxTxSrCZ1QJikDhMN,"Hip Hop 100 Hits - Urban rap & R n B anthems inc. Jay Z, A$ap Rocky, Wu-Tang Clan & Nas",2013-06-21,Oldschool Gangsta Rap 👑,0t9TeyXE2mWe70JT3YwSoH,rap,gangster rap,0.896,0.619,8,-10.453,0,0.23,0.0236,0.211,0.0998,0.765,102.233,208200
14RrzxMs07EhE8bUso5Pso,Mambo Rap,Parov Stelar,50,1WqRiGdw8QFI9yMVqDCEQF,Mambo Rap,2018-07-27,Electro Swing,3Dr4NKbsFQ2m7tmPxGRroO,edm,electro house,0.94,0.837,9,-4.143,0,0.146,0.079,2.63e-05,0.135,0.924,119.985,203946
546QTayX6j4GcZsfTRrVnL,Remember the Name (feat. Styles of Beyond),Fort Minor,51,6RRIOtRUqxiVp1Z4F7QBjd,Petrified / Remember The Name,2005-10-04,Hard Rock Workout!,5nQrMpkyWmxPX0gk74htMk,rock,hard rock,0.688,0.835,8,-4.162,1,0.0911,0.0583,2.87e-06,0.0795,0.88,84.858,230493
26M5PTa2xl6NSwm7D3CONp,Hit a Muthafucka,Three 6 Mafia,28,3mdsJ6WjtODV8Wax7xntBB,Chapter 2: World Domination,1997-11-01,90s-2000s Southern Hip Hop / Crunk,5wsWBmQgDtKa8CEg7wTEMi,rap,southern hip hop,0.879,0.795,11,-7.005,0,0.322,0.0447,4.83e-05,0.899,0.896,156.832,238333
4pEEaVhg7B1JJks7HmBNQI,Sail Away,Møme,55,5aWmOzb0ZHCGB0GASqNWlC,Sail Away,2018-11-23,Electro Posé - Discoveries,6nZaTh6K1SwhdELFTmA99C,edm,electro house,0.602,0.91,1,-5.125,1,0.0355,0.000504,0.166,0.112,0.476,121.025,227984
4Eefey3uN90Abhbr47zKmC,WINTER FLOWER(Feat.RM),Younha,74,7tY3mqjeJaMr6RFJYnjI2s,UNSTABLE MINDSET,2020-01-06,Global X,37i9dQZF1DWUxHPh2rEiHr,latin,latin pop,0.575,0.793,0,-3.669,1,0.0639,0.134,0.0,0.123,0.262,95.845,221133
668ZoYvHRo8mMKmgLlBVXk,Shaclackclack the Puppet,Jordan Rakei,1,6e2X313opvmQbWCvHdlADs,Groove Curse,2014-08-15,Soul Coffee (The Best Neo-Soul Mixtape ever),16iNEskDatG5KbDV16F6LR,r&b,neo soul,0.818,0.172,10,-11.112,0,0.346,0.14,0.00183,0.0952,0.422,148.153,176669
4YsnD5GTI8nVBUXkmlqur4,A Crime To Remember,Pop Evil,49,2zrUlKeTyEhyYulj8Gu8T9,Pop Evil,2018-02-16,Hard Rock Workout,6kXNv8J3HCYztxjOIUzApv,rock,hard rock,0.551,0.914,7,-4.147,0,0.0934,0.011,6.09e-05,0.321,0.419,129.803,202762
5lhd4w1RZz38EcwxAFSgZO,La Alergia,Donny Caballero,44,51tJaJxCiIBdznmENL28hk,La Alergia,2017-02-10,MIX LATIN POP°,6IS6XTdbS9qJZgfjNKgpB8,latin,latin pop,0.876,0.879,9,-4.834,1,0.105,0.507,0.0,0.243,0.862,104.991,208132
7kft2XxMqsCZe2gB74bvXV,Ich bin ein wahrer Satan,ASP,0,6gzO5gnYoBe0dH8DRWYBGX,Requiembryo,2007-03-30,Gothic / Industrial / Mittelalter / EBM / Futurepop / Gothik / Electropop,53CmFroG6MWR5reOOXJX6B,pop,electropop,0.498,0.889,3,-4.09,0,0.0468,0.0047,1.64e-05,0.367,0.372,135.998,355213
21AdWM5ynn4KbyqJwglPTa,Lion (In My Head) - Original mix,MOTi,0,6gsl2Zzmjy5F6OXmwv9nu5,Lion (In My Head),2014-12-01,big boom room — TOMORROWLAND EDC EDM BIG ROOM AMF ADE DANCE TRANCE HARDWELL TIESTO,2oalsaFUockoPf1DU3wrL8,edm,big room,0.641,0.828,5,-3.519,0,0.0431,0.00094,0.0339,0.0612,0.249,127.988,296250
1BvJmtaXsqtH438BcDPeBb,Daniel,Elton John,65,1reJ8DttK5EGwdyf7y9FBR,Don't Shoot Me I'm Only The Piano Player,1973-01-22,I didn’t know perm stood for permanent (wave),3e6gYPyrTbaB8BWgSHCt5j,rock,permanent wave,0.688,0.477,0,-11.945,1,0.029,0.38,4.93e-05,0.0864,0.897,132.071,234667
7kzKAuUzOITUauHAhoMoxA,Last Nite,The Strokes,72,2yNaksHgeMQM9Quse463b5,Is This It,2001-07-30,"Muse Radio - (Uprising, Starlight, Supermassive Black Hole, Madness)",0dAbaJtkS9st5o0cBe1Zcu,rock,permanent wave,0.624,0.91,0,-5.703,1,0.0297,0.0285,0.000198,0.0789,0.767,104.042,193051
2vFxXXen17GFW3JhmfrOTb,See You Rave [Mix Cut] - Original Mix,JAGGS,11,0t1G2apxTuPr1sJS4KxmQL,Hardwell On Air - Best Of March 2015,2015-03-31,Epic Bass Drops,49EXQVXh5k1t8SOhmUeyU7,edm,big room,0.645,0.979,7,-2.742,1,0.18,0.0126,0.206,0.383,0.25,127.918,284997
1mEUuGPU7gCcIkwt5QDobg,GO - Showtek Edit,MAKJ,0,3ioDDqswCOzyk5WhKPECZi,GO (Showtek Edit),2014-08-04,Jeff Seid Electro House,2Tisn6NZbeofpc57Oc6MGo,edm,electro house,0.613,0.923,8,-5.131,1,0.0619,0.000441,0.874,0.0576,0.114,128.016,250915
4MP1v8NFAFbMQEf0GuqAvt,Tale of Rise and Fall,Y.V.E. 48,49,5DcOMlPBNNDkp6GGsvIWXu,Tale of Rise and Fall,2017-02-10,Tropical House 2020,2oivDYqm1dQK4KbwVJTaf6,latin,tropical,0.616,0.668,2,-8.242,1,0.0384,0.0836,0.00166,0.131,0.143,110.046,152182
0tdCy39PgWN8LFWu34ORn3,Rap Saved Me,21 Savage,67,0MV1yCXcNNQBfwApqAVkH0,Without Warning,2017-10-30,RAP Gangsta,1Z1gW89x4MSBjkvVjGg7DQ,rap,gangster rap,0.845,0.399,1,-7.509,1,0.309,0.00525,0.74,0.102,0.148,143.049,257600
1ywuaylLSmjHXsZOr0CY9U,Push My Luck - Famba Remix,The Chainsmokers,59,0Yf5xlkmcqWPjBHeKx0rKc,Push My Luck - The Remixes,2019-11-29,The Pulse of Indie Poptimism,5qFXOOxrQVyS4UCq3UilZN,pop,indie poptimism,0.632,0.811,11,-6.427,0,0.0396,0.000873,0.000525,0.0553,0.339,123.966,178067
4rr67zXmEYf9ykLigeEsbv,Don't Dream It's Over,Crowded House,23,0Vw2BOifLhBx5mvnepOGVf,Crowded House,1986,80s Pop & Rock Hits and Album Tracks,0XOIK4m26aeYSD61E5nSVW,rock,album rock,0.439,0.422,8,-17.227,1,0.0409,0.0148,4.84e-05,0.0697,0.551,81.833,236933
6kjlvJLh2DBsSQtqVzFh8I,Immigrant Song - 1990 Remaster,Led Zeppelin,58,1u5BsuBK45mLwrbqdASN3g,Led Zeppelin III,1970-10-05,70s Hard Rock,6pZlZ20vt3aDjIKw98aBtQ,rock,hard rock,0.574,0.926,11,-10.79,1,0.0562,0.00031,0.478,0.386,0.609,113.097,145067
4fc8mRy5dOvy4H6YiVXzKC,Supposed to Be,Sangarang,38,7FG2LkHQSK7Wtzi3YkoWpL,Supposed to Be,2019-10-25,Electropop,2Z5cPJ6Z4EVZAfF08amjvL,pop,electropop,0.715,0.773,9,-5.629,0,0.295,0.0742,0.0,0.078,0.488,89.881,137484
38AiFxseK9i9ND2VawQdZR,Shoulder,Hitimpulse,27,2QxPG6dvIvFuMfvV78BRcM,Shoulder,2017-12-01,EDM Trap,7CEEEMKV41x0RlFCXWdvKF,edm,pop edm,0.763,0.593,6,-6.893,0,0.153,0.178,0.0,0.146,0.432,113.171,179813
5EwwwdsQfKI8ZnFG93j5Zu,Forever,Martin Garrix,62,7zFHC5p1ylePX7dNxln5iJ,Forever,2017-10-20,Dance Pop,0B2HdP15IucgE0vk3sluJR,pop,dance pop,0.45,0.898,8,-3.604,0,0.0395,0.0277,0.0616,0.166,0.22,127.983,218437
5cInnHweXJJrRsHxwihgkK,Good News,K.Flay,51,1CJDBCPg27ASz4eWE7oeNz,Solutions,2019-07-12,a taste of the mainstream,4gbXqmZDUFHqlaYjf4uVyS,pop,post-teen pop,0.64,0.75,2,-3.977,1,0.0439,0.0161,3.11e-05,0.178,0.223,123.082,211027
27snqdLCPt0CshtieduKID,All Bad,JID,0,6dAFsg9RqQKoevmDlT2LJO,The Never Story,2017-03-10,Neo-Jazz Soul RnB & Afro,48AzM7l4M02DBYd2N3IFLP,r&b,neo soul,0.53,0.233,1,-14.617,0,0.342,0.856,0.0551,0.109,0.512,76.63,291760
63G6iIKfvS3CxMU34SuhbI,Latinoamérica Morena,Rapper School,52,30fDSUAJACewPShPZjadjT,Latinoamérica Morena,2016-08-12,HIP-HOP: Latin Rap ['89-present],5fWgI0IJ1el5NB1sZ0Egsx,latin,latin hip hop,0.657,0.832,6,-5.085,0,0.136,0.125,0.0,0.149,0.75,90.054,443533
0TpWjIOuNMnpuRjriPbGiF,Dreamer's Ball - Remastered 2011,Queen,41,2yuTRGIackbcReLUXOYBqU,Jazz (2011 Remaster),1978-11-10,The Queen - La Discografia Completa,3E88dLx4fgFYY70gdGzdnB,rock,album rock,0.607,0.369,9,-7.616,1,0.0346,0.831,0.0,0.419,0.406,91.684,210147
0lz4rVOk2ovGAS5aWjaPTA,Children,MATTN,58,3ogv1GgIeGp8DPGmJky4zI,Children,2019-05-10,EDM 2020 House & Dance,25ButZrVb1Zj1MJioMs09D,edm,electro house,0.576,0.977,5,-3.106,0,0.0392,0.000452,0.00045,0.163,0.235,128.054,158438
6J0b8ypSQ2qEGQlC84ENGt,Pasatiempo,Dragon & Caballero,32,5hFHnxPQRydYpjQXczFWEw,Dragón & Caballero,2012,Latin Pop antiguo,4BmnnqWEQAamNoVjtjrQJP,latin,latin pop,0.745,0.924,9,-5.015,1,0.0424,0.00538,1.04e-06,0.0335,0.917,98.065,198827
09EwNbGvUyu7BDEYG0cJro,Can't C Me,2Pac,65,4CzT5ueFBRpbILw34HQYxi,All Eyez On Me,1996-02-13,Oldschool Gangsta Rap 👑,0t9TeyXE2mWe70JT3YwSoH,rap,gangster rap,0.797,0.852,0,-2.234,1,0.172,0.0432,3.97e-06,0.409,0.674,95.416,330760
7ojioEXLKrIQfXP2yucoi7,SuperWave,Ummet Ozcan,44,3ejCAyxhzVVrttdvrUA3h9,SuperWave,2014-11-21,Big Room Beast,3PNyCpkY7NAXyhopBpj7vc,edm,big room,0.622,0.987,5,-2.557,0,0.0924,0.0286,0.534,0.151,0.136,127.998,347788
6AdD7ReUe1mk5ixLfGnSwO,Stardust,Lucas & Steve,0,1crgxyEW2xWxeb7mCamyBO,Stardust,2017-09-22,Jeff Seid Electro House,2Tisn6NZbeofpc57Oc6MGo,edm,electro house,0.578,0.963,8,-2.337,0,0.158,0.0254,1.13e-05,0.0604,0.509,126.075,175000
6hxe6A5BT0YnnZsVR5OPN4,Thirsty,Geoffroy,39,5y6YYKhdU7wMokOavJXIUz,Coastline,2017-03-10,Music&Other Drugs,5jROYSZSL7cO0jGAqkPx7C,pop,indie poptimism,0.656,0.413,5,-10.117,0,0.029,0.728,0.00254,0.118,0.394,77.006,207222
0IeFn6mSeSiXvB2dGgpdEI,Something About You - Odesza Remix,Hayden James,51,4BsD9djw2227pz2FJGRjpB,Something About You (The Remixes),2015-08-21,EDM - pop remixes,0cvVad4XizGbOS0vlwZYS5,edm,pop edm,0.705,0.674,11,-8.432,0,0.04,0.0184,0.0149,0.137,0.103,105.0,341802
5M9SmAeRC3Maagednv0lnt,Let It Go,Electrick Village,20,2Z3ZTbZZyFSrpAxiDgKTHs,Let It Go,2017-10-27,EDM Trap,7CEEEMKV41x0RlFCXWdvKF,edm,pop edm,0.545,0.687,5,-4.706,0,0.0361,0.135,0.0,0.112,0.218,131.816,181818
3NFvJh1TLTGnefNSNtydg2,Ooh La La,HI-LO,33,2RoVt897tofEY2uanOIoni,Ooh La La,2015-12-18,💊ELECTRO-HOUSE-TECH💊,0AFYmoSuoMQiGGjzvBwr6u,edm,electro house,0.612,0.967,0,-3.573,1,0.0831,0.00419,0.925,0.111,0.153,126.981,229144
5YTMV11r6H8eeKuHghbBql,Te Quiero Pa´Mi,Don Omar,51,4adG4mIK7dgdrBfFyvwfyD,Te Quiero Pa´Mi,2016-11-11,latin hip hop,3nH8aytdqNeRbcRCg3dw9q,latin,latin hip hop,0.765,0.816,1,-3.99,1,0.0595,0.124,8.06e-05,0.197,0.624,89.005,212027
5o8h9JDwdkyxA7AabSz2FU,Cimarron,William Vivanco,0,6Bwrhphny54Vv3DPS3z5tp,Lo Tengo To Pensao,2014-04-14,Cuban vibes only,6VWXakL2ojgiVC01I271e2,r&b,urban contemporary,0.788,0.522,1,-11.451,0,0.166,0.102,0.000196,0.0985,0.6,164.306,194117
25YxmLweh3btfo18wxp7tU,Heaven,John Legend,0,6Fgfn4OyOWRsHd7m6DwMEz,Get Lifted/Once Again,2008-10-28,Neo Soul,2YPP7fiYu5pIcp2yyHvw4A,r&b,neo soul,0.418,0.824,1,-6.389,1,0.259,0.118,0.0,0.187,0.446,190.451,214627
2665YLaM0dLaIhkjpUHT7k,SCACCIACANI - prod. Crookers & Nic Sarno,Ketama126,68,5bBSvzbdkR78H5RDDnA8c1,SCACCIACANI (prod. Crookers & Nic Sarno),2019-05-24,Zona Trap,37i9dQZF1DWXU2naFUn37x,rap,trap,0.651,0.649,0,-4.363,0,0.0366,0.237,0.0,0.128,0.455,133.971,219948
5QIKZWOHDPbGh5EpSqCXMG,All the Things,Gaullin,65,7fhzGoeqXEdVWVdxymGBHJ,All the Things,2018-02-07,🔊BASSBOOSTED🔊⚡ELECTRO HOUSE⚡🔥EDM CAR MUSIC2018/2019🔥,4GSiiL8tcMgvoV7K1IADb8,edm,electro house,0.776,0.634,7,-10.345,1,0.106,0.0102,0.168,0.119,0.475,125.043,174745
3ovjw5HZZv43SxTwApooCM,Wind Of Change,Scorpions,77,3dLKM8bD8R3H3XnSOXGjTF,Crazy World,1990-01-01,Permanent wave,0tOy7ZY4E2PadXIyj8zU43,rock,permanent wave,0.452,0.524,0,-10.108,1,0.0351,0.315,0.0,0.103,0.246,151.505,312360
7eu8WlAizBndJ0aOpOyNka,You Make Me Feel Like Dancing - Remastered,Leo Sayer,44,5QVk6Q7MexmNGl5Uc1uAdV,The Show Must Go On: The Leo Sayer Anthology,1996,The 1950s/1960s/1970s/1980s/1990s/2000s/2010s with pop/r&b/soul/boogie/dance/jazz/hip hop/hop/rap.,1S7BckuYIkEazeNKOSM0uA,r&b,urban contemporary,0.758,0.55,8,-11.776,0,0.0383,0.0716,1.4e-05,0.0889,0.833,95.686,173067
59uEiooaCUECb1fMmo6Sr9,Love Me Wrong,Allie X,66,5Qd3rWZavleUmV0pwBUjNF,Love Me Wrong,2019-12-06,The Sound of Indie Poptimism,7nHgmv7uyIA1KHj6qTttjH,pop,indie poptimism,0.46,0.458,2,-7.912,1,0.031,0.576,0.0,0.0925,0.104,97.15,192907
5VkuqayHiiU5ZHyYEH4Oeb,Dear Summer,Memphis Bleek,54,3toLn9BAnrscDsY8PoDLXM,534,2005-01-01,Hip-Hop Drive,37i9dQZF1DWUFmyho2wkQU,rap,hip hop,0.548,0.892,6,-4.403,0,0.597,0.0838,0.0,0.0842,0.671,172.248,173200
1uqcwvZ8COoq85XOksYyhK,Maddy La Nuit,Flavien Berger,51,3tM34fqAspd40isnHQAcvr,Contre-Temps,2018-09-28,Electro Posé - Discoveries,6nZaTh6K1SwhdELFTmA99C,edm,electro house,0.76,0.336,8,-13.415,1,0.0448,0.806,0.504,0.118,0.51,119.985,210400
3lNtmMoH0YEHicpBrDkB0X,Himmel grau,The Cratez,46,3RmGCWYopOf5Vm4bTU1dKZ,Himmel grau,2019-12-06,Modus Mio,37i9dQZF1DX36edUJpD76c,rap,hip hop,0.495,0.619,4,-5.989,0,0.154,0.381,0.014,0.177,0.141,93.513,176229
1VdIDMigQggDtUwjdt8Xvt,White Clouds - Radio Edit,DVBBS,0,4NkEj6aZeTFsWvrELOvj6A,White Clouds,2015-05-25,Jeff Seid Electro House,2Tisn6NZbeofpc57Oc6MGo,edm,electro house,0.513,0.913,10,-3.433,0,0.109,0.00442,1.68e-05,0.435,0.292,128.01,213750
3zmduBNsQ6BPDTZAkXzG5K,Can't Be Touched (feat. Mr. Magic & Trouble),Roy Jones Jr.,71,5VcOoSq5hMQb3bNa0sBKOe,"Body Head Bangerz, Vol. 1",2004-10-26,Hard Rock Workout!,5nQrMpkyWmxPX0gk74htMk,rock,hard rock,0.642,0.777,4,-4.809,0,0.094,0.00323,0.0,0.227,0.413,96.986,214400
06HUJRcD0t95ogCb2pMQJF,Golden Years - M-Phazes Remix,Ruel,56,71Vxpu75TtB7Hy7XoJ6AoQ,Golden Years (M-Phazes Remix),2018-03-16,indie poptimism🕺🏻,6MQeEHHDs6HQkN5Dlj3oKo,pop,indie poptimism,0.722,0.559,10,-5.249,0,0.0342,0.187,8.96e-06,0.125,0.255,110.065,234293
3x9AweKWYB2Q5oZy42I3zG,Estoy Contigo (Pa Dónde Nos Vamos),RYOKER,35,6ZKfYKQIKZgHu66zJaMTPi,Estoy Contigo (Pa Dónde Nos Vamos),2019-12-06,INDIE POP! TUNES,0HD4Pc1PK8fsyKQq9e2U2v,latin,latin pop,0.655,0.8,5,-3.347,0,0.0421,0.325,1.37e-05,0.175,0.629,94.057,197234
3rdxvEfBp86WNcRDLaFEk9,Here I Go Again 87 - 2007 Remastered Version,Whitesnake,14,5YAaEVUeMvXjI9J0ExHPmw,1987 (2007 Remaster),1987-11-01,’80s Hard Rock,37i9dQZF1DX68H8ZujdnN7,rock,hard rock,0.39,0.898,7,-4.089,1,0.045,0.207,6.64e-05,0.217,0.204,90.703,270160
57Xc3ZPLp3TPMxzUCOSmSc,Como Siempre Soñé,Javiera Mena,0,0xwdGnc7p7WOlIeQLU5mIw,Esquemas Juveniles,2006-10-05,This Is: Javiera Mena,37i9dQZF1DWSOvcBNdfJ87,pop,electropop,0.676,0.803,0,-9.733,1,0.035,0.178,0.00194,0.199,0.374,122.002,290481
1JV7GONwi6qMLb9J7kcSTV,Dembow,Wisin & Yandel,58,0y7oxuXXNYU62jnrvutSSm,Mi Vida…My Life,2003,Reggaeton De Ayer,37i9dQZF1DWWU6Rfto8Ppm,latin,reggaeton,0.735,0.809,0,-4.238,0,0.119,0.29,0.0,0.124,0.875,93.126,178040
2qyyS2lOdC7oxZDQ7tCuY0,Carnavalera,Bomba Estéreo,50,2nlKetdWi0Kc4RU1Xe5SPb,Carnavalera,2019-03-29,Exitos 2020 - Latin Billboard,0k2IDDkcVyIpIgE6d1woDM,latin,latin pop,0.704,0.684,7,-8.535,1,0.131,0.0284,1.17e-05,0.215,0.35,134.041,227984
1XUkeGjCHXUcus4U7WzYmF,Touch Me - All Night Long,Wish & Fonda Rae,22,4iiMHg0Jvy2sZ7ro2ql0dj,"Disco Nights, Vol. 6",2005-01-01,80's Freestyle/Disco Dance Party (Set Crossfade to 4-Seconds),1oReEujyWpQv2OX68BVPPA,latin,latin hip hop,0.763,0.702,10,-9.531,0,0.0767,0.00212,0.479,0.0516,0.612,115.234,288560
4cQD7ykxaVNIWml3GvNZwA,All To Me (feat. Lola Rhodes),Deekey,46,0yysudOLR6lHpxQVmiivDi,All To Me (feat. Lola Rhodes),2019-08-23,Electro House Top Tracks,1G0q0NK7g3C0XerNqq7GbL,edm,electro house,0.599,0.873,1,-2.61,0,0.0312,0.00821,0.0041,0.0864,0.223,126.0,192381
2xiwvo9SaTHdLhRhIsVZ9c,Memory,2 Man Embassy,45,78i7hFXb51iOzhB9N5UKNZ,Memory,2019-12-04,Electro Posé - Discoveries,6nZaTh6K1SwhdELFTmA99C,edm,electro house,0.74,0.396,11,-9.993,1,0.306,0.116,1.14e-05,0.432,0.373,104.967,180649
4zMmqb0pYwX6b0qc0slCoT,Only Child,Tierra Whack,67,0vioXPjQ9v9dSkzw5xHrTQ,Only Child,2019-02-19,Ultimate Indie Presents... Best Indie Tracks of the 2010s,37i9dQZF1DWTHM4kX49UKs,pop,dance pop,0.826,0.365,1,-7.024,1,0.0412,0.849,3.8e-06,0.186,0.802,85.244,239324
2ZCTP54O2dMSbVrdsg60to,Barbie Girl,Aqua,5,2vb252Haz9iX4iOd7vP8kX,Greatest Hits,2009-01-01,90s Dance Hits,50cXvxgMGrvoUeLhkzCyIO,pop,dance pop,0.764,0.948,1,-4.355,0,0.0402,0.00929,0.0773,0.416,0.911,129.967,195040
1S6zXoXhfalX2ETKo337Md,YES or YES,TWICE,7,38QQgShZFuEAJJw1A6hz3x,YES or YES,2018-11-05,K-Party Dance Mix,37i9dQZF1DX4RDXswvP6Mj,pop,dance pop,0.702,0.913,11,-2.977,1,0.0374,0.0514,3.71e-06,0.166,0.735,137.982,237685
3vUc9WQpoca15404jNdzf9,Changes,Lauv,79,1kXtiGkGi9myC9D35lwdG5,~how i'm feeling~,2020-01-02,"Latest Hits 2020 - Pop, Hip Hop & RnB",7FqZlaYKkQmVnguJbHuj2a,r&b,hip pop,0.532,0.455,2,-8.366,1,0.156,0.452,0.0,0.237,0.204,148.182,160187
0K1XXuhaJBPWMcgjj3ug3u,Las Avispas,Juan Luis Guerra 4.40,50,3bHkIxCLH1CmadBBWuRLxO,Para Ti,2004-01-01,TROPICAL🌴,0TT57Pe3RZNGCy98G1UQpM,latin,tropical,0.814,0.944,4,-2.758,0,0.0532,0.544,7.91e-06,0.0642,0.961,130.082,197333
7MGFg1PXrjP9BW6RYOHBau,Wildfire,Jordan Rakei,3,03LH4OQJPQvuUmvX6Mb5z2,Wildfire,2018-05-10,Neo Soul / Modern Jazz / Smooth Hiphop,07SNJ4MwYba9wwmzrbjmYi,r&b,neo soul,0.745,0.747,2,-10.008,1,0.0517,0.153,0.0495,0.143,0.759,98.003,248876
0DnA2DyUwy0W4xMYtRxocL,Who Can It Be Now?,Men At Work,63,03RdxRparvZ2qgWFf1vGeD,Super Hits,1981,Permanent Wave Cafe,0VS9w0NY4KXfLORkhY81s8,rock,permanent wave,0.81,0.716,4,-7.392,1,0.0402,0.0184,1.96e-05,0.301,0.965,128.528,200293
2vbu6iSwyXGalSzaqLBiYH,Bluebird - Remastered 2010,Paul McCartney,1,5WDwQd1NNzitecaWN7BoUB,Band On The Run (Standard),1973-12-05,The Black Album,0KNLLunbFh9XgitPMOGmQg,rock,album rock,0.765,0.395,5,-10.75,0,0.0279,0.0774,0.00223,0.103,0.706,88.149,203160
4iXZFxEUzTTLMLE5jCyKEb,Your Body's Callin',R. Kelly,48,11UWeyxXNreHeZwEViqs3y,12 Play,1993-11-07,New Jack Swing/ R&B Hits: 1987 - 2002,4sji14lrB5bgcr51lPALYH,r&b,new jack swing,0.658,0.55,9,-6.705,1,0.0302,0.457,0.000728,0.114,0.727,168.289,277493
1JDfWFKXGxMjStMXfMRkto,Heaven - KSHMR Remix,Shaun Frank,0,3v6eUmDJ06frL8zUD4NVOq,Heaven (The Remixes),2016-02-19,Happy EDM,3d2JFEbvcx7p2CHkBaQeMZ,edm,pop edm,0.626,0.906,3,-4.126,1,0.0352,0.00596,0.369,0.783,0.337,127.993,240000
1Koxb4StDE2K7XsuDunx76,Algo Musical,Ñejo & Dalmata,53,35ejmbRlV32Qng9jGF34ve,Broke & Famous,2007-01-01,REGGAETON VIEJO,31hG19URdBvLEpQWKFYfdD,latin,reggaeton,0.881,0.639,1,-6.682,1,0.101,0.0708,3.33e-06,0.0547,0.706,107.013,234907
4nOGwuxFp5LIFe2Nj476xH,It Was A Good Day,Ice Cube,2,4ZO8i8JRijLxRvWRRj0zL0,The Predator,1992-11-17,Oldschool Gangsta Rap 👑,0t9TeyXE2mWe70JT3YwSoH,rap,gangster rap,0.795,0.745,5,-5.411,0,0.143,0.322,4.15e-05,0.221,0.811,82.383,260000
0AY6XbTfRSk9wpCIQTnwc0,Light Up the Sky,Thousand Foot Krutch,44,4fSovBNtliN1OY3CXNDS16,The End Is Where We Begin,2012-04-17,New Hard Rock,64BvJcehegyvhqQtV82Ddz,rock,hard rock,0.454,0.945,6,-4.284,0,0.157,0.000762,0.000162,0.371,0.738,178.13,239627
26FNTVsgF4m31xvDgFfhGW,Mit Dir,Loredana,77,7tzLE9wQ6C1DGtx8s8wnf1,Mit Dir,2019-12-20,Modus Mio,37i9dQZF1DX36edUJpD76c,rap,hip hop,0.752,0.526,1,-5.863,0,0.335,0.159,8.62e-06,0.0584,0.643,195.897,158049
3tvxoYBfRkpXNEeqovOJju,Radość,Tymek,61,7mWAph4cc6q26gdThrZLXB,Radość,2019-09-06,Trap strefa,37i9dQZF1DWY3UKS6jvnxr,rap,trap,0.632,0.696,5,-4.77,0,0.0557,0.36,1.75e-05,0.338,0.666,155.941,186923
6ItLASP9h9ZvU1J9iXEVXS,Im Ok,Lisa Shaw,33,4mmxiwu67YzQRBhaKtjcE7,Free,2009-03-10,NEO FUNK AND SOUL,2WbTrS5D0V2TW6DiDkJBru,r&b,neo soul,0.692,0.693,6,-5.468,0,0.0312,0.0417,0.00656,0.421,0.46,94.003,298160
3FsPxHAATCITLHZZVIa7Us,Humpin' Around - Radio Edit,Bobby Brown,29,4LbbUj2bytdZ1PWEs69QCn,'90s Soul Number 1's,2007-01-01,90's NEW JACK SWING,0dmInkymNnOTWvEFamSNzb,r&b,new jack swing,0.746,0.804,10,-7.167,0,0.0424,0.00618,0.02,0.0536,0.662,110.07,322000
7px7HVjooJjvkL9Titkyal,I Should Have Known,Stephanie Bennett,8,0VxW02u2pQ87APZVWFdmsD,Tazmania Freestyle Vol. 2,2007-12-21,Latin Hip Hop/Freestyle,2MYEUjX0YAI9dxrBDzoCK7,latin,latin hip hop,0.692,0.858,9,-10.202,0,0.0577,0.00466,0.000715,0.205,0.762,126.203,227800
6gXsswvH6gtSkbrecXAeQN,Big Daddy,Heavy D & The Boyz,0,7hypB1lzVHsXKie9NJ72uW,Heavy Hitz (Remastered),2000-09-12,Ultimate Throwbacks Collection,1dsaMvnC1hXPCNGC4aVtjj,r&b,new jack swing,0.841,0.577,10,-7.525,0,0.41,0.101,0.0,0.0659,0.64,89.389,234000
2Zu0RM1e8qBQDfVIm072ki,Jagodzianki (prod.by Abel de Jong),Malik Montana,62,3WYoVnhqxg6nWZbk1ra5eV,Jagodzianki (prod.by Abel de Jong),2019-04-05,Trap strefa,37i9dQZF1DWY3UKS6jvnxr,rap,trap,0.957,0.664,9,-10.458,0,0.283,0.295,2.41e-06,0.217,0.805,126.986,160630
1kznDMHz1kpzk7sMYIkrQ5,Thinking Of (feat. OVAN & SUMIN),SHAUN,45,1NgwpxtZFd1x4DbC74V9bO,Take,2018-06-27,K-Crazy Michioso Tunes,37i9dQZF1DWUXxc8Mc6MmJ,edm,pop edm,0.867,0.811,8,-2.933,1,0.062,0.0061,0.0243,0.0648,0.687,135.099,230561
5nzEilkVhvnCD0xpW3raTy,No Dejes Que...,Caifanes,67,1WrK98KVZxkTgMD3a9Kpnl,El Silencio,1992-06-08,Caifanes La Historia,3kysJw7lvVwSoOaL0KyW94,rock,album rock,0.613,0.898,2,-7.593,1,0.0368,0.429,1.29e-06,0.272,0.763,134.033,279160
7jEyX4bqaCSdMN4D4JNnVj,Mama,Jonas Blue,74,2xZSrcBmvMw9Y8hac6xU7L,Blue,2018-11-09,Dance Pop Hits,37i9dQZF1DX6pH08wMhkaI,pop,dance pop,0.738,0.794,11,-4.118,0,0.0416,0.101,0.0,0.0533,0.566,104.014,184134
26tSJX8p9FjRuXfIoCriHH,Bicken Back Being Bool - Remix,YG,40,3ldsrFbLgrIJ00byb2tncW,Blame It On The Streets,2014-11-24,Southern California Hip Hop Primer,206vi9Q0p3juAU73flxPsz,rap,southern hip hop,0.809,0.787,7,-5.318,1,0.282,0.206,0.0,0.286,0.692,95.024,202160
2pxAohyJptQWTQ5ZRWYijN,The Trooper - 1998 Remastered Version,Iron Maiden,8,3dFAfH33aNku65qm8IPS54,Piece Of Mind (1998 Remastered Edition),1983-05-16,Classic Hard Rock,1gAeQGQ7hr2q7IYmaejDW6,rock,hard rock,0.286,0.856,4,-6.777,0,0.0585,0.0238,0.0542,0.487,0.696,162.12,250973
34lSXdfXd2Xt75hi3mrfnN,Fly,Cuebrick,0,5jXSWuUo0TrLU2ZoYBdA55,Fly,2018-05-25,EDM 2019,1T0ed6Mg0QIruHvcoWWIKy,edm,pop edm,0.506,0.688,3,-6.687,1,0.0448,0.00873,3.33e-05,0.291,0.371,149.951,183197
2Vhd5uZB4brKHmM0MNxkZo,Raging (feat. Kodaline),Kygo,61,0uMIzWh1uEpHEBell4rlF8,Cloud Nine,2016-05-13,A Loose Definition of Indie Poptimism,4ZO0wp9G8FA3X6oYNBzda6,pop,indie poptimism,0.55,0.689,3,-7.76,0,0.094,0.0498,0.0,0.207,0.408,99.904,224487
5OYYacWV45MGBnFakswH5d,Audi II,Smokepurpp,65,6Z2tfVP0x9eI0igAObGth2,Audi II,2019-12-06,GTA San Andreas Radio Los Santos,6m0BqpJfSP2m5xCOFjDRHw,rap,gangster rap,0.789,0.576,10,-6.799,0,0.435,0.0382,0.0,0.136,0.423,139.964,164639
7dbnaGb9MGC9MGLZVmFgas,Monster Lead Me Home,Sara Hartman,1,67QRV9CFvcWx10eDzPO6ya,Monster Lead Me Home,2015-11-13,random playlist that can't decide its genre so go ahead jam along with these catchy tunes,49qyKvg6UAQAvIMUIGMnP3,pop,indie poptimism,0.595,0.824,0,-6.692,1,0.04,0.208,0.00094,0.106,0.563,164.066,237395
5rFj8OzffT0iggSjcBaeND,"Fire On Fire - From ""Watership Down""",Sam Smith,81,5utJfkRQ5yEIat3AIK6WIL,"Fire On Fire (From ""Watership Down"")",2018-12-21,urban contemporary,4WiB26kw0INKwbzfb5M6Tv,r&b,urban contemporary,0.584,0.407,1,-7.356,0,0.046,0.476,0.0,0.18,0.341,115.124,246735
1Pofof4ZYVI6GDM0IFGvBk,Live Your Life - Radio Edit,Headhunterz,1,2FaCCZ2jSTKrd8kyyNLfme,Live Your Life,2015-06-08,Big Room House | Festival Bangers,5Bx5niVgi3qGQQw06C0RKq,edm,big room,0.485,0.853,6,-3.192,0,0.0423,0.0057,0.00155,0.0842,0.304,130.054,180923
3NDR5GMFW45B9wrGSOaACm,From the Inside,October Ends,37,2GHxw7rY7HRjszkxsod52T,From the Inside,2017-12-07,Rock Hubspot,5hvf4yL105Rw6cvCP6AMjM,rock,hard rock,0.504,0.963,10,-2.77,0,0.0828,0.000418,9.53e-05,0.102,0.554,94.999,178105
6gHG0T5lelj7EluTAnJ2ox,Losing Time,Drew Wilken,40,45mk91pbbutiDTW6J4JTb7,Losing Time,2019-09-18,Trap Mojito,37i9dQZF1DX1OIMC8iDi74,rap,trap,0.59,0.988,9,-2.039,0,0.0834,0.00481,0.605,0.28,0.28,150.963,224503
2AfXarK4dUVFqGnDEawi04,Beta,Model Man,35,1BXRCtST2nFH3C85Oux481,Beta,2019-09-17,Electro Posé - Discoveries,6nZaTh6K1SwhdELFTmA99C,edm,electro house,0.655,0.751,1,-5.804,0,0.0618,0.18,3.2e-05,0.152,0.525,121.984,186885
23hpOtox5sIuRqVBVVJxsO,Stanza Singola (feat. Tommaso Paradiso),Franco126,65,5f2LuFGKudyDDp9d93Qvvc,Stanza Singola,2019-01-25,Musica Italiana 2020 - Playlist Pop & Hip-Hop (Canzoni Italiane 2020),6kVFIQBhLT4003iw2WWEv1,r&b,hip pop,0.676,0.47,10,-7.831,1,0.0582,0.599,0.0,0.209,0.543,129.916,196615
0xRlXVs5zs2ovMnbH8zIvH,Kyona,Two Sleepy,43,59fNJan27Ozz8P7U9IZEK9,Kyona,2020-01-07,Lo-Fi Beats,37i9dQZF1DWWQRwui0ExPn,rap,hip hop,0.542,0.366,11,-16.079,1,0.0375,0.602,0.871,0.196,0.0551,115.683,187573
0CT0EoTIp9E1B5JQ0Uq2An,Let's Do It,11 Acorn Lane,40,1R36YWC3OrLBUqxQuxXdcW,Let's Do It,2018-03-05,Electro Swing,3Dr4NKbsFQ2m7tmPxGRroO,edm,electro house,0.672,0.978,9,-3.246,1,0.106,0.138,0.000482,0.212,0.567,126.022,187976
0dw7G0QDuW7UwyL0boHKMU,Glad You Came,The Wanted,47,2WKKYXyjXjZHCvZhiunLU8,The Wanted,2012-01-01,Today's Hits 2000-Present,6a66cg3HcsjYkisYyQcov6,latin,latin hip hop,0.61,0.841,7,-4.579,0,0.0692,0.056,9.85e-06,0.118,0.431,126.889,198187
4hrae8atte6cRlSC9a7VCO,Always On Time,Ja Rule,72,2wMavIKnu6feFNOeQ1hVwf,Pain Is Love,2001-01-01,Feeling Accomplished,37i9dQZF1DWTDafB3skWPN,r&b,hip pop,0.84,0.706,5,-6.104,0,0.2,0.208,0.0,0.241,0.839,96.673,245133
1j8pd7HrxRQRohDwfVO0L8,Weaker Girl,BANKS,0,3SzNTLHbVm0borYWkbrzf0,The Altar,2016-09-30,Deep-deep Bubble Pop,744VClUYfFnZCDPcOUkg5G,pop,indie poptimism,0.26,0.432,9,-10.198,0,0.0353,0.171,0.00765,0.239,0.267,164.154,256080
7jowCMiXsGLxJp9LTw6ole,Báilame,Nacho,58,2xLDTLkGQlZKh1wS1BUo4A,Bailame,2017-04-14,latin hip hop,3nH8aytdqNeRbcRCg3dw9q,latin,latin hip hop,0.809,0.876,6,-4.802,1,0.155,0.154,0.00527,0.0525,0.528,95.984,207200
2Ch7LmS7r2Gy2kc64wv3Bz,Die For You,The Weeknd,76,2ODvWsOgouMbaA5xf0RkJe,Starboy,2016-11-25,Urban Contemporary,4Pbs84EQbuAblxlp6Chz0d,r&b,urban contemporary,0.586,0.525,1,-7.163,0,0.0615,0.111,0.0,0.134,0.508,133.629,260253
3kRKPvypncJ8MpX2SHjvRd,Drunk,Flip Capella,46,4EiyTRH5OubbwoRsGf6nTt,Drunk,2019-11-15,EDM House & Dance,5CTzufLc0f6MufjKYrIaoO,edm,pop edm,0.652,0.543,9,-10.91,1,0.0865,0.00787,0.0,0.333,0.687,111.973,158036
1rEE9uPXdjBNa35RNPtJb3,Raveheart,DVBBS,44,2FgIFzzHlzkxYykdq6yIgq,Raveheart,2015-08-17,BIG-ROOM NEVER DIES !,4QtO2XySphMOJt7pX0yaVi,edm,big room,0.5,0.986,10,-2.197,1,0.322,0.00106,0.000115,0.283,0.24,127.972,210588
3v9jcDkIrJtjzJyQV9LJmW,Helluva - Extended Mix,Brotherhood Creed,20,4LdKbL2o2CueCFdgCh6V0e,Helluva,2012-03-06,Kenny B's Ultimate New Jack Swing Mix,7bdhfXlbfml9CuNn5c7372,r&b,new jack swing,0.814,0.847,6,-6.837,1,0.115,0.0343,0.0,0.316,0.671,105.403,359840
7oLPStzymWKxwHlCUkAwNm,Cat Scratch Fever,Ted Nugent,19,6quH4fSphtaPYyf1M4a0m4,The Very Best Of Ted Nugent,1991-02-11,Classic Hard Rock,1gAeQGQ7hr2q7IYmaejDW6,rock,hard rock,0.555,0.785,4,-10.994,0,0.0352,0.0316,0.162,0.347,0.673,127.491,216800
57lr25MGuxVR2MElmOqDgw,La Noche Entera,Alex Ferreira,38,7JJqKPv6ez43XfN9xY6SUw,Canapé,2017-11-03,Paraíso Tropical,2v41efarffe6iY8qpMK5Gj,latin,tropical,0.731,0.406,7,-11.11,1,0.16,0.47,0.0,0.1,0.788,151.941,203314
5KCVBcxNjBAD6WvFXQEign,Wenn ich wollte,Madsen,38,0vYnHvvWTg7giIunFMJV9g,Wenn ich wollte,2019-12-06,Modern Indie Rock // Alternative Rock / Garage Rock / Pop Punk / Grunge / Britpop / Pop Rock,1VnvyBDqoV5TCZAnXYferL,rock,permanent wave,0.399,0.887,7,-4.313,1,0.061,0.000305,0.000745,0.0782,0.409,165.877,200725
7AeZLGFFa1CYSret0vadfy,Adelanto,Chris Wandell,46,622XrNzEz8Edqemyn8V829,Adelanto,2019-11-01,Trap Land,37i9dQZF1DXde9tuMHuIsj,rap,trap,0.83,0.633,1,-5.887,1,0.0404,0.469,0.000302,0.137,0.37,110.038,175170
0vRvoOEUTabrQNmqUCD5Uw,The Spook Returns,KSHMR,0,3KgMiD9uBGsdfjuefgDGik,The Spook Returns,2016-11-18,Big Room House | Festival Bangers,5Bx5niVgi3qGQQw06C0RKq,edm,big room,0.466,0.936,1,-4.405,0,0.185,0.00948,0.356,0.154,0.37,127.863,189896
7nYvUtkQMx1v80S2FH2s9J,Regulate,Warren G,73,2VMGv3inRLPM4GOMXf37qu,Regulate… G Funk Era,1994-06-07,Southern California Hip Hop Primer,206vi9Q0p3juAU73flxPsz,rap,southern hip hop,0.849,0.521,11,-12.999,0,0.216,0.306,1.65e-06,0.115,0.763,95.262,248867
0LQmFbjbesF6XNwn427exG,Mad Love - Cheat Codes Remix,Sean Paul,18,6oyGJmzNPyDLcEtzFcAEPC,Mad Love (Remixes),2018-04-20,Pop EDM Remixes,4aUEH3uhbofktrFkXOOaKj,edm,pop edm,0.524,0.709,4,-4.034,0,0.254,0.0195,0.0,0.0776,0.315,97.63,192245
3VSNFbj9mhR5DXy7UXRkDZ,Back for a Fight,Falling Decibyls,38,0fULJSlPpGry8XlqjlgB7t,Back for a Fight,2019-12-27,EDM 2020 House & Dance,25ButZrVb1Zj1MJioMs09D,edm,electro house,0.813,0.885,9,-2.481,0,0.215,0.0015,0.000977,0.0954,0.351,124.016,209032
3qRHCvn70YpVFFkx3lrAYf,Body on Me,Rita Ora,62,2mx2hlgAtxrXrWRnerdVGB,Body on Me,2015-08-07,Post pop teen,222nc9tKxKhfZ2GBrOpwH3,pop,post-teen pop,0.636,0.741,11,-5.436,0,0.041,0.0132,0.0,0.287,0.53,88.999,225218
7MDKvOzNgAJ3KMCtaP2UOa,Hella Hoes,A$AP Mob,56,2WNrT4HGWNJy7xJCZ92Oot,Hella Hoes,2014-06-06,Urban/Trap - Contemporary RAP,5CK0fshHcik1vWyeCc0zat,r&b,urban contemporary,0.633,0.853,8,-6.491,1,0.389,0.302,0.0,0.152,0.544,130.018,211965
1RX0sGFlP6GYbpJhyNDzKz,Oh Yoko! - Remastered 2010,John Lennon,21,1Og869cgT2qBmDw84KeUvk,Gimme Some Truth,2010-10-05,The Black Album,0KNLLunbFh9XgitPMOGmQg,rock,album rock,0.556,0.833,1,-10.702,1,0.0321,0.284,0.352,0.196,0.806,85.181,257933
03sno6MIkoVX5eC4pRKMzr,Stranger,MOTHXR,49,7glwvxou64yQXBiZALusEH,Centerfold,2016-02-26,The Pulse of Indie Poptimism,5qFXOOxrQVyS4UCq3UilZN,pop,indie poptimism,0.603,0.688,8,-5.515,1,0.0358,0.0117,0.75,0.0941,0.561,94.991,195000
5lA3pwMkBdd24StM90QrNR,P.Y.T. (Pretty Young Thing),Michael Jackson,71,1C2h7mLntPSeVYciMRTF4a,Thriller 25 Super Deluxe Edition,1982-11-30,School Dance 2019 (Squeaky Clean),0SqaMfNsngZCpPw0UuelA7,latin,latin hip hop,0.888,0.815,11,-4.909,0,0.0404,0.23,0.000424,0.127,0.961,127.273,238733
7a6DXdC46FGSCNT4hLxbAe,"The Light (feat. Bilal, Robert Glasper Jr., Kenneth Whalum & Burniss Earl Travis II)",Big K.R.I.T.,33,6vGEX2ejVVsHTIsqI1teZg,4eva Is A Mighty Long Time,2017-10-27,Urban Contemporary,4425cRh83Uzor4qCRfM9lb,r&b,urban contemporary,0.401,0.834,11,-5.546,0,0.161,0.244,0.0,0.365,0.17,129.443,244766
1dNIEtp7AY3oDAKCGg2XkH,Something Just Like This,The Chainsmokers,76,7IzpJkWQqgz1BTutQvSitX,Something Just Like This,2017-02-22,Pop Inglés (2020 - 2010s)💙 Música En Inglés 2010s,4QAzO1Z92yqqD6Mf3mOANu,pop,dance pop,0.607,0.649,11,-6.695,0,0.0362,0.0306,2.46e-05,0.174,0.505,102.996,247627
5tlrEiYWEl0fsa6OFoV5EI,25 Lighters,DJ DMD,4,0tOOSfFhdnK2nek5l6hp5c,Twenty-Two P.A. (Clean Version),1998,Southern Hip Hop,3R5c1OfJY7Rzl3p28pzGtL,rap,southern hip hop,0.826,0.638,1,-6.371,0,0.258,0.00564,0.0,0.414,0.699,167.848,288853
3TkNsftUBh8dwwLUHpmYNC,Find A Way,Dwele,45,44knvMChf7CE5Jkg636gXy,Subject,2003-01-01,Soul Coffee (The Best Neo-Soul Mixtape ever),16iNEskDatG5KbDV16F6LR,r&b,neo soul,0.712,0.657,10,-5.888,0,0.149,0.0577,0.0,0.234,0.437,97.993,249573
660eekzsNZ7sdATvfIsAkR,"Fuego (with Sean Paul & Anitta, feat. Tainy)",DJ Snake,74,2MFS6WG6jnPAgvJpV3PehR,Carte Blanche,2019-07-25,Todo Reggaeton,4csIMGPI3aGo3Xy7WG8jBi,latin,reggaeton,0.819,0.859,8,-6.264,1,0.224,0.0244,0.0,0.0916,0.612,104.906,195429
6N3HyzopHHNVNmZx4HOrvI,Reincarnation,People Like Us,26,2KJ52eR6RAPOo2uCsrSOi7,Midnight Lover,1986,80's Freestyle/Disco Dance Party (Set Crossfade to 4-Seconds),1oReEujyWpQv2OX68BVPPA,latin,latin hip hop,0.675,0.928,7,-2.895,0,0.0374,0.0642,0.0012,0.0559,0.72,134.951,422027
6ci3PgdVFw0Jk9uL8PTTwI,Understand This,ROËDS,48,5XYCR4560dRWZ27PlYIgci,Understand This,2019-12-27,Tropical House 🏝 2020 Hits,2SRbIs0eBQwHeTP7kErjwo,latin,tropical,0.685,0.759,0,-7.426,1,0.0728,0.0706,0.0,0.153,0.65,104.924,187714
3yP2kjL5SR32FEhpCUrNKB,One Of Us,Rick Ross,0,79qFHCSJ8v5DBHwbHExLOV,Black Market (Deluxe),2015-12-04,Contemporary Hip Hop,68y3WoFJMMKDHUIpqCnoM3,rap,southern hip hop,0.552,0.752,10,-5.454,0,0.191,0.0247,0.0,0.513,0.195,84.337,193733
1Q3t9fWvHUXKsMmpD2XpUu,Cold Cold Cold,Cage The Elephant,68,0nW0w37lrQ87k7PLZvC4qJ,Tell Me I'm Pretty,2015-12-18,Indie Poptimism,7Ic1UwucK3ozdycPBIPVSR,pop,indie poptimism,0.549,0.789,5,-6.071,1,0.0313,0.0178,6.68e-05,0.059,0.715,136.125,214387
1S3hcyx64yhb5AeZ5G4TIa,Laisse aller,Nekfeu,0,5KbSOGYUOgDnva9JwYUibW,Feu,2015-06-08,Urban/Trap - Contemporary RAP,5CK0fshHcik1vWyeCc0zat,r&b,urban contemporary,0.873,0.539,7,-5.649,1,0.315,0.132,0.0,0.124,0.355,100.033,273746
1lItf5ZXJc1by9SbPeljFd,Juju On That Beat (TZ Anthem),Zay Hilfigerrr,63,5sQTfUX9uSwfCtPiYGO20V,Juju On That Beat (TZ Anthem),2016-09-30,Hip pop,1Sc7bobknESH7SXQcnmoX5,r&b,hip pop,0.807,0.887,1,-3.892,1,0.275,0.00381,0.0,0.391,0.78,160.517,144244
5yoR8riwGVeZoCmZpmwsCW,Fire Grow,Aiwass,40,7C24afhTBmiIgucVPSNsyB,Fire Grow,2019-12-20,Great Pops,5SO7xYih5w8X5FEpKvU7Rt,latin,latin pop,0.534,0.596,6,-7.652,0,0.0379,0.841,0.359,0.137,0.293,176.033,171818
3VerYSeA9fDRLDCpb9JzSW,Dance With Me,Dirty Honkers,44,7lDfxkmVcUMefYHtk0hD9T,Dance With Me,2019-02-22,Electro Swing Top 100,5M7xLCQTYJL0lbKIrUn3a4,edm,electro house,0.774,0.573,1,-9.315,1,0.0647,0.0158,0.0628,0.132,0.475,101.976,214118
4ESkY4RODeLVho9uaIwOYa,You Wanna (Klaas Remix),Aston Martinez,5,0A6ZxugjtmcBogsuvddXf1,You Wanna,2005,Electro/Progressive/Club House,1HtnPDj2V126xB9tJP786P,edm,progressive electro house,0.819,0.709,7,-6.981,1,0.0992,0.000675,0.329,0.505,0.724,127.014,400374
2RJA3aJLOKR1Q7xBQKDmy4,Shake It Off,Pickin' On Series,36,5daNt76eZrOrP994rm3byw,"Pickin' On Taylor Swift, Vol. 2",2015-01-20,Bluegrass Covers,37i9dQZF1DX56crgoe4TG3,r&b,hip pop,0.644,0.667,5,-6.216,1,0.0536,0.743,0.00305,0.256,0.937,159.951,230920
4ciBIS83LHQpKf4noVKP51,Woke Up Late (feat. Hailee Steinfeld) - Sam Feldt Remix,Drax Project,41,7l7qbsJMfxuAci9hS0Gftr,Woke Up Late (Sam Feldt Remix),2019-05-02,Cardio,37i9dQZF1DWSJHnPb1f0X3,pop,dance pop,0.63,0.726,0,-3.753,1,0.0978,0.0717,0.0,0.108,0.499,122.055,196475
6Q1LtmZPFRGNZbH6VdarBQ,Пламя,IC3PEAK,42,1x5XZhwID74j0tqkcU6hCy,Сладкая жизнь,2017-11-07,< DARK TRAP >,19WuHd4MxWLzE1fpMmw4S4,rap,gangster rap,0.299,0.381,3,-6.951,0,0.038,0.445,0.0023,0.0932,0.0392,136.462,234000
0bJncTmVkKIzgKK5jNopV8,Fly By Night,Rush,1,1IV7ycaBYt31CFC9g1BrrD,Fly By Night,1975-02-15,Supernatural Classic Rock,6oghIlByD49KFGNmNU8GSH,rock,classic rock,0.501,0.702,7,-8.543,1,0.0671,0.0872,0.000994,0.0671,0.58,139.096,202200
0FC7eAz8CW9HAWnBr8Yo42,Daylight (Airbeat One Anthem 2018),Fluex,50,2Rd9MkQmupPCqDMpHWFapL,Daylight (Airbeat One Anthem 2018),2018-06-22,Pop Warmup 130 BPM,37i9dQZF1DX3PIAZMcbo2T,pop,dance pop,0.631,0.939,7,-1.7,0,0.0398,0.0728,0.000187,0.319,0.353,128.048,191500
6jkN2Hn7H5qTLoJpoIolXk,Ridin,Hot Boys,30,6eUYT38tLl7YwqZFJm1Ulb,Guerrilla Warfare,1999-07-27,Southern Hip Hop,3R5c1OfJY7Rzl3p28pzGtL,rap,southern hip hop,0.691,0.875,10,-5.804,0,0.0737,0.0633,0.0,0.343,0.795,87.343,299667
1Da2lHU95BdwjkViCcMgvp,The Chase,Bjørn Riis,0,07PtXaOG1ju3KA6sGzMrVd,Lullabies in a Car Crash,2014-11-03,Progressive Rock / Metal - Rock /Metal  Progresivo,7GhTpb4eOp6403Bmgqz3db,rock,album rock,0.404,0.293,9,-15.131,1,0.0319,0.0151,0.844,0.151,0.0545,99.94,428000
62csqLJbdvAKb38rYijV1R,"Work Hard, Play Hard",Wiz Khalifa,48,2KFGe5xJzWHUuwxfbdIfjb,"Work Hard, Play Hard",2012-04-23,Hip-Hop 'n RnB,0275i1VNfBnsNbPl0QIBpG,rap,southern hip hop,0.818,0.675,11,-4.176,1,0.0655,0.118,1.65e-05,0.262,0.47,139.977,220714
0qRZ9ydGdzeVk3S01pLGoJ,You & Me,Marc E. Bassy,3,0R8jDmiHpy4QJBOJjQ7rmc,You & Me,2016-05-06,EDM/POP,6gHk5RFrnALbDNJdaXKivi,edm,pop edm,0.687,0.645,1,-8.38,1,0.19,0.0362,0.0,0.201,0.619,84.925,218480
4lDnze4JwIxRlN77meRYue,Wait A Minute,G Unit,11,0YNVnWPEkIqNevJWarbuOh,G To The Street,2017-02-10,Gangster Rap | 100 % Gangster,2e0d7otcM1oyecfi3zZPWk,rap,gangster rap,0.719,0.683,11,-5.269,0,0.315,0.0908,0.0,0.366,0.455,140.105,171572
7rLueW1eSGQhAf9MruvO3d,That's Just Me,Ameba,49,01SkyAcTlSdHNE6Vm8z6tq,That's Just Me,2019-06-10,Lofi Hip-Hop,37i9dQZF1DX36Xw4IJIVKA,rap,hip hop,0.713,0.307,10,-9.657,0,0.13,0.487,0.386,0.121,0.359,170.033,90384
2QJnTfMpNG05KFf2E3gVIJ,Go Hard or Go Home,Wiz Khalifa,61,7hTMaPfK488vRcC1Ar4bOm,Furious 7: Original Motion Picture Soundtrack,2015-03-17,RAP Gangsta,1Z1gW89x4MSBjkvVjGg7DQ,rap,gangster rap,0.651,0.741,4,-5.067,0,0.0408,0.00293,1.2e-05,0.217,0.386,168.02,232773
3vKqNw4TfDPY2UcWosAscs,Very Nice People,DJ Mibor,43,5SqULWKwqf6knpJQ6HD73V,Very Nice People (Electro Swing),2019-04-05,Electro Swing,3Dr4NKbsFQ2m7tmPxGRroO,edm,electro house,0.797,0.9,5,-5.39,0,0.278,0.077,4.36e-05,0.118,0.944,124.077,182419
6Ie9yuocD61v7hrh02moc6,Flash Light,Parliament,12,38d6Ea87Hc9x5SpEp5Xij6,Funkentelechy Vs. The Placebo Syndrome,1977-11-28,The 1950s/1960s/1970s/1980s/1990s/2000s/2010s with pop/r&b/soul/boogie/dance/jazz/hip hop/hop/rap.,1S7BckuYIkEazeNKOSM0uA,r&b,urban contemporary,0.704,0.735,10,-10.426,1,0.0594,0.28,0.149,0.475,0.681,105.182,346667
1JC4niMbshPlor1BPagn2L,Upside Down,6cyclemind,58,1Im5BTDBghgM0NG75SaiC3,Home,2007-01-15,Pinoy Classic Rock,37i9dQZF1DWYDQ8wBxd7xt,rock,classic rock,0.582,0.492,3,-7.448,1,0.0248,0.582,1.48e-06,0.137,0.429,76.255,324693
5kX5gD4ygSg30DG18iAC5E,Gangsta Of Love,Ballin Entertainment,0,5L1xcowSxwzFUSJzvyMp48,Ultimate Freestyle Mega Mix,2008-04-20,Latin Hip Hop/Freestyle,2MYEUjX0YAI9dxrBDzoCK7,latin,latin hip hop,0.718,0.671,0,-12.552,0,0.109,0.0728,8.79e-06,0.318,0.772,130.844,169169
6AWKtjjv0R9WnYXqbokH12,No Te Dejas,D-Note The Beatllionare,63,3zdAhanGm7xulzQfEw9O0f,No Te Dejas,2019-11-15,Flow Selecto,37i9dQZF1DX4OjfOteYnH8,rap,trap,0.859,0.73,0,-4.472,0,0.0634,0.24,1.36e-05,0.0821,0.623,92.018,219457
0vZCG0H9KhtU7K8MEUVAoV,Tsunami,DVBBS,59,7p38vlEZaMNySKQVSSWUm8,Tsunami,2013-09-02,BIG-ROOM NEVER DIES !,4QtO2XySphMOJt7pX0yaVi,edm,big room,0.699,0.839,4,-5.353,0,0.0481,0.0483,0.655,0.0897,0.264,128.026,236706
4tYpYYoOI7WDxbCnPninwE,Black Cat,Janet Jackson,43,4OD3LU6001esAtFshDX46M,Rhythm Nation 1814,1989-09-19,80s-90s R&B / New Jack Swing / Funk / Dance / Soul,3X4HmijjKdwwLonCrOOEAZ,r&b,new jack swing,0.705,0.913,4,-7.253,0,0.0484,0.103,0.00111,0.216,0.665,114.959,290573
6rO7Ljvkmj4ESCIcGEsVdT,Rabbit Hole,CamelPhat,68,0wbVjt576xO0PkrlKMhEq3,Rabbit Hole,2019-11-08,💊ELECTRO-HOUSE-TECH💊,0AFYmoSuoMQiGGjzvBwr6u,edm,electro house,0.603,0.865,9,-6.913,1,0.034,0.00991,0.0227,0.203,0.287,123.987,189498
1uwTmwkjv7wFImfzegvdI6,She Hates Me,Puddle Of Mudd,4,4WAujFDGR5UdnGpK0tKy2v,Come Clean,2001-01-01,Workout Hard Rock,4TG1lzMD9HFvZ9E1Bk6Gnu,rock,hard rock,0.575,0.746,4,-5.393,1,0.0326,0.00875,0.0,0.768,0.607,109.789,216640
7tUEDtHchueeUJTfEFEhii,Right Here - Human Nature Radio Mix,SWV,59,2BBrAtWY0c6dPio5b2JYFK,It's About Time,1992-10-27,New Jack Swing/ R&B Hits: 1987 - 2002,4sji14lrB5bgcr51lPALYH,r&b,new jack swing,0.615,0.72,9,-5.16,0,0.0658,0.068,0.0105,0.0889,0.696,94.002,226947
7rxrTyHE6wCoWEThKZ4ltj,君はIN the RAIN,オメガトライブ,23,0rKp7KsPDhyl7saBEKGxE4,First Finale,1985-12-11,City Pop 1985 シティーポップ,3j2osvmecEao5nmo9jZ5df,rock,album rock,0.676,0.632,7,-5.467,1,0.0267,0.534,0.0,0.223,0.608,101.497,273467
6TFKclwGeJRTeZdY97XqPG,93 'Til Infinity,Souls Of Mischief,0,3RHjlzQbBixfj7mgmLDbFM,Late Night Tales: Another Late Night - Zero 7 [Remastered] (Remastered Version),2012-03-23,Smooth Hip Hop,7ozFIvz1bE1HPgQTUl5qfT,r&b,hip pop,0.573,0.761,1,-8.408,1,0.38,0.111,0.0,0.156,0.674,206.117,285547
3YUK6HxkymcP7w76uFfn3w,B.L.O.W.,Tory Lanez,47,4plb9fokp62xibT3hu8JoR,B.L.O.W.,2015-09-04,Urban/Trap - Contemporary RAP,5CK0fshHcik1vWyeCc0zat,r&b,urban contemporary,0.673,0.692,1,-7.099,1,0.349,0.0298,0.0,0.105,0.276,129.813,280173
6jMNEGB4wjPH2CTZYZpktJ,Sandstorm,Pig&Dan,19,3yNhOHpWEHuCysjWkpmzZf,Faze #35: Pig & Dan,2015-02-20,💊ELECTRO-HOUSE-TECH💊,0AFYmoSuoMQiGGjzvBwr6u,edm,electro house,0.774,0.702,7,-11.23,1,0.0911,0.000263,0.936,0.111,0.0396,125.0,467124
69CoL4qoSXH3bApbvFKJf8,Se Siente Bien,Dragon & Caballero,20,5hFHnxPQRydYpjQXczFWEw,Dragón & Caballero,2012,Latin Pop antiguo,4BmnnqWEQAamNoVjtjrQJP,latin,latin pop,0.766,0.734,9,-6.552,1,0.0577,0.489,0.0,0.184,0.901,96.019,241680
6vHJpgX1QTYa9SVXankGVR,Comforter,Shai,44,1BSzAkEW5ZE2QsBScQgoAb,If I Ever Fall In Love,1992-01-01,New Jack Swing/ R&B Hits: 1987 - 2002,4sji14lrB5bgcr51lPALYH,r&b,new jack swing,0.725,0.384,7,-12.64,1,0.0317,0.00569,0.00022,0.158,0.497,121.9,250600
6dugx9WBSS8TDxbKqp9zmj,Scatman's World,Scatman John,54,2MRWFajfjxfLAF3wwmdv5j,Scatman's World,1995-06-01,90s Dance Hits,50cXvxgMGrvoUeLhkzCyIO,pop,dance pop,0.703,0.874,11,-10.801,0,0.0566,0.0705,4.84e-06,0.0947,0.939,146.987,225133
0C3Y9kst8c4UmLzomWeTTw,Big Ting Vibe,SQWAD,40,0fFjsq2nFfCoqXlCjI3O3W,Big Ting Vibe,2019-11-29,ELECTRO HOUSE 2020,1N5dPU0Ca9N9AwBbUeyzX5,edm,electro house,0.858,0.943,1,-4.358,1,0.0663,0.000759,0.389,0.11,0.716,125.988,171429
1tjHKKI0r82IB5KL29whHs,Panic Station,Muse,61,3KuXEGcqLcnEYWnn3OEGy0,The 2nd Law,2012-09-24,"Muse Radio - (Uprising, Starlight, Supermassive Black Hole, Madness)",0dAbaJtkS9st5o0cBe1Zcu,rock,permanent wave,0.671,0.766,2,-3.1,1,0.0378,0.00224,0.000154,0.159,0.726,104.99,184200
0OWcpVA83HI8Pb5DybDuoX,"Tumbando el Club (feat. C.R.O., Obiewanshot, Ysy A, Cazzu, Khea, Lucho SSJ, Coqeéin Montana, Marcianos Crew & Duki) - Remix",Neo Pistea,69,36ehOw44KSj8riww8Eamd8,"Tumbando el Club (feat. C.R.O., Obiewanshot, Ysy A, Cazzu, Khea, Lucho SSJ, Coqeéin Montana, Marcianos Crew & Duki) [Remix]",2019-03-27,Trapperz,37i9dQZF1DWUmxBdWX3Pp4,rap,trap,0.882,0.777,5,-4.445,1,0.0504,0.354,0.0,0.135,0.533,121.985,456940
2sRhe52xJklfzRIe0K6puw,Voy Por Ti,Cali Y El Dandee,76,0iyiWtliuM7sp898Z589iz,Voy Por Ti,2019-11-08,Latin Pop VIP,37i9dQZF1DX1QnNyJOBQBv,latin,latin pop,0.722,0.852,8,-3.436,1,0.093,0.0276,0.0,0.1,0.775,179.962,212133
11OyQRCOBtmQqD3Nq3UtMq,I Want Your Love,Dez Money,34,3U64tP9twOZr8LP033SFn9,I Want Your Love,2019-08-09,"Classic Rock 70s 80s 90s, Rock Classics - 70s Rock, 80s Rock, 90s Rock Rock  Classicos",3Ho3iO0iJykgEQNbjB2sic,rock,classic rock,0.543,0.818,5,-6.452,0,0.0464,0.00761,0.0115,0.0961,0.334,124.979,243382
3kDNbgnKWe8rd7DL34tQwt,The Motion Of Love,Gene Loves Jezebel,42,4PQDI71zfqLXPs24SXALdQ,The House Of Dolls,1987-10-12,Permanent Wave CHDB,2foj4ZYVHRGqSd1aMqNPBj,rock,permanent wave,0.565,0.73,11,-12.817,0,0.04,0.0441,0.0,0.128,0.692,111.563,233400
5aFLEMNvORv8MXpd4lR0HQ,So Many Tears,2Pac,0,5ASoLiKB7ffqusD9X9wQlS,Me Against The World,1995-01-01,Ultimate Throwbacks Collection,1dsaMvnC1hXPCNGC4aVtjj,r&b,new jack swing,0.897,0.606,1,-7.605,1,0.178,0.0171,1.93e-05,0.0756,0.588,92.709,239227
1KTu92zFjElqc3h20XCwE3,Vibe,Frank Pierce,49,4daBvAlkuah7xxlyIylWJK,Vibe,2017-05-26,Tropical House Run 190 BPM,37i9dQZF1DWSTc9FdySHtz,latin,tropical,0.687,0.865,7,-5.501,0,0.0335,0.00821,0.000102,0.156,0.601,94.01,191489
6379OM1UeWonOckjr8ikLh,Bagsakan,Parokya Ni Edgar,54,0SudJuJEQweUzqF3hzeRGx,Halina Sa Parokya,2005,Pinoy Classic Rock,37i9dQZF1DWYDQ8wBxd7xt,rock,classic rock,0.781,0.943,7,-5.738,0,0.101,0.246,8.02e-06,0.253,0.651,135.005,207933
1ABQYz6PtpVzq6yiJyRkI0,Forget you,Skyverse,18,70ysKl4k2zHmwjguU42H8J,Forget you,2019-10-18,The Edge of Indie Poptimism,5vIdb67lQcdFwoVkE4UMep,pop,indie poptimism,0.276,0.499,1,-6.017,1,0.0315,0.842,0.311,0.194,0.0438,117.597,200000
77h8UXtbg4cX1JkVge5lgg,Posted,Pac Div,40,1GB5S1s6OvOHP9gS997gaA,The Div,2011-11-08,Southern California Hip Hop Primer,206vi9Q0p3juAU73flxPsz,rap,southern hip hop,0.656,0.729,5,-4.342,1,0.205,0.0229,0.0,0.12,0.0855,72.418,188690
3VeuvRWfJLSOzeVPrgi5MR,Night Drive,Ari Lennox,62,1x6E0JYj6wKFHfZQFQCpnU,PHO,2016-10-21,Urban Contemporary,4Pbs84EQbuAblxlp6Chz0d,r&b,urban contemporary,0.816,0.433,6,-6.372,1,0.177,0.0717,1.42e-05,0.12,0.713,129.852,150133
1Ej96GIBCTvgH7tNX1r3qr,Otro Trago,Sech,84,3TgOrQ3p23Af8zSsxK8fdX,Sueños,2019-04-19,Tusa - Karol G | China - Anuel AA | Estrenos Reggaeton y Música Urbana 2019,0T47pLnihK4xB8Bk9IQ0Dv,latin,reggaeton,0.747,0.7,0,-4.669,1,0.341,0.136,0.000167,0.11,0.62,176.036,225933
6oxTmdk5xBuOTgUMKEqBKu,So Into You,Antonio Neal,3,3icoAAVGNhGt188pwJCcFu,Praise Life: Beyond 1.0,2006-01-01,Gospel Neo Soul,2wP2UAYC4Nqb6oUXkMJlAz,r&b,neo soul,0.606,0.605,1,-5.324,0,0.0493,0.13,8.2e-05,0.132,0.542,157.998,236467
64qR1c346RgygCkO5Eua4k,This Is Our Night - Original,Sander Kleinenberg,6,5xeUGbqmCuLzCmNVejRc3h,This Is Our Night,2009-07-09,Electro/Progressive/Club House,1HtnPDj2V126xB9tJP786P,edm,progressive electro house,0.805,0.461,1,-9.199,1,0.0543,0.00113,0.668,0.0938,0.264,125.006,415603
1dM25yro2mjIAO5D1SvFDr,Welcome To The Jungle,Guns N' Roses,0,32OnHglDZr3RRIAyDVoApX,Greatest Hits (EU Version),2004-03-15,Classic Hard Rock,1gAeQGQ7hr2q7IYmaejDW6,rock,hard rock,0.438,0.98,8,-4.963,1,0.102,0.0258,0.462,0.279,0.326,123.407,271867
4Li11MpKTxPq9m8CnbqI0c,Feeling Myself,Tdot illdude,16,5ooRcemHPlhP5BVwXdPvmS,Feeling Myself,2014-12-13,Urban/Trap - Contemporary RAP,5CK0fshHcik1vWyeCc0zat,r&b,urban contemporary,0.719,0.794,3,-4.655,0,0.0695,0.103,0.0,0.0784,0.244,120.001,179069
4sHQ8z0qNXav4ajC8WtKKy,Need a Little Time,Courtney Barnett,45,6dWD9BmFPTaOGP0SO7NJyM,Tell Me How You Really Feel,2018-05-18,Permanent Wave,5Go0Jsxj1UnsU7Om841BEo,rock,permanent wave,0.542,0.629,0,-5.879,1,0.0307,0.0139,0.00191,0.131,0.319,101.906,238253
35KNVXfDELwHrfv1GCgcRl,You Say - Edit,Andy Kulter,10,0rZWWiWUPk7HwVqsLoYWHB,You Say,2018-01-25,Deep Electronic Music 2020 & Progressive House,5CMvAWTlDPdZnkleiTHyyo,edm,progressive electro house,0.694,0.725,7,-6.166,1,0.0474,0.00159,0.257,0.0864,0.688,122.996,194514
7nV3aBATIajtwj9FK5Gf9I,Tunisia,Stefan Bors,39,0i7KuKTeuEnzAKqlW8M9mV,Tunisia,2020-01-03,[EAS]: Festival Big Room,71UHE27ayQs8ZDxQwY0cY1,edm,big room,0.312,0.939,1,-4.368,1,0.0643,0.000157,0.347,0.101,0.0389,140.005,170156
76Csg9kMXlVY4mjKtohf3e,JAMMU - Original Mix,KSHMR,0,3bk9lZxp4ptwBIFtk7rKZx,JAMMU,2015-06-29,Big Room House | Festival Bangers,5Bx5niVgi3qGQQw06C0RKq,edm,big room,0.641,0.633,4,-4.889,0,0.0546,0.00414,0.0116,0.11,0.152,128.013,235764
1DUsMfwwgEEyOYBXaZNVs3,Runde um Pudding,AchtVier,31,0cSA7FdN1KsIgeUIxAS5XD,"Der alte Achti, Vol. 1",2017-12-08,Gangster Rap Deutsch,1qXg9ck25tBRxeXsj8mbDG,rap,gangster rap,0.753,0.88,4,-4.241,0,0.327,0.165,0.0,0.0948,0.23,98.006,166531
1tQ5TSr1tyeQUbHKBee0jv,Here I Go Again,Whitesnake,53,0Z5nu6FcdcWtmzvQ7uK0qJ,Whitesnake's Greatest Hits,1994-07-04,80's Songs | Top 💯 80s Music Hits,65HtIbyFkaQPflCa4oW8KO,pop,electropop,0.484,0.877,7,-5.434,1,0.0337,0.151,0.00017,0.14,0.687,92.975,232800
45iX8CSw3DW9rLYQek5rF4,I'm In The Mood - East 87th Street Mix,CeCe Peniston,9,7BPddGH0q5GDArin4zOCgn,20th Century Masters: The Millennium Collection: Best of CeCe Peniston,2001-01-01,New Jack City,6RLvj5OnEuPzI1P02KwnzK,r&b,new jack swing,0.742,0.83,6,-7.397,0,0.0518,0.122,1.13e-05,0.213,0.737,102.697,251867
0oX2JtPUzUWLpZrD9sGwkU,Colo,Renan Cavolik,34,1eJ0hksRd4J3AkmFpXATgf,Colo,2019-05-24,Orgulho Tropical,37i9dQZF1DWZ8fJXMbebf9,latin,tropical,0.576,0.669,9,-6.053,0,0.0423,0.185,0.0,0.106,0.568,149.88,197077
3SADw9igVOXqZkvyrjfYiq,Esa Fuerza,Javiera Mena,0,3BEtvyK449N9l2NiXsjSmq,Otra Era,2014-10-28,This Is: Javiera Mena,37i9dQZF1DWSOvcBNdfJ87,pop,electropop,0.613,0.892,10,-5.601,1,0.0324,0.00135,0.000274,0.105,0.537,128.99,273522
1DTRyqSQ6CfDs46Ft9vUpR,Mary Go Round,Musiq Soulchild,38,2RmMKj20xouC3Mqq1CyZ3c,Aijuswanaseing,2000-01-01,Neo-Soul / Soulful R&B,4F3xAxHxeBwXhK6k6GPnrW,r&b,neo soul,0.554,0.472,0,-8.215,1,0.285,0.305,0.000492,0.119,0.497,141.283,221240
6wRmGNg0GbroG27dV3Z4q9,"Honey, I'm Good - Club Mix",Andy Grammer,31,3ObdEDUbf3LppQEX0deQPV,"Honey, I'm Good (Remixes)",2015-08-21,@deniceemoberg EDM - POP REMIXES,2fbrY1tuoW8Uji14H7623k,edm,pop edm,0.68,0.862,9,-6.51,1,0.0404,0.169,0.0,0.252,0.325,123.048,207053
3n0VgOwlCp8cdSWqN9GnwZ,Fading,Vacation Manor,3,5tFhbKshkKuZxYTvQTNgET,Fading,2017-09-29,Indie Poptimism,21nxmipQe5xtXoHHPaYfnY,pop,indie poptimism,0.496,0.79,9,-5.162,1,0.0412,0.000448,1.01e-05,0.316,0.58,152.102,202581
0lnxrQAd9ZxbhBBe7d8FO8,MMMBop,Hanson,65,3StpQT9Qd87FSeWeQAdg1h,Middle Of Nowhere,1997-01-01,Permanent Wave,2ExyzXAbukW7I8bDqdGvPB,rock,permanent wave,0.683,0.937,9,-6.335,1,0.0449,0.00481,0.0046,0.07,0.619,104.872,268653
1H5WimCdM8ipvWdPADYodN,Kung Fu,Kenneth G,18,00Q2DyNThd3k0CrmAs2fNG,Kung Fu,2016-01-29,BIG-ROOM NEVER DIES !,4QtO2XySphMOJt7pX0yaVi,edm,big room,0.561,0.95,6,-5.643,0,0.0523,0.000742,0.718,0.115,0.462,127.941,236250
4KOjtG3BcHOJbfuGARHPcT,Bliss,Th' Dudes,52,5PsviSL4xfckuO3XUS1Vgt,Where Are the Boys,1980-05-01,keg party jukebox,4PjiT7SWnUsTTTvKOuR76f,rock,permanent wave,0.446,0.614,6,-9.82,0,0.0379,0.203,0.0115,0.361,0.779,132.05,299853
3dCEtkAfWhk15bLAWZAKLy,D'estate non vale (feat. Ana Mena),Fred De Palma,44,1gWvTwiCaLkpvqMsfKgrFW,D'estate non vale (feat. Ana Mena),2018-06-15,VidaLoca - Latin / Raggaeton / Hip Hop ©,7EPbNmUW9nkRplDLSN9te4,latin,latin hip hop,0.658,0.748,11,-5.802,0,0.142,0.0852,0.0,0.0789,0.69,179.919,157176
6E1OJ2yc8uxlwDDNHC1LVx,Nothing To Hide,Boombox Cartel,47,2W50SMws1B3adBoEDmwA0t,Nothing To Hide,2019-03-08,Pop EDM,5EgzhnSirHRvu1AqlFLllv,edm,pop edm,0.494,0.867,7,-4.534,1,0.0857,0.0431,5.45e-06,0.109,0.265,144.91,218690
0o9bHFc8Lt5tZFvTjNZTNf,Forever Young,John De Sohn,68,0nLD2ahCOhs0ovmz6ZfFdE,Forever Young,2018-07-27,Dance Pop Hits,37i9dQZF1DX6pH08wMhkaI,pop,dance pop,0.651,0.617,8,-6.077,1,0.0309,0.179,0.0,0.113,0.591,121.977,167912
3qBtltssunsFuzn6DxXI0b,Margarita (con Marracash),Elodie,70,3Hodxa6DSmFqdHpf1CCgs0,Margarita (con Marracash),2019-06-12,Musica Italiana 2020 - Playlist Pop & Hip-Hop (Canzoni Italiane 2020),6kVFIQBhLT4003iw2WWEv1,r&b,hip pop,0.834,0.668,11,-7.069,0,0.0949,0.0517,0.0,0.044,0.755,95.996,177813
02rbSCTm2smTIZ6d8im2NP,This Is How We Party (with Icona Pop),R3HAB,60,43qpL2ImleGrgxCEHLAA4p,This Is How We Party (with Icona Pop),2019-02-08,Fresh EDM | Progressive House | Electro House | Trap | Deep House | Electronic | Future House/Bass,0FCHg9zJMNNiOokh3hVcxd,edm,progressive electro house,0.802,0.803,4,-5.428,1,0.153,0.0572,1.06e-06,0.269,0.339,118.997,147605
2CuXNmzClkDWeTl6AsXBMt,Who's Laughing Now,Hollywood Vampires,33,0tbq3LgCA3BlNKLZ2E0vOO,Rise,2019-06-21,Classic Rock Now,37i9dQZF1DX0fWtUuB7bFE,rock,classic rock,0.556,0.913,9,-3.885,1,0.0352,0.00264,0.00652,0.521,0.618,127.99,249960
36MAwMm94K15Zrc2DrSxGE,Sensitivity (Ralph's Rap),Ralph Tresvant,15,59xCSAdPeDW21sCrkE6B6c,Ralph Tresvant,1990-01-01,New Jack Swing,4nX6BscFtR1CozSCfv2cuR,r&b,new jack swing,0.808,0.745,4,-11.242,0,0.101,0.00674,0.017,0.0684,0.655,96.744,298907
43ZeyBuql1TboyWE3ElHXj,In Time,CAZZETTE,49,3FDjCuh7MQxohzIfMV93Mq,Stereo Mono,2018-10-12,Pop Warmup 130 BPM,37i9dQZF1DX3PIAZMcbo2T,pop,dance pop,0.651,0.711,3,-5.062,0,0.0378,0.111,6.13e-05,0.0488,0.425,125.089,191954
6DbqCKweKwVkHgRv1CI53D,"Pop, Lock & Drop It - Video Edit",Huey,55,2o5LE6Q7svPXHmwM75xWbv,Notebook Paper,2006,The Sound of Southern Hip Hop,18jT9NMRZifv6cMtK2jWD4,rap,southern hip hop,0.723,0.644,11,-6.863,0,0.222,0.00308,0.0,0.352,0.645,144.09,261027
36KGBIsobZCsLcZamffF1T,Wszystko co mam,Otsochodzi,53,5Hb1jONBOFkgQQihLEbJkI,Wszystko co mam,2019-12-04,Generacja Hip Hop,37i9dQZF1DWXJnyndhASBe,rap,hip hop,0.589,0.737,7,-6.08,0,0.18,0.425,0.0,0.208,0.615,146.05,189041
1iqbvOlfRIkVsk6L54ufGu,Heads High (Kill 'Em With It Re-Mix),Mr. Vegas,33,5gHtG5mxSNjyNKIHK4aGv7,Heads High,1998,Latin/Hip Hop/Dancehall/Soca,2rg9LCyvaMQvnCE2hVndpR,latin,latin hip hop,0.911,0.949,1,-5.509,1,0.173,0.69,0.0,0.27,0.927,93.672,291760
6vhSIjj1M9HU9OnOi8sdqX,Verbania,Wun Two,44,7GBktDLN4nG7Ek5xeQllDX,Verbania,2020-01-10,Jazz Vibes,37i9dQZF1DX0SM0LYsmbMT,rap,hip hop,0.61,0.341,7,-11.056,1,0.0499,0.179,0.807,0.113,0.69,146.005,124932
4cRtsgJHnz4UaUnHGfDrxB,savacu,Wun Two,50,2aSyjMCNufgz4g59aM25UA,bird of paradise,2016-07-17,Lush Lofi,37i9dQZF1DXc8kgYqQLMfH,rap,hip hop,0.636,0.148,8,-13.895,1,0.0815,0.247,0.748,0.111,0.565,80.96,94815
2a3oa2Z4QhB61uueut9ww9,One Little Christmas Tree,Stevie Wonder,48,1KVi81lvCshX6TViDnh1Po,Best Of/20th Century - Christmas,2004-01-01,Christmas Soul,6FZYc2BvF7tColxO8PBShV,r&b,neo soul,0.353,0.354,10,-13.448,1,0.0575,0.797,0.0,0.582,0.71,90.563,167413
6g1NlCpW7fgqDnWbCCDrHl,Wake Me Up - Radio Edit,Avicii,25,02h9kO2oLKnLtycgbElKsw,True,2013-01-01,Pop Inglés (2020 - 2010s)💙 Música En Inglés 2010s,4QAzO1Z92yqqD6Mf3mOANu,pop,dance pop,0.532,0.783,2,-5.697,1,0.0523,0.0038,0.0012,0.161,0.643,124.08,247427
2c3z8TYNaMnzeyppLfvrtf,Mr. Big Stuff - Remix,Heavy D & The Boyz,28,1IMtIoqVIyoIIh212qPQro,Living Large,1987-10-25,Minitruckin Playlist,0VVH2Nzj6kBVGK3WIUQMAw,rap,southern hip hop,0.723,0.484,7,-16.293,1,0.368,0.00318,0.00529,0.0785,0.731,201.262,202933
1k82KNC5Ds6HRUXbf6EaHE,What's On Your Mind - Pure Energy,Information Society,1,1DkvggCdd36Kr3ZtXqLk8l,Information Society (CD+G),1988-06-15,80's Freestyle/Disco Dance Party (Set Crossfade to 4-Seconds),1oReEujyWpQv2OX68BVPPA,latin,latin hip hop,0.766,0.734,0,-11.217,1,0.056,0.00665,0.0238,0.209,0.753,118.221,275533
6nn6GW5dMrdx2wYRmHmfyL,Mammoth - Original,"Dimitri Vegas, Moguai & Like Mike",31,39vWIvcvAv0hEJrpaVieDg,Mammoth,2015-02-01,Big Room House | Festival Bangers,5Bx5niVgi3qGQQw06C0RKq,edm,big room,0.634,0.849,4,-5.98,0,0.335,0.00123,0.216,0.37,0.455,128.004,332533
5lFy4eLLPsaMYNKKbNSXVX,Pharaoh,Helion,28,6tXFeFb3n6WfqJYMhMZp4h,Pharaoh,2019-10-18,Bounce United,08QTrfsYYouffgnPjmllAQ,edm,big room,0.683,0.928,2,-3.928,1,0.0416,0.00246,0.912,0.227,0.255,138.052,160928
4IMyXN5fxdQib60dcLBwza,Rocket,Mike Williams,51,6EesigxR3A2PIw24U7cpsS,Rocket,2018-09-21,Epic Bass Drops | Best House Mixes,4IS7o1utOzhimFEFnj9gmu,edm,progressive electro house,0.579,0.789,7,-4.668,1,0.0318,0.0415,0.000268,0.705,0.453,128.041,172608
4KuO26KOVzDiciB8Z9NHZX,One Of These Days,Room Eleven,1,3QabF0a0uBXQO3Oe1t7WoW,Six White Russians And A Pink Pussycat,2006-01-01,Neo Soul / Modern Jazz / Smooth Hiphop,07SNJ4MwYba9wwmzrbjmYi,r&b,neo soul,0.685,0.499,7,-9.671,1,0.0373,0.365,4.34e-05,0.183,0.722,102.902,227400
13UKSWQZOcHltJ7QBiR1Xt,When You Need Me,Silent Child,46,4KhfLF8cKqrfL6ud6yTJUw,When You Need Me,2019-11-29,Trap Nation,0NCspsyf0OS4BsPgGhkQXM,rap,trap,0.452,0.634,1,-5.627,0,0.141,0.495,0.0,0.143,0.198,80.036,192938
7ks6AZmFcm3Y6PGGxGSmlB,Where Them Girls At (feat. Nicki Minaj & Flo Rida),David Guetta,69,4bTjdxhRRUiWfwj200f9Kl,Nothing but the Beat (Ultimate Edition),2012-12-07,ELECTROPOP,2UsEj2GUukV0GLbsE3rldz,pop,electropop,0.666,0.876,3,-3.078,1,0.0414,0.055,0.0,0.259,0.552,129.884,194840
7y6c07pgjZvtHI9kuMVqk1,Get It Together,Drake,69,1lXY618HWkwYKJWBRYR4MK,More Life,2017-03-18,Urban Contemporary,4Pbs84EQbuAblxlp6Chz0d,r&b,urban contemporary,0.781,0.721,5,-9.133,0,0.0514,0.0945,0.391,0.104,0.849,123.011,250337
4N5qvaVICVIRxBXGW3FwGa,A Ella,KAROL G,57,7iaqLuLOgTXPaxEziNjbsu,A Ella,2017-05-05,Reggaeton Rewind,37i9dQZF1DXco4ODkIraMD,latin,reggaeton,0.73,0.769,2,-4.936,1,0.178,0.244,2.06e-05,0.136,0.594,181.931,198720
3bHhUEOTIbezeZ856R0BX5,Society,Eddie Vedder,67,13xlpKbai3GGoMSr75lOeX,Into The Wild (Music For The Motion Picture),2007-09-18,The Sound of Permanent Wave,4EYSGTuqe9cVfSVpX4gtGv,rock,permanent wave,0.561,0.327,11,-10.835,0,0.0327,0.902,0.000469,0.111,0.298,161.861,236307
4lun2dqyRS6RL59sew7CAr,slow motion,flor,52,0gSkJ8vX0yW1mkNKORxhMP,ley lines,2019-09-06,2019 in Indie Poptimism,16RNbqnNCCLlBJti7JU5nc,pop,indie poptimism,0.702,0.658,1,-5.522,1,0.0262,0.00844,8.11e-06,0.232,0.773,103.025,183760
45cOIUfSBmCvDBofEFO4e7,Sunshine,ARTY,22,6sm9htDe9ovkaokZdtg5oz,Sunshine,2019-05-31,"Festival Music 2019 - Warm Up Music (EDM, Big Room & Progressive House)",73uj4YmsC7SJ6SbUMTvf07,edm,progressive electro house,0.524,0.959,2,-4.585,1,0.0555,0.000678,0.528,0.167,0.312,125.978,180952
0b0zGvHMcVmMgy8ZIBVh5g,J'ai rendez vous avec mon âme (feat. Clémentine),Bart & Baker,37,4RBX3Tgn9ohBiLOpC72gme,Clémentine Sings Bart&Baker : J'ai rendez-vous avec mon âme,2017-02-24,Electro Swing,3Dr4NKbsFQ2m7tmPxGRroO,edm,electro house,0.752,0.722,0,-7.507,0,0.207,0.0263,0.00396,0.0644,0.557,119.834,230507
3YreXzJAZRrchO72v5G5K9,RedRover,BONES,49,1H9j7RDcI6mLtbnRbJX23F,UnderTheWillowTree,2019-05-03,Gangsta Rap 💎 Rap Party,0BwUQpqHSlC2YfKwOp2dQV,rap,gangster rap,0.552,0.598,6,-9.529,0,0.0983,0.000423,0.139,0.0805,0.442,77.567,123625
421leiR6jKlH5KDdwLYrOs,Dance Monkey,Tones and I,43,5i6CS5XcLZGLgaNCKlJvc2,Dance Monkey,2019-05-10,Pop - Pop UK - 2019 - Canadian Pop - 2019 - Pop,46Cl6dmeiylK6TRGXr7hHe,pop,post-teen pop,0.824,0.592,6,-6.4,0,0.0969,0.693,0.000158,0.178,0.54,98.074,209755
1IBoVcXHGZA4oVNRubqcLe,Feels Great (feat. Fetty Wap & CVBZ) - BKAYE Remix,Cheat Codes,33,1LrINg0k55qp2SkpFBp1Eg,Feels Great (feat. Fetty Wap & CVBZ) [BKAYE Remix],2018-02-16,Pop EDM Remixes,4aUEH3uhbofktrFkXOOaKj,edm,pop edm,0.446,0.777,0,-6.793,1,0.0706,0.159,0.00107,0.131,0.31,187.043,189947
0mUyMawtxj1CJ76kn9gIZK,Bad Day,Daniel Powter,76,4zhigAhPwqp43XVHBiVeQI,Daniel Powter (U.S. Release),2005-02-22,Post pop teen,222nc9tKxKhfZ2GBrOpwH3,pop,post-teen pop,0.599,0.785,3,-4.013,1,0.0309,0.448,0.00336,0.151,0.52,140.046,233640
0OMmiWMwsCNtpQ5aP6fdp9,These Are The Times,Dru Hill,51,6L5uROBQ5wy3MOPI334RHE,Enter The Dru,1998-01-01,90s R&B - The BET Planet Groove/Midnight Love Mix,7LjRWGUdOmBdPG1W1bga4i,r&b,new jack swing,0.718,0.477,9,-9.278,0,0.027,0.105,0.0,0.0964,0.382,109.99,248400
4h0Mdpmg9VXarbLIGPqJUs,Tonight's the Night (Gonna Be Alright),Rod Stewart,38,6z4jnK1fRHP80RJC8x9UFd,A Night on the Town,1976,70s Pop & Rock Hits and Deep Tracks,1uKFRCQYci8kVgMy3xzTVH,rock,album rock,0.517,0.717,11,-7.786,1,0.0541,0.425,7.33e-05,0.164,0.767,136.731,236173
6qLkMLUIkdtX34gHF9sPFL,After Hours,M-22,68,1LD7wfM8EYjricnmu1EpWQ,After Hours,2019-06-14,Club Mix 2020 🍹,7sq6nuruoMyDhEWkX2oYOg,edm,electro house,0.748,0.84,11,-4.537,0,0.054,0.0225,5.41e-06,0.139,0.68,123.974,164976
7ET8mcV3jlYSNj1zNF2wZa,Seré Discreto,Alex Soto,36,253qSxhK0pdX0bZJZxe7Pd,Seré Discreto,2019-11-15,Paraíso Tropical,2v41efarffe6iY8qpMK5Gj,latin,tropical,0.754,0.66,4,-5.358,0,0.0271,0.19,0.0,0.122,0.729,103.963,211091
3pzmGlzQeAkyjKEfR33yec,Talk to Me (Bearson Remix),Ghost Loft,34,4xRIx4NMCJ0Lryzj4VVHD2,Talk to Me (Bearson Remix),2015-02-10,Indie Poptimism!,4hKPJNFIhdAg4pAksn78FJ,pop,indie poptimism,0.5,0.69,11,-7.542,1,0.032,0.0379,0.0135,0.104,0.179,96.971,264742
7D5k2vI0Kcp84Kso4acpKc,Si o No,Victor Muñoz,38,52UGd9av3ImgY2RaWsthut,Minutos (Edición de Oro),2009,MIX LATIN POP°,6IS6XTdbS9qJZgfjNKgpB8,latin,latin pop,0.75,0.948,5,-4.143,0,0.0459,0.315,0.0,0.0816,0.945,119.948,209947
0nyrltZrQGAJMBZc1bYvuQ,Get Up Offa That Thing,James Brown,53,6MjOv3BeIjmht2ymtRih3s,20 All-Time Greatest Hits!,1991,The 1950s/1960s/1970s/1980s/1990s/2000s/2010s with pop/r&b/soul/boogie/dance/jazz/hip hop/hop/rap.,1S7BckuYIkEazeNKOSM0uA,r&b,urban contemporary,0.883,0.664,4,-10.395,1,0.411,0.225,2.3e-06,0.941,0.8,118.104,250200
5NK8jad728pj6YeqM5VJD4,She Talks To Angels,The Black Crowes,63,2NRRQLuW6j3EsoWpIl2MR3,Shake Your Money Maker,1990-02-13,Classic Rock Drive,37i9dQZF1DXdOEFt9ZX0dh,rock,classic rock,0.583,0.526,4,-5.781,1,0.0291,0.0634,0.000123,0.218,0.313,160.067,329400
1VgQ6AZ8tVV0uhvhH9usuj,Vértigo,Perotá Chingó,49,19MUIINT0CT8vfZwAGW3RR,Vértigo,2019-09-27,Vibra Tropical,37i9dQZF1DX3fXJqxGjuEP,latin,tropical,0.71,0.536,9,-10.84,1,0.0427,0.162,0.000275,0.135,0.919,146.947,206752
10mgRnVLwgGuQdTrRZsnQt,Lost Count,Walden Ash,31,6bQB8I0UNKtqKCSDUYnniM,Lost Count,2018-02-21,Rap Party 24/7 Radio / Gangsta Rap,4sGnz2x5tbHE2YlW1nemfb,rap,gangster rap,0.748,0.642,3,-5.689,0,0.0575,0.157,0.0,0.117,0.343,85.937,202371
39XhLzD0z9D5o0Ir9qQoN1,Manuela,Sharlene,57,4U7S6uqJxZcywLINu03Trl,Viaje,2020-01-10,Latin Pop Rising,37i9dQZF1DX8womvTyUjrN,latin,latin pop,0.731,0.621,7,-4.959,1,0.436,0.348,0.0,0.0773,0.751,174.007,203632
7D8pYXto5NeIm9Ti9ZiXs1,Arms Of Mine,CPRCRN,1,1iW2QdO3xBFsReA7jsvqtG,Arms Of Mine,2019-06-14,Lofi Hip-Hop,37i9dQZF1DX36Xw4IJIVKA,rap,hip hop,0.782,0.263,11,-19.737,0,0.0664,0.876,0.897,0.11,0.491,115.083,75103
2YnZA9UJFJoHM3BAUAmTHR,Speak To Me,Ari Lennox,21,59a2mrYYr9YRqYVeZLZ0iT,Shea Butter Baby,2019-05-07,Neo Soul 2019,44d7ppo4cggZJmzH2WOhAc,r&b,neo soul,0.814,0.509,10,-8.587,0,0.0744,0.285,0.00337,0.116,0.665,154.885,224636
6vZqCRNT1Xe8l1D95qlPzt,Fall in Love,Rob Stepwart,13,246E5OvV4QXhPrGOSj7vdb,Trip Stories,2018-11-27,House Electro 2019,72r6odw0Q3OWTCYMGA7Yiy,edm,electro house,0.596,0.698,0,-5.01,1,0.0623,0.0162,0.00689,0.157,0.347,127.835,198750
5izJoFeYASIvsVNtMSHSpi,I'm a Mess - Ofenbach Remix,Bebe Rexha,48,2bOEgcbLWKu6PbjVd4MvOH,I'm a Mess (Remixes),2018-11-30,Pop EDM Remixes,4aUEH3uhbofktrFkXOOaKj,edm,pop edm,0.678,0.823,11,-3.873,0,0.0325,0.0939,3.04e-06,0.177,0.498,120.038,164894
7KtB8hfz8uH2BFC7ua1cNr,3 Foot Tall,Classified,47,4Phezdn3RFjMqPeoHlr8BE,Classified,2014-09-30,A Loose Definition of Indie Poptimism,4ZO0wp9G8FA3X6oYNBzda6,pop,indie poptimism,0.609,0.742,11,-5.739,0,0.0989,0.25,0.0,0.641,0.523,75.892,220947
7wxeGWvf8HNuUeK4k06mOr,Opa,Dimitri Vegas & Like Mike,57,6Ds82KME1uLRZBx1V2JI5E,Opa,2018-07-22,Epic Bass Drops | Best House Mixes,4IS7o1utOzhimFEFnj9gmu,edm,progressive electro house,0.455,0.953,6,-3.784,0,0.0895,0.00988,0.329,0.247,0.243,127.284,206250
4mw8EFpRFtYBxLZ5Tso2kF,Come Back,Nate VanDeusen,37,57MO8RXyMKTeMlN1kT9TaT,Come Back,2019-03-22,Tropical House 🌴,06zrBJ5cts5aemZmqe80J7,latin,tropical,0.469,0.676,4,-7.456,0,0.175,0.546,1.48e-06,0.532,0.557,99.118,194400
4JwjzS9WFkWlpzGCwh82fn,Atlantic City,The Band,61,0RLw5OMSYJ9FNUJvBTfHzU,Jericho,1993-11-02,Southern Rock/Classic Rock,0QUlq0LMDVXSBtbyYLTyZh,rock,classic rock,0.648,0.525,9,-9.213,1,0.0241,0.466,1.5e-06,0.165,0.724,98.131,314840
3BtA1koBtnClfirgg4BpjI,Thief,Ansel Elgort,68,670Wu1a5a6gQx7MuasdqOc,Thief,2017-01-27,Electropop,2Z5cPJ6Z4EVZAfF08amjvL,pop,electropop,0.592,0.741,1,-3.792,0,0.0842,0.0251,0.0,0.111,0.379,180.038,220680
4J7CKHCF3mdL4diUsmW8lq,Under Control,Calvin Harris,72,48zisMeiXniWLzOQghbPqS,Motion,2014-10-31,Electropop - Pop,5TiiHps0hNCyQ6ijVkNZQs,pop,electropop,0.544,0.915,8,-3.405,1,0.0841,0.129,0.000914,0.115,0.51,126.094,184280
60rXUfCB6dAErFNNzfUs0J,Drunk,JØRD,45,6Db5sGg3tT550BqxW2tnxU,Drunk,2019-11-29,Electro House - by Spinnin' Records,4pVZ70y8vzzkn2GVwQbQw8,edm,electro house,0.74,0.945,7,-7.164,1,0.0638,0.0116,0.82,0.322,0.557,124.994,174720
7Izh7zLJGw1Nscd62Exxj4,Believer,Imagine Dragons,11,57lkUmA6WunanwJRN1RsGD,Evolve,2017-06-23,ElectroPop,0cuHKz65ZPqBX1brG8djlg,pop,electropop,0.762,0.787,10,-4.311,0,0.127,0.0537,0.0,0.126,0.691,125.067,204347
4njLEd40fsHHYdOOeO28ME,Heavy Is the Head,Zac Brown Band,3,6grM5fwdnKLfkBRClbw5mj,Heavy Is The Head,2015-03-07,Workout Hard Rock,4TG1lzMD9HFvZ9E1Bk6Gnu,rock,hard rock,0.508,0.923,8,-3.258,1,0.0392,0.000369,0.00171,0.0948,0.689,85.526,239760
3tr6MkViU8Pn3pAUZ8nr9J,Paranoia,Hostile Array,38,66firCKVJvVcpaKHKSJ2aH,Paranoia,2019-11-01,Hard Rock Workout,3YouF0u7waJnolytf9JCXf,rock,hard rock,0.42,0.961,4,-4.299,1,0.0904,5.76e-05,0.0236,0.287,0.477,165.056,230000
41SwdQIX8Hy2u6fuEDgvWr,10%,KAYTRANADA,70,5FQ4sOGqRWUA5wO20AwPcO,BUBBA,2019-12-13,Contemporary Urban,6wyJ4bsjZaUKa9f6GeZlAO,r&b,urban contemporary,0.794,0.757,6,-6.644,0,0.123,0.0267,0.000306,0.0621,0.615,107.99,186680
7ufDF5ePKsnxYgP0DAZoZE,Dancing In the Moonlight - Original Recording,King Harvest,49,5OzsCyv6MpJzmHVXIkeN9y,Dancing In the Moonlight,1972-03-01,70's Classic Rock,76lrxCrKrGDkDDf3SVPnl3,rock,classic rock,0.657,0.435,10,-15.707,1,0.0552,0.739,0.0,0.167,0.771,135.975,181133
4Y1t8CoEPuwSLAD9Av2mUw,Ghetto Prominenz,18 Karat,26,6ovjUWxdX7lqh3Z49hQr9q,Geld Gold Gras (Supremos Tour Edition),2018-05-04,Gangster Rap Deutsch,1qXg9ck25tBRxeXsj8mbDG,rap,gangster rap,0.643,0.925,2,-3.333,1,0.318,0.184,0.0,0.078,0.676,93.291,150427
62qhlMjSdV2xzmYrzlBgSe,balcony view,Leavv,56,4qaZE0ziOC7xarjrKgHdQz,essence,2017-12-31,Lush Lofi,37i9dQZF1DXc8kgYqQLMfH,rap,hip hop,0.676,0.202,11,-12.967,1,0.196,0.944,0.886,0.104,0.751,75.109,80000
6MILn8ouz7GyrutoOLzWIF,Papa was a rollin'stone,Eddie Kendricks,22,0ZHNam0cerJV1GCutKRN9g,The Best of Temptations,2002-02-10,The 1950s/1960s/1970s/1980s/1990s/2000s/2010s with pop/r&b/soul/boogie/dance/jazz/hip hop/hop/rap.,1S7BckuYIkEazeNKOSM0uA,r&b,urban contemporary,0.785,0.476,5,-12.061,0,0.0433,0.0957,0.0317,0.0407,0.865,119.993,203360
4Ma0AJSqSln7urarBL8A2C,Hey Mr. D.J. - Original Mix - Edit,Zhané,29,3ChG0pQjLzXun4DNbqnDfp,90s R&B,2014-09-26,1987-1997 OLD SKOOL JAMZ,0WicovBbxeB0nvQC6IfuaT,r&b,new jack swing,0.868,0.629,2,-6.925,1,0.059,0.043,0.0124,0.0949,0.872,101.291,256640
2yAOaUhMCX7irO3N1ygHs4,Part Eight,Paul Kalkbrenner,44,4OOG0dQZAmUN9ruFUY92Gg,Part Eight,2018-04-06,Hands Up‏‏​​   ‍,1lSdljPk8zcAdXVMUduDia,edm,progressive electro house,0.575,0.64,2,-10.966,1,0.0323,0.000949,0.863,0.089,0.793,127.022,236280
1MNDmPabVMFhgKy8aqT2V5,Before the Start,Newday,25,3j9rqIOyrlitDeB963NRl2,"Forever, Now",2017-07-28,Christian Dance Party,37i9dQZF1DWUUPO0Sbx2CM,pop,dance pop,0.595,0.75,2,-6.546,1,0.0365,0.0148,0.000685,0.11,0.143,127.955,288012
5BYv5t9E8EdonEvnO88Cps,God Level 4,Bruto Chr,39,23Ph2Tf7r0k9EI8IkwPF8n,Rap Chileno El Sur Es Hardcore Godlevel Enfermos Del Rap,2015-07-23,HIP-HOP: Latin Rap ['89-present],5fWgI0IJ1el5NB1sZ0Egsx,latin,latin hip hop,0.72,0.824,11,-4.066,0,0.185,0.0199,0.0,0.389,0.589,88.987,261023
4EOpol0K5u620R2OLfoJ1B,Purple Pills,D12,7,1goTTgn8yBzKNOCocQcMQy,Devils Night,2001-01-01,Oldschool Gangsta Rap 👑,0t9TeyXE2mWe70JT3YwSoH,rap,gangster rap,0.774,0.634,1,-5.941,1,0.167,0.0199,2.98e-05,0.29,0.752,125.223,304507
0It6VJoMAare1zdV2wxqZq,Undisclosed Desires,Muse,65,0eFHYz8NmK75zSplL5qlfM,The Resistance,2009-09-10,"Muse Radio - (Uprising, Starlight, Supermassive Black Hole, Madness)",0dAbaJtkS9st5o0cBe1Zcu,rock,permanent wave,0.683,0.585,8,-6.76,1,0.0323,0.00819,0.0162,0.0797,0.641,115.997,235000
6QewNVIDKdSl8Y3ycuHIei,Even Flow,Pearl Jam,75,5B4PYA7wNN4WdEXdIJu58a,Ten,1991-08-27,Classic Rock,5BygwTQ3OrbiwVsQhXFHMz,rock,classic rock,0.394,0.944,10,-6.506,0,0.0761,0.00178,4.54e-06,0.298,0.265,105.338,292581
1O3Ju5VOQqYeO1qtHXf5bN,survival dAnce 〜no no cry more〜,TRF,38,0bCdbK91fN3zZILeQtcmQH,WORKS -THE BEST OF TRF-,1998-01-01,City Pop 1985 シティーポップ,3j2osvmecEao5nmo9jZ5df,rock,album rock,0.675,0.862,8,-7.265,1,0.0546,0.0622,0.0,0.133,0.384,129.999,302700
4ceZt0ptwiflIu7x6TBeLx,HIP3 (Interlude),Semser,15,69acjhfJsxsZXMyruAE7tE,Reality,2018-07-25,House Electro 2019,72r6odw0Q3OWTCYMGA7Yiy,edm,electro house,0.745,0.637,10,-10.772,1,0.0645,0.221,0.824,0.0886,0.0759,114.016,42105
4HXmYG1IR5xduvxTnr7fAp,The Way I Do,Bishop Briggs,60,3mN4QrBX6pOg0LcdhzT5Bi,Bishop Briggs,2017-04-14,Sexy Soul 2020,5EMARioe9z9eKOeWIAC2JW,r&b,neo soul,0.331,0.607,0,-4.786,1,0.0676,0.0812,1.59e-05,0.23,0.118,158.737,243213
6tATRoq8sbvKFHzvMncBc3,Down,Chloe x Halle,49,26mqgId4rrypPiYnN9tXuX,The Kids Are Alright,2018-03-23,POPTIMISM,6lWMi4lPiiPwDqn8ZpeyAY,pop,indie poptimism,0.694,0.606,0,-6.06,1,0.0388,0.139,0.0,0.122,0.114,132.052,199120
6odOP8P6LFdIiuawZhFho7,Rich Niggaz,Juvenile,39,6wpqS71CJr3I0dLguYiZdJ,400 Degreez,1998-01-01,Southern Hip Hop,3R5c1OfJY7Rzl3p28pzGtL,rap,southern hip hop,0.653,0.79,2,-7.608,1,0.0812,0.0175,1.26e-05,0.0738,0.51,175.941,303600
0jnNF53wBDWdMFZTt0ZLe0,Money Monica,Hansie,42,7JJvolb68h3NgPFkSnYYyv,Money Monica,2019-03-15,🔥🦁 GOOD VIBES ONLY 🦁🔥 // BROEDERLIEFDE || FRENNA || BROEDERS || HENKIE T  || BIZZEY || POKE \\,1d0fonZHpN4LYHTKbmNRbm,latin,latin hip hop,0.582,0.768,6,-6.108,0,0.262,0.238,0.0,0.132,0.87,103.874,217439
7EJV4G8HLzJvuQjRGWrnqD,tired of my life,updog,40,0zu9QeIOyjCfeJbf4d7iSY,tired of my life,2019-09-18,Electropop,2Z5cPJ6Z4EVZAfF08amjvL,pop,electropop,0.348,0.478,11,-8.69,0,0.107,0.144,2.17e-05,0.646,0.358,174.973,132414
1B95cw0Rjg96AKLfxxUSnb,Lost in Someone Else,Casey Derhak,39,02tI1RemCJ8dW5aab1zqHj,"Southern Pop, Vol. 1",2019-04-23,90s Dance Hits,50cXvxgMGrvoUeLhkzCyIO,pop,dance pop,0.734,0.551,0,-7.392,1,0.032,0.571,1.11e-05,0.123,0.505,99.984,237534
3O4TPMOgChXOerSdB5WENH,A Forest - Remastered Version,The Cure,53,1T7A6Dt7KktX7pOw4I4Jzj,Seventeen Seconds (Deluxe Edition),1980-04-18,permanent wave,7rPsfDTqiZYIT4PVzQ4c0c,rock,permanent wave,0.633,0.62,0,-11.271,1,0.0648,0.34,0.605,0.0977,0.421,81.117,354933
2UZUxzh7Rew8q9zqRzVM4j,With You,Beasts With No Name,28,2ZPrtA7zK1yYQMr2OFofT4,Sleeptalker,2016-06-06,Music&Other Drugs,5jROYSZSL7cO0jGAqkPx7C,pop,indie poptimism,0.588,0.742,0,-6.906,1,0.0284,0.318,0.287,0.118,0.318,100.039,219701
4yN6xPLopmTLvc27pO9LIE,Si Tú La Ves (feat. Wisin),Nicky Jam,68,2dBgWXp41imu2zBNv9oFxZ,Fénix,2017-01-20,Tusa - Karol G | China - Anuel AA | Estrenos Reggaeton y Música Urbana 2019,0T47pLnihK4xB8Bk9IQ0Dv,latin,reggaeton,0.685,0.731,5,-5.119,0,0.093,0.204,0.0,0.0722,0.786,177.912,221027
352zfYbDFG8sxkmOAhVeuj,Under Control (feat. Hurts),Calvin Harris,15,0Kl9iqjYkpiL3YOxpjNx9v,Under Control (feat. Hurts),2014-11-12,♥ EDM LOVE 2020,6jI1gFr6ANFtT8MmTvA2Ux,edm,progressive electro house,0.55,0.919,8,-3.431,1,0.0786,0.137,0.00123,0.0886,0.511,126.065,184373
1UO1yyMxEAYmYYQgIQJKMm,"Alright - 7"" House Mix With Rap",Janet Jackson,0,72AKESbPVJH2P2lq7i1owF,Number Ones,2009-01-01,New Jack Swing,4nX6BscFtR1CozSCfv2cuR,r&b,new jack swing,0.715,0.833,1,-6.041,1,0.0357,0.0058,0.0516,0.0661,0.605,111.786,298800
3QEqBKFS8boYIAELBcHUnj,Yeshua + Só Quero Ver Você (feat. Marcelo Markes),Gui Brazil,41,4qzveuyWchP5wpVZ6PKm3O,Yeshua + Só Quero Ver Você,2018-03-16,LATIN FLOW MIX - Música Cristiana🎵,396llvvFOIB9jgPg0kqNDb,latin,latin hip hop,0.519,0.775,1,-5.011,1,0.0344,0.00186,0.00731,0.0564,0.0373,128.013,258750
53ROeduQXgL4UgemVlOSKY,We Like To Party,Showtek,0,562wCzw1ioz5jw0KShOQuw,We Like To Party,2014-01-13,Gym (Melbourne Bounce/Progressive House),5BqOZpVEqRDfZScvW1QUyA,edm,progressive electro house,0.571,0.909,1,-6.386,0,0.0411,0.000379,0.935,0.371,0.255,127.96,208771
7kxYYjOYRO8HamP4RKBhJ0,Si No Te Quiere,Ozuna,2,3yybdTkXRe9fwPScfeyIOB,Si No Te Quiere,2016-07-19,VidaLoca - Latin / Raggaeton / Hip Hop ©,7EPbNmUW9nkRplDLSN9te4,latin,latin hip hop,0.775,0.899,9,-0.073,0,0.0389,0.0274,8.84e-06,0.124,0.945,92.012,225202
0qp29frhNoklK9WvxERqlS,Tocarte Toa (feat. Natya),Big Yamo,2,5sgyVBKaXXoVCJa4c14IYu,Solo Exitos,2013-06-10,REGGAETON VIEJO,31hG19URdBvLEpQWKFYfdD,latin,reggaeton,0.859,0.895,0,-3.899,1,0.0984,0.245,3.84e-06,0.162,0.832,100.001,202633
0hpaWop2LUln6yJ7b0eOza,What Have I Done,Dermot Kennedy,66,7jGNAMzrW5HMXdxl9XyBMG,Without Fear,2019-10-04,urban contemporary,4WiB26kw0INKwbzfb5M6Tv,r&b,urban contemporary,0.625,0.581,9,-5.466,1,0.0358,0.191,3.57e-06,0.117,0.317,121.946,217082
4Sdp10fc5XgHxL1VaiMVYN,Inside Out - DubVision Remix,The Chainsmokers,35,0esxMkxlIDKbkWL8Vuj35V,Inside Out (DubVision Remix),2016-07-15,EDM - pop remixes,0cvVad4XizGbOS0vlwZYS5,edm,pop edm,0.719,0.799,10,-4.805,1,0.0551,0.0186,3.94e-05,0.29,0.266,125.993,299547
3qrEG6rQ9Qm72MNWeUKKiU,Wham Bam Shang-A-Lang,Silver,66,3sGENYCDR3UaIfFwWMJWrY,Silver,1976,Classic Rock Legends,3NcxM1LJJdua8AcRxtijNY,rock,classic rock,0.65,0.759,1,-4.932,1,0.0355,0.353,0.0,0.155,0.943,121.454,212840
2Qg0QmSbP5AigkWcmvGR4W,Ping Pong [Mix Cut] - Hardwell Remix,Armin van Buuren,24,4h5L9ygzxbc9GrWuhyHngh,Hardwell Presents Revealed Vol. 5,2014-06-27,big boom room — TOMORROWLAND EDC EDM BIG ROOM AMF ADE DANCE TRANCE HARDWELL TIESTO,2oalsaFUockoPf1DU3wrL8,edm,big room,0.578,0.945,11,-6.418,1,0.0853,0.00241,0.0111,0.141,0.0368,129.593,263033
4uKv2XmKAjB4SmtpmxPL4d,Non Stop Never Stop,Harvio,43,0hHcfV7jgD6GOGlRpnwkQV,Gambling Bonnie,2019-09-06,Tropical Vibes,37i9dQZF1DX6RA5ZrA5a23,latin,tropical,0.689,0.637,7,-7.183,1,0.0411,0.153,0.898,0.0542,0.224,113.99,186618
5EcvzboYmDIfXo9gPplsSB,Brown Sugar,The Rolling Stones,16,1WDA6r4advRJalp0gJCoXv,Sticky Fingers (Deluxe),1971-04-23,House Of The Rising Sun,1bMYfBHYBCRHY5LGkjlpSy,rock,album rock,0.638,0.931,0,-3.605,1,0.0363,0.228,0.000295,0.0524,0.965,128.662,228667
09fyn2OvOyE55zYnQnZbGY,Let Me Roll It - Remastered 2010,Paul McCartney,3,5WDwQd1NNzitecaWN7BoUB,Band On The Run (Standard),1973-12-05,The Black Album,0KNLLunbFh9XgitPMOGmQg,rock,album rock,0.338,0.407,4,-8.506,1,0.0371,0.0327,0.00246,0.081,0.519,172.612,289813
15BlympuVSfZFROojEMY2M,Don't Let Me Down - Illenium Remix,The Chainsmokers,64,5yhNY3zM1Vx1oaL3GYTWIZ,Don't Let Me Down (Remixes),2016-05-27,Dance Pop,0B2HdP15IucgE0vk3sluJR,pop,dance pop,0.428,0.656,11,-3.712,1,0.075,0.0751,0.181,0.15,0.355,79.648,218933
322NiD7O6CXX7zYIKRtXV9,You're The One That I Like,Raphael Saadiq,30,2Dfk3iSj303wZD28aXq5ov,Instant Vintage,2002-01-01,Neo Soul Music,78RRvktrPMSqAoCI21mNOe,r&b,neo soul,0.76,0.542,4,-7.741,0,0.256,0.348,3.83e-05,0.333,0.455,89.665,193293
6L0mGEaV0LF08xkJOt16CT,Blues Man,Emily Simbi,14,0dYivpbKB9t7Btsm2EasDR,Emily Simbi,2016-07-29,Neo Soul / Modern Jazz / Smooth Hiphop,07SNJ4MwYba9wwmzrbjmYi,r&b,neo soul,0.689,0.549,4,-12.611,0,0.0534,0.489,0.195,0.126,0.638,97.08,212750
2tlkU66loXhmV2JqTHlz5T,Why You Always Hatin?,YG,1,4ZO5TBr0Wygzp3dcF1xDJB,Still Brazy (Deluxe),2016-06-17,HIP&HOP,5DyJsJZOpMJh34WvUrQzMV,rap,southern hip hop,0.927,0.362,0,-9.329,0,0.591,0.0442,0.0,0.139,0.389,93.008,196587
4i6PCo9JMAnIqzUZrTirCP,Azúcar Amargo,Fey,43,3XJ5zeV7FVsvZQl0SNPBhy,Originales - 20 Exitos,1995,Latin Pop Classics,37i9dQZF1DX6ThddIjWuGT,latin,latin pop,0.681,0.939,7,-4.232,1,0.0304,0.0786,0.0,0.0534,0.69,130.073,280640
3IALoA4pQ7vMHpD1roexrF,Ambush,Inklings,15,5lniG3OfIH67JUBM90yDtT,Ambush,2019-03-22,Hard Rock Workout,6kXNv8J3HCYztxjOIUzApv,rock,hard rock,0.509,0.933,11,-4.591,0,0.0547,0.00147,0.00345,0.352,0.58,157.971,200410
42LotTOpEfngkjuzHH3vme,Tabing Ilog,Barbie's Cradle,46,3LDgbm43oZ0yk3S4AC9vxk,Barbies Cradle,1999-07-26,Pinoy Classic Rock,37i9dQZF1DWYDQ8wBxd7xt,rock,classic rock,0.353,0.338,4,-15.052,1,0.0393,0.764,0.00353,0.138,0.384,169.05,195707
35IvqtoxYL3H9qB3hSQUES,Nights (feat. Ralph Larenzo),Axollo,14,71v2qoMKmRuzI7jlIUKgr0,HELDEEP Vibes Pt. 3 - EP,2018-03-23,Female Vocal EDM,5QaPRbVgbEcCc9jC1UxgD1,edm,progressive electro house,0.701,0.625,8,-4.825,1,0.0573,0.405,0.0,0.0936,0.348,117.966,266568
2IQpgTBCsRuOtGNu9iRzaH,With Me,Vic Roz,26,78jWBnY9soPNg1NXKz5al3,With Me (feat. Frank Engdahl),2019-07-26,New House   ‍,54XvQQsViMBwjO1ws2o2wx,edm,electro house,0.651,0.659,9,-6.952,0,0.0318,0.394,0.0,0.0882,0.526,126.034,189000
39wHJyoHNlaFEFUKlDzNo3,Got It Bad,LEISURE,10,1SZzXX9j7MdYNkvWadCr4i,Leisure,2016-10-21,Music&Other Drugs,5jROYSZSL7cO0jGAqkPx7C,pop,indie poptimism,0.793,0.468,11,-10.054,1,0.0408,0.00839,0.0786,0.0689,0.534,96.0,205602
12avIub7BD2xuMOhyvIr08,Ratata,TV Noise,38,63vsIUF04vVOP94Gd5qAgY,Bring It Back EP,2019-02-01,Nasty Bits,37i9dQZF1DX2VvACCrgjrt,edm,electro house,0.893,0.74,10,-2.948,0,0.114,0.00179,3.99e-05,0.0734,0.644,127.978,162899
4F6yN5FsFW10Ucx7cLCzBh,Ready (feat. Gunna),Lil Baby,64,4iF44RCCybJtkBkMoqrLW2,Street Gossip,2018-11-30,Chixtape 5 - Tory Lanez,0UXwwVDipbBQeEX7h4YuKU,r&b,urban contemporary,0.793,0.395,1,-5.578,1,0.385,0.277,1.4e-05,0.109,0.129,77.027,213287
0SIaBQ2aaOgY1IOdhpYEtn,Purple Haze,Jimi Hendrix,0,4dPWZAD91hGb0FAqgEtWru,Apollo 13 (Soundtrack),1995-01-01,HARD ROCK CAFE,55ybnG2z8rpTIerRfnCsw6,rock,hard rock,0.48,0.554,2,-17.766,1,0.0598,0.00331,0.697,0.373,0.6,108.612,165893
0h9Pi6PtB9fOEfey5Rh2dE,Mi Dios es grande (feat. T-Bone),Josue Del Cid,28,0qFH2TsD2XIQCx0pqvPvQ1,Mi Dios es grande,2017-05-12,LATIN FLOW MIX - Música Cristiana🎵,396llvvFOIB9jgPg0kqNDb,latin,latin hip hop,0.618,0.96,4,-4.156,0,0.077,0.0116,8.42e-06,0.703,0.874,90.071,209224
7hzjWGFi2HKUGOXp1LiQ3V,Spicy - with Diplo & Charli XCX,Herve Pagez,59,0PiWf1iYUUTHDEPnPTFxqs,Spicy (with Diplo & Charli XCX),2019-05-30,Dance Pop Tunes,4SdfG4cPG3skmTiQLozZGh,pop,dance pop,0.822,0.825,8,-4.458,0,0.052,0.055,0.00661,0.105,0.507,109.993,157867
04b5l1WOlEonBLK2qTZrUV,Dancewitme,Maxwell,36,2k5YAxjmAD3DmYtmlrY64p,Maxwell's Urban Hang Suite,1996-04-02,Neo Soul,2YPP7fiYu5pIcp2yyHvw4A,r&b,neo soul,0.712,0.616,11,-6.687,0,0.0464,0.16,0.435,0.039,0.698,98.094,375000
7p2h4kISjw2t4AqMUs2AmA,Treat Me Like I’m All Yours,Sasha Keable,41,4Hfz8neEo2MTplXmrApXkb,MAN,2019-04-26,I Love My Neo-Soul,37i9dQZF1DX44dZ4p5QLf4,r&b,neo soul,0.436,0.601,9,-3.658,0,0.16,0.715,3.23e-06,0.101,0.357,70.435,244360
4vzxxbTJeTTTwP8VglZ8Xd,Torn (feat. Emelie Cyréus),Chad Cooper,50,389jeuNuzaYDzjdv0c0R7B,Torn (feat. Emelie Cyréus),2019-03-22,EDM House & Dance,5CTzufLc0f6MufjKYrIaoO,edm,pop edm,0.668,0.824,5,-6.747,1,0.221,0.0749,0.0,0.069,0.255,108.135,153333
1Aer4G9rkyM8FxcgUq5TTt,Dive (feat. Cosmos & Creature) (feat. Cosmos & Creature),Attom,28,2NuJKpONOeYeDe7xIN9Woz,Dive (feat. Cosmos & Creature) (feat. Cosmos & Creature),2017-08-11,EDM Trap,7CEEEMKV41x0RlFCXWdvKF,edm,pop edm,0.575,0.787,0,-4.838,1,0.0333,0.104,4.93e-05,0.0864,0.246,139.947,193714
3LaQ1GajOXoUeiTA9UAcCK,There's No Way (feat. Julia Michaels) - Alle Farben Remix,Lauv,58,2n704ob50ZCvay9I2W9Cwi,There's No Way (remixes),2018-11-01,Dance Pop Hits,37i9dQZF1DX6pH08wMhkaI,pop,dance pop,0.768,0.83,11,-4.983,0,0.036,0.0229,0.000127,0.145,0.444,126.007,187301
6N4LFje2fcnWdQVpHjiA26,Higher,Axero,50,1L15jwFs4Omogh0HGj5Cr2,Higher,2019-12-13,Tropical House Remixes 🍍 Tropical Remixes & Tropical Covers,3YdAwfgQLMS4AN2WjRfRlb,latin,tropical,0.814,0.617,4,-6.416,1,0.12,0.219,0.0,0.0893,0.856,112.017,164732
09dwF4F9mJSoy5oHd2HWFg,Nudies,24hrs,49,4HN5pjXf1MiAl6pHogK5QM,World on Fire,2019-10-18,Trap Nation 🔊,5aPwKjwNHr6dnCejLcPTVx,rap,trap,0.753,0.635,5,-5.34,1,0.101,0.0615,1.2e-06,0.122,0.542,161.977,165894
32sBVB5HmrwJ6e9g0S2BRL,Damselfly,Loyle Carner,65,6wjryxtrKxzTZID9kyZUV5,Yesterday's Gone,2017-01-20,Saxophone in Hip Hop - R&B Lounge - Jazz Rap,2ujrP2rPxu8ao7wNeG1ZOY,r&b,neo soul,0.82,0.596,11,-7.539,1,0.246,0.517,0.00159,0.358,0.54,94.968,172653
1sbxPVKNi6OLUdTHRrbd5A,24K,Frijo,63,7hzXprOMCpdAiGH5AGPIL6,24K,2019-09-06,Trap Argentino - Trap Argentina,6ltss0ThreZ3uIMn5mr4Tm,rap,trap,0.81,0.833,1,-6.832,1,0.125,0.253,0.00576,0.216,0.907,138.955,123808
5t9FpLt6rnfuhSoqZw737T,Montreal,Dieter Spitz,43,65MiD9wGh8CNnHUkq3oLmE,Montreal,2018-05-13,Tropical Vibes,37i9dQZF1DX6RA5ZrA5a23,latin,tropical,0.7,0.67,4,-11.85,1,0.0455,0.56,0.901,0.11,0.153,110.452,206685
31Tp5iKrVUayn65qhg06nE,She,Elvis Costello,64,2VNMoSXYKrjAAU4aqiTvtY,In Motion Pictures,2012,The Sound of Permanent Wave,4EYSGTuqe9cVfSVpX4gtGv,rock,permanent wave,0.333,0.28,1,-12.87,1,0.032,0.427,1.88e-06,0.13,0.276,130.876,187720
0805juC23Tu4an79SGgLjM,I Don't Want You,Martin Miller,25,646zKvNV1tbAclIAIXRhxo,I Don't Want You,2019-08-23,Charts 2020 🔥Top 2020🔥Hits 2020🔥Summer 2020🔥Pop 2020🔥Popular Music🔥Clean Pop 2020🔥Sing Alongs,3xMQTDLOIGvj3lWH5e5x6F,r&b,hip pop,0.498,0.334,3,-17.496,1,0.188,0.477,0.00016,0.142,0.0949,81.9,257576
5GSPbwdtRrHJII2T8AOckK,Soul Revelation,Nicola Conte,12,4IhBUw72OTHBql4aeH7scD,Free Souls,2014-04-16,NEO FUNK AND SOUL,2WbTrS5D0V2TW6DiDkJBru,r&b,neo soul,0.545,0.768,9,-6.499,0,0.156,0.284,3e-05,0.102,0.532,84.816,262510
4KjXkB31IrgmVimunoVrts,Max Don´t Have Sex With Your Ex,E-Rotic,46,46uw8uMUqyfb4tRAGd2L89,Sex Affairs,2001-07-01,90s Dance Hits,50cXvxgMGrvoUeLhkzCyIO,pop,dance pop,0.547,0.993,9,-5.565,0,0.0604,0.00786,0.00119,0.362,0.656,139.886,211040
4qdXwB87WRfDaMcfVpD44G,Cuestión de Ti,Tino El Pingüino,36,19ntSsV1bPOl8Twys0bZIr,Tu Antihéroe Favorito,2013-05-31,HIP-HOP: Latin Rap ['89-present],5fWgI0IJ1el5NB1sZ0Egsx,latin,latin hip hop,0.643,0.828,6,-6.875,1,0.232,0.177,0.0,0.137,0.914,169.887,172080
0c6mLXIsBWgwAAqkagxY5w,Bandito,Enzo Dong,66,1nxFpqkMI954tBM9DgMssY,Dio perdona io no,2019-10-25,Zona Trap,37i9dQZF1DWXU2naFUn37x,rap,trap,0.793,0.762,8,-5.252,1,0.0591,0.333,0.0,0.128,0.447,132.097,195455
0XEUKN8CnHAKNmWmK1FG0d,The Heat,The Bones of J.R. Jones,46,3cQWEV1dkuOosKa2EJNaxj,Spirit's Furnace,2016-04-15,Badass Rock,44bkJI1QGkT2O0GYJSsbkp,rap,southern hip hop,0.588,0.841,2,-4.374,1,0.0802,0.144,0.000511,0.0369,0.682,92.992,194332
2dJrn376fJPUCj1f4txnRQ,Where Is My Mind?,Trampled by Turtles,52,7vH2fXhej1rubfAOvqwECV,Where Is My Mind?,2011-10-07,Bluegrass Covers,37i9dQZF1DX56crgoe4TG3,r&b,hip pop,0.523,0.482,4,-6.646,1,0.0245,0.612,0.0103,0.264,0.283,79.581,210628
2dk5HQv2V6hEVeGGlPvCFA,Sharpness,Jamie Woon,52,6ITNDvsL7pS6nv93kwHgwq,Making Time,2015-10-30,Neo-Soul Essentials,0DIwi1dMI59NItQtiNcevy,r&b,neo soul,0.849,0.583,6,-7.865,0,0.0565,0.259,0.167,0.102,0.666,98.011,207133
2X4Nz5BFIcrwP9JmSfsY1Q,Grandpa's Groove - Extended Version,Parov Stelar,38,6QsGjnd1oV8Pxg2n6BX50A,Grandpa's Groove,2016-09-09,Electro Swing,3Dr4NKbsFQ2m7tmPxGRroO,edm,electro house,0.83,0.703,6,-5.74,1,0.0887,0.0786,0.000113,0.0624,0.779,123.006,256808
09lgtisfbv0A7IdGAHGrOS,ANGST II,MESSIAH!,41,7eNbDMkiXuRhuKTu63EZSM,ANGST II,2019-07-19,Alternative Hip Hop,37i9dQZF1DWTggY0yqBxES,rap,hip hop,0.531,0.614,5,-8.746,0,0.297,0.627,1.12e-05,0.171,0.636,81.293,180337
6gXrEUzibufX9xYPk3HD5p,Life in the Fast Lane - 2013 Remaster,Eagles,72,2widuo17g5CEC66IbzveRu,Hotel California (2013 Remaster),1976-12-08,Rock Classics,37i9dQZF1DWXRqgorJj26U,rock,classic rock,0.667,0.755,9,-7.246,1,0.069,0.0966,6.94e-05,0.0523,0.883,109.535,286220
33BCQDhwZyiudb8Mud33tb,romance361,iann dior,71,5UHC2JN3ck4XPYPjngia2G,nothings ever good enough,2019-05-22,Sad Trap,7kzKtw5vug3IIxKfLadi8A,rap,trap,0.713,0.632,1,-7.685,1,0.105,0.0589,1.44e-06,0.105,0.373,170.009,181290
6VFL44gNHrLFZ2d9YwmrVO,Valiente y Libre - Acústico,Funambulista,48,3YaIyUwrrTXOf2SrMX6qoe,Valiente y Libre (Acústico),2020-01-09,Latin Pop Rising,37i9dQZF1DX8womvTyUjrN,latin,latin pop,0.575,0.404,11,-7.131,0,0.0444,0.763,0.0,0.102,0.357,61.667,250771
4BM4ml3TgBFALLaCaJtVhi,Pumped Up,Klingande,56,6pCYWWK3GomeTRX2SlxhHc,Pumped Up,2017-09-08,Dance Pop Hits,37i9dQZF1DX6pH08wMhkaI,pop,dance pop,0.732,0.734,0,-6.423,1,0.107,0.00719,1.49e-05,0.34,0.643,123.033,177073
2V37zhzoUGd0cUbK9v4bIi,Go Natalie,Father MC,10,0QQdOaBr8fHFD0oDq2CLtL,Close To You,1992-01-01,The New (Jack Swing) Testament,4mciQwEuqaUMwIWKcDMFW0,r&b,new jack swing,0.884,0.887,5,-8.598,0,0.134,0.0361,6.93e-05,0.0461,0.56,114.064,203667
44Yrt6xIUdcooTbDh57hrF,Move Me,Mura Masa,64,1ZSeYdT43ki4VbcGnuu27B,Move Me,2018-06-14,POPTIMISM,6lWMi4lPiiPwDqn8ZpeyAY,pop,indie poptimism,0.763,0.52,1,-8.53,1,0.0974,0.151,0.0134,0.0974,0.521,105.02,202587
1etiUDkISHELzQGMY79ryt,Quarter Past Midnight,Bastille,66,70p5NvBOkvaxU1UeIxhE1Z,Quarter Past Midnight,2018-05-09,Dr. Q's Prescription Playlist💊,6jAPdgY9XmxC9cgkXAVmVv,pop,post-teen pop,0.504,0.821,8,-3.356,1,0.0598,0.275,0.0,0.0418,0.458,155.131,201799
5G9xdPkixKrrlH6sNfNBUV,Bottle This Love,Pacific,25,1pQZOYC2K5fjZELzePyvmJ,Bottle This Love,2019-06-21,"Classic Rock 70s 80s 90s, Rock Classics - 70s Rock, 80s Rock, 90s Rock Rock  Classicos",3Ho3iO0iJykgEQNbjB2sic,rock,classic rock,0.5,0.835,0,-2.64,0,0.0422,0.0476,0.0,0.0727,0.361,97.881,169621
2wjJrxQMrQ7thWQQ62NmV8,Jimmy Crack Corn,Eminem,38,2bBDybnvM234YGjNVcMQaK,Eminem Presents The Re-Up,2006-12-04,Gangster Rap | 100 % Gangster,2e0d7otcM1oyecfi3zZPWk,rap,gangster rap,0.585,0.817,6,-2.577,1,0.295,0.0079,0.0,0.2,0.325,124.128,234453
5GVonz0OiMTTLgit6hCqDf,These Days (Don't Make Me Wait),Llewellyn,29,6E8q5NkfvALdKr8NZ5ZBhz,These Days,2019-07-05,Electropop And Play,7p30DzTAgW6OhspSXHTI88,pop,electropop,0.702,0.754,9,-5.458,0,0.0513,0.00506,0.844,0.082,0.387,124.011,373427
3A1CiVw4NdW6dKuMjftnJc,Conexión Vieja Escuela (feat. Sinful),Cartel De Santa,43,1s6Kp6CZX6bvDSfXHxhrMW,Volumen Prohibido,2007,Mexican Gangsta Rap,28Ke4pXWqF2A5b2GfQ1pQt,rap,gangster rap,0.728,0.679,6,-7.109,0,0.193,0.0413,0.0,0.177,0.552,96.006,235227
5RFptzTg4VOBTxbP9y03ID,How Do You Want to Be Remembered,MAGIC!,39,0RZ4Ct4vegYBmL9g88TBNi,Don't Kill the Magic,2014-06-25,indie poptimism,1E5VdGGWkpDQ682gdvJAZH,pop,indie poptimism,0.52,0.567,5,-8.984,0,0.0652,0.0479,1.61e-06,0.0934,0.529,80.525,243120
1UEraN1dxpAjEQwqrgYaYf,On my shoulders,The Dø,47,6PKWvfGLD69MNZKNJ5BP2n,A Mouthful,2008,L' ALBUM ROCK,0jilq2XZP9F2fwzp2k6iXK,rock,album rock,0.719,0.703,9,-6.917,0,0.0293,0.223,0.000879,0.124,0.522,116.0,320261
0kUMtZVaYb7EETkBdrEXXA,Firework,Katy Perry,51,32Uy0GLddTw4559CWja1f1,Teenage Dream,2010-08-24,Pop Hits 2000-2019,6mtYuOxzl58vSGnEDtZ9uB,edm,pop edm,0.638,0.832,8,-5.039,1,0.049,0.141,0.0,0.113,0.648,124.071,227893
0Ui7thqfvPMEAA8z4j51Se,Stuck,Jome,58,3lVbL4UqfDb1Z2i6XPaQde,Stuck,2019-04-12,2019 in Indie Poptimism,16RNbqnNCCLlBJti7JU5nc,pop,indie poptimism,0.437,0.523,0,-7.664,0,0.0655,0.593,4.15e-06,0.171,0.363,169.872,153176
7bs0ZFoLe8ovKY64qsvEg5,Feelin' Alright,Joe Cocker,0,5JqCOJPnI4cWfEGQyCcZW4,Classic Rock Playlist Plus,2008-04-29,70s Pop & Rock Hits and Deep Tracks,1uKFRCQYci8kVgMy3xzTVH,rock,album rock,0.542,0.836,5,-10.067,1,0.0382,0.638,0.087,0.33,0.918,89.965,250200
2nFQrFSxhrcqneyUS0eub9,Lifetime,Løyd,30,25IS4tTZs3qWwTwmX7NKpn,A Post-Apocalyptic Modern Art Gallery,2019-10-25,INDIE POP! TUNES,0HD4Pc1PK8fsyKQq9e2U2v,latin,latin pop,0.833,0.617,11,-5.952,0,0.0536,0.0263,0.00074,0.121,0.457,107.995,162573
3QmOiZF7IzJJkHnahh5Ea0,History,Olivia Holt,62,1symszvJQdIoNR4QhUc6En,Olivia,2016-07-15,The Sound of Post-Teen Pop,10FCW9lj0NdeoYI5VVvVtY,pop,post-teen pop,0.767,0.631,1,-6.762,1,0.0541,0.0997,0.0,0.119,0.541,100.968,203992
0nnwn7LWHCAu09jfuH1xTA,Slide,The Goo Goo Dolls,69,4UMjBXcRqIgMZ1XumU2x5T,Dizzy up the Girl,1998-09-11,Permanent Wave,2ExyzXAbukW7I8bDqdGvPB,rock,permanent wave,0.395,0.843,8,-4.476,1,0.0374,0.00483,0.0,0.0404,0.481,112.423,212067
2xNXEpSclsYQEnh2zEPtOu,Callao,Wisin & Yandel,3,1ozqR1bFv9cO3dHoYTH9k7,Callao,2018-12-07,latin hip hop,3nH8aytdqNeRbcRCg3dw9q,latin,latin hip hop,0.727,0.836,3,-4.174,0,0.04,0.0081,0.0,0.0357,0.884,92.037,220360
4CxFN5zON70B3VOPBYbd6P,you were good to me,Jeremy Zucker,82,16mjtcKPxpQ4ajFHmJ0hJC,brent,2019-05-03,Pop Hits 2020,5TDtuKDbOhrfW7C58XnriZ,r&b,hip pop,0.561,0.0848,2,-15.099,1,0.0404,0.913,2.62e-05,0.112,0.206,102.128,219147
0HKfe28JBiCJChmtcYrgmO,Higher Love,Odd Chap,38,5Fhrd3KcpWFwWxCWNY0v0K,Higher Love,2018-03-28,Electro Swing,3Dr4NKbsFQ2m7tmPxGRroO,edm,electro house,0.945,0.734,10,-7.216,0,0.133,0.103,0.51,0.0929,0.624,123.976,216353
2GcFA2lRvsiq83UnWMGGeB,Sundown,EAUXMAR,46,68gDsH0JmcQJhzu7cTaLZf,Sundown,2019-05-03,Electro Pop | Electropop,2a5i2ZtEXGKwVGL16J8N0p,pop,electropop,0.646,0.679,6,-6.328,1,0.0261,0.00199,0.48,0.352,0.599,104.981,153714
6Q3OlXKHhzkcWPbf3qGgQn,Echo Park,Dontcry,43,1o1FRdlu0uKcLaJlHNqw36,Echo Park,2019-06-27,Lofi Hip-Hop,37i9dQZF1DX36Xw4IJIVKA,rap,hip hop,0.754,0.505,11,-9.091,0,0.15,0.0452,0.916,0.11,0.455,84.062,88571
087jDrmvAvTnduKPgGEUWp,Dignity,Martin Silence,35,0dSFN3wa1IhfWf0kz7EIEv,Dignity,2019-05-03,EDM 2019,1T0ed6Mg0QIruHvcoWWIKy,edm,pop edm,0.736,0.698,11,-5.819,1,0.0339,0.00315,0.574,0.21,0.643,120.056,168000
4BTIG5pFipamu8bCjQXzIY,You - Brillz Remix,Galantis,31,0hTS72MutwNkCuwJxJ9uqy,You (Brillz Remix),2014-05-12,Trap Nation 🔊,5aPwKjwNHr6dnCejLcPTVx,rap,trap,0.551,0.848,1,-5.919,0,0.0486,0.134,0.0934,0.105,0.133,139.944,278053
4Qievb8Mqy0qxdLNVl02zt,Been Caught Stealing,Jane's Addiction,57,2Jkbi83HTSfqEd0CBdYwpU,Ritual De Lo Habitual,1990-08-21,Permanent Wave,5Go0Jsxj1UnsU7Om841BEo,rock,permanent wave,0.639,0.929,0,-4.762,1,0.212,0.00326,0.0501,0.242,0.688,103.758,214707
4pSPMXaCjbaV3VSzZQYC7H,Who Knew,P!nk,2,2tUn9E3nHXhUIJ47yv6ePD,Greatest Hits...So Far!!!,2010-11-12,Pop Hits 2000-2019,6mtYuOxzl58vSGnEDtZ9uB,edm,pop edm,0.689,0.737,9,-4.516,1,0.0268,0.00482,0.0,0.0777,0.47,140.0,207893
1bcklQyAGzDxQiNMczMLt6,Pour Some Sugar On Me,Def Leppard,2,028GpIPQmx26LrI3nJHTnK,Hysteria (Deluxe Edition),1987,Hard Rock Classics 1967-1991 (Party Edition),1NIX36ZFWEtgXSbSNghoue,rock,hard rock,0.503,0.923,1,-4.897,0,0.0699,0.00161,0.0,0.314,0.658,170.127,266787
1eiR5nZhWozZ7Cwkn94wtr,Burn Out,ShiShi,35,55PrNE5UDeuzGhptjzmmYj,Burn Out,2019-12-13,Global X,37i9dQZF1DWUxHPh2rEiHr,latin,latin pop,0.791,0.68,2,-5.604,1,0.11,0.0346,0.0,0.0962,0.275,111.938,163929
7pN5EnbsRXnuYlsTHPzj6J,Renagade,Bulletboys,30,4n61AzRaSatldiPPDRCbO0,Warriors Of Rock,2010-10-01,Classic Rock Playlist.,7CESj1xKbxdArRzloygvkl,rock,classic rock,0.452,0.604,2,-8.239,0,0.0315,0.0146,0.00763,0.18,0.556,106.045,233547
3cOnQmSQuEUie603kZp82h,Somebody Dance with Me,DJ Bobo,43,42iXHnNCzEOJ3Ik0J5OEJz,Best Of,2014-05-02,90s Dance Hits,50cXvxgMGrvoUeLhkzCyIO,pop,dance pop,0.682,0.988,6,-7.11,0,0.0388,0.101,0.00105,0.14,0.649,124.051,212893
2hZLdH6rzTcUJW6AH9oMgP,More Than Animals,Awake At Last,26,3traQsn0UtzQAmDMZBHlRG,More Than Animals,2019-05-31,Hard Rock Workout,3YouF0u7waJnolytf9JCXf,rock,hard rock,0.658,0.918,4,-4.855,0,0.0492,7.82e-05,0.0412,0.351,0.588,112.041,177857
04KTF78FFg8sOHC1BADqbY,Hot In Herre,Nelly,71,4HUUHHXBXImwksfbSPqE7q,Nellyville,2002-06-25,90s-2000s Southern Hip Hop / Crunk,5wsWBmQgDtKa8CEg7wTEMi,rap,southern hip hop,0.956,0.745,11,-4.753,0,0.12,0.206,0.0,0.0615,0.912,107.075,228240
2CK1sr6n7aH5tWQck0aN06,What Makes You Feel That Way About Me,Z'looke,1,4k3sHF1e7nl6KG7qjyxzEO,Def by Temptation (Soundtrack) [Remastered],2019-05-06,Kenny B's Ultimate New Jack Swing Mix,7bdhfXlbfml9CuNn5c7372,r&b,new jack swing,0.758,0.79,7,-6.068,1,0.0488,0.0035,0.00363,0.0307,0.543,106.933,233667
5Uk8mepfcsRgKhH3MFA3u7,Let Me Go,Nate VanDeusen,29,3smxGO8JCYOnG2cw9yjxyZ,Let Me Go,2019-05-03,Tropical House 🌴,06zrBJ5cts5aemZmqe80J7,latin,tropical,0.703,0.723,7,-7.408,0,0.0611,0.229,3.02e-06,0.0884,0.877,150.004,166400
1Evv1979G5y63oK9K2eot9,Niña Bonita,Chino & Nacho,2,4DYLsPPZRc13AAePuPY2bC,Mi Niña Bonita,2010-01-01,Latin Pop antiguo,4BmnnqWEQAamNoVjtjrQJP,latin,latin pop,0.676,0.917,9,-4.897,1,0.125,0.285,0.0,0.176,0.727,120.014,215827
7ex5TNhdJsNNVpovfntqg3,Aguardiente,Greeicy,65,6mzdHLMTM2swBdvWCQ8ZfF,Aguardiente,2019-11-15,Latin Pop VIP,37i9dQZF1DX1QnNyJOBQBv,latin,latin pop,0.764,0.835,11,-3.581,0,0.115,0.0183,0.000195,0.381,0.784,160.013,135320
6E14SIHDOSBQhdg9cRtrRz,Broken Heart,Fullife,18,17FXBNrOUx2yxvmBgtmgm6,Broken Heart,2019-06-28,Charts 2020 🔥Top 2020🔥Hits 2020🔥Summer 2020🔥Pop 2020🔥Popular Music🔥Clean Pop 2020🔥Sing Alongs,3xMQTDLOIGvj3lWH5e5x6F,r&b,hip pop,0.805,0.888,3,-3.255,1,0.0368,0.281,0.0,0.203,0.342,107.999,172234
6RxFSL6ZrGxmVHmN4seMub,Right Side of My Neck,Faye Webster,27,5HN8rVoIAOlkWeGfZ5AXD1,Right Side of My Neck,2019-05-02,Indie Poptimism,21nxmipQe5xtXoHHPaYfnY,pop,indie poptimism,0.716,0.516,1,-9.072,1,0.0261,0.00107,0.000331,0.331,0.322,117.051,153320
6OCFXXVmoPFtidXA7ey1SI,Great Dane,Cosmo Pyke,55,7tp5vLtNVMJEmoPbJEA1e0,Just Cosmo,2017-02-24,Neo-Jazz Soul RnB & Afro,48AzM7l4M02DBYd2N3IFLP,r&b,neo soul,0.498,0.692,5,-6.05,1,0.176,0.104,0.0,0.0688,0.577,136.662,478037
4RJyGUzds4e11hAFJmavOY,Nicole Bahls,MC Igu,59,5t5xqHw9wJD6yxzcv4UI6W,Nicole Bahls,2018-12-31,Trapperz Brasil,37i9dQZF1DWWr5uieiPUVM,rap,trap,0.85,0.718,1,-6.846,1,0.318,0.113,0.0,0.283,0.712,130.053,236415
18g2NMnK8Eb8PUIRUWtltU,JLT (Just Like That) - Radio Edit,Sidney Housen,7,6s1vmeQsa76n85RWlnNqP6,JLT (Just Like That),2014-07-04,Fitness Workout Electro | House | Dance | Progressive House,6KnQDwp0syvhfHOR4lWP7x,edm,electro house,0.605,0.848,7,-4.476,0,0.1,0.25,5.9e-05,0.122,0.38,128.026,200625
3QmesrvdbPjwf7i40nht1D,Everlong - Acoustic Version,Foo Fighters,69,1zCNrbPpz5OLSr6mSpPdKm,Greatest Hits,2009-11-03,Unplugged Hits 📣,5NTm3injIRkUMROsZr3C2O,latin,latin pop,0.643,0.344,2,-11.342,1,0.0349,0.909,0.0112,0.106,0.547,144.171,250907
0XUHYxHOOctkSXReILAaJV,This Way (Khalid x H.E.R.),Khalid,46,0C0Vs4XobImmqpr6kIasde,SUPERFLY (Original Motion Picture Soundtrack),2018-06-15,Neo-Soul,1eqVgsNjaX6mxDPoefhocT,r&b,neo soul,0.62,0.282,5,-10.533,0,0.0464,0.694,0.0,0.119,0.193,124.609,211205
6GXe7h7e3VTbRp8sQ7GLv6,Can't Wait,Jill Scott,49,6qTd2uORfBAOVIS7mzDfLS,Woman,2015-07-24,NEO FUNK AND SOUL,2WbTrS5D0V2TW6DiDkJBru,r&b,neo soul,0.642,0.572,1,-8.383,0,0.063,0.0814,0.0154,0.0725,0.607,72.493,271667
2YX0K9fzoyqWpT5sgyzVXS,Wild Love - Jonas Blue Remix,James Bay,47,2F0275Pu76wB6riIesDuXY,Wild Love (Remixes),2018-03-01,Pop EDM Remixes,4aUEH3uhbofktrFkXOOaKj,edm,pop edm,0.62,0.814,11,-5.328,0,0.0476,0.0185,5.04e-06,0.337,0.606,124.057,205707
5F7HjYOGv2COHhhPMkS5NE,All That I Am,Joe,39,7Kb0pU8LBYOoI6hoj7ajHJ,All That I Am,1997-09-23,urban contemporary,7en9i0JMyJlRFX4r4XrXXx,r&b,urban contemporary,0.441,0.404,6,-11.524,0,0.0303,0.311,0.0,0.212,0.119,84.259,252120
3T4UodGkfZObJ43RtA5KFU,Connection,OneRepublic,70,6rVOUFV4qi8MgqF7na73rX,Connection,2018-06-26,Electropop 2019,4Bi8VLtaSu0JILliif8lH6,pop,electropop,0.611,0.602,5,-4.89,1,0.0437,0.000837,0.0,0.112,0.624,168.154,148460
5VcilNhompGkqXiF5pi7It,Skurr,Terrence North,0,2yQCwSoFErb7QeNWgJ7mH3,Skurr,2018-08-29,Top Urban Underground,4Gc9TFxlqmoe50m9Yy78ei,r&b,urban contemporary,0.617,0.563,8,-8.733,1,0.422,0.221,0.000509,0.0811,0.128,90.041,225600
5NTDpRBKYzdsq2m77oNKyY,Alive,R3HAB,55,3z6pjrfHv2lZmuWErz0BQ7,Alive,2019-08-02,EDM 2019,1T0ed6Mg0QIruHvcoWWIKy,edm,pop edm,0.632,0.857,11,-5.977,0,0.0772,0.0152,0.00816,0.272,0.376,137.989,188696
6n8wMpVpde4iJXAue6VHEL,Neptuno,Dj Dasten,35,0fUTLS7YrFMrjmZ7u2ctKi,Neptuno,2019-11-14,TOP 50 GLOBAL 2020 UPDATED WEEKLY 🌍🎶 WORLDWIDE,2CJsD3fcYJWcliEKnwmovU,r&b,hip pop,0.723,0.841,5,-3.439,1,0.0481,0.0287,0.0333,0.114,0.386,127.975,202290
3h4crsrQtBOhLrewXZ8w3D,hot girl bummer (with Khea) - Khea Remix,blackbear,69,0pD1MlAxLpxqDGU49gZ5T2,hot girl bummer (with Khea) [Khea Remix],2019-12-13,Reggaeton 2020 ☀,7xWuNevFBmwnFEg6wzdCc7,latin,reggaeton,0.775,0.569,6,-7.408,0,0.0507,0.133,0.0,0.355,0.626,129.911,135692
6LoeOsb4PfpP0ph9iMsvUf,Atrebor,Flughand,57,0Kkj075WxX8LUr1WZahm4p,Atrebor,2019-11-20,Jazz Vibes,37i9dQZF1DX0SM0LYsmbMT,rap,hip hop,0.798,0.503,5,-7.103,1,0.0541,0.587,0.927,0.114,0.537,82.099,136680
1YXq6U6yY6aQ5dkndki7KC,Fed Up,LVNDSCAPE,0,4VCl0Vl1YkyY1gLzf0bFEa,Fed Up,2016-05-06,Tropical Beats,37i9dQZF1DX1bDvyV0IkZ3,latin,tropical,0.447,0.842,4,-3.957,0,0.0463,0.000986,0.000327,0.518,0.232,111.938,230000
5hA2ZHjvt1tgp55OzaqYKL,Perfect - Stripped,One Direction,56,2AZsm9cX8g9P3sSoZlQiOR,Perfect - EP,2015-10-22,Unplugged Hits 📣,5NTm3injIRkUMROsZr3C2O,latin,latin pop,0.704,0.468,2,-6.218,1,0.0359,0.514,0.0,0.103,0.278,100.084,231680
5Sey3HgGa6KB46mlOyCClZ,Calling (Lose My Mind) - Radio Edit,Sebastian Ingrosso,56,68ORvGqWXloU4WOUOdW8bm,Calling (Lose My Mind),2012-01-01,Pop EDM,5EgzhnSirHRvu1AqlFLllv,edm,pop edm,0.416,0.849,1,-4.909,0,0.0455,0.00864,0.000138,0.204,0.147,125.098,205440
4Ac0Vqx7C72W4GbmyqQxNQ,@ ME,Antwillz,30,5nwi77paR62JwQXekpSSg6,@ ME,2019-12-06,GANGSTA RAP,3DUkl93JjPdOyX83SJr5ms,rap,gangster rap,0.728,0.834,8,-5.16,0,0.105,0.0168,0.33,0.118,0.46,160.157,156323
5rgnyXr2PXFWsAnPFew077,I Was Never There,The Weeknd,17,3N88bRVAwQrtKqSV0UgU69,"My Dear Melancholy,",2018-03-30,Urban Contemporary,4Pbs84EQbuAblxlp6Chz0d,r&b,urban contemporary,0.324,0.735,10,-4.054,1,0.0337,0.135,4.84e-05,0.169,0.169,113.923,241067
6Izo1xbJpWhwtdc2Nx4b2C,Selecta,Dopebwoy,41,4715ANGOCD0TdTVYhGbmNl,Selecta,2016-03-18,"Hot Latino Mix (Latin, Hip Hop, Rap, RnB, Dancehall, Reggeaton, Afro)",3hR2R6szlkwZeGyclTgHcF,latin,latin hip hop,0.868,0.609,5,-5.276,0,0.0608,0.277,0.0,0.105,0.742,99.995,187293
4VgYtXCVJ7IbWAZ5ryfvEQ,Muévelo,Nicky Jam,82,6sTdi5hrN3uFhARaqbikjG,Muévelo,2020-01-08,Global X,37i9dQZF1DWUxHPh2rEiHr,latin,latin pop,0.595,0.807,7,-2.409,1,0.0489,0.416,1.41e-05,0.565,0.919,188.081,194892
6TnxdnJcZIwCWiCHq5Qds0,Wish You Well (with Sigala),Sigala,5,1vlHG5JJCSsWBuA5vPTY7Q,Get To Know,2019-09-27,Dance Room,37i9dQZF1DX2ENAPP1Tyed,pop,dance pop,0.67,0.89,5,-3.785,0,0.0576,0.122,0.0,0.333,0.568,124.967,206440
3Rg28MEI3rkePjjLrrw9ys,Te Di Primero,Mathew,43,5zO8ggH4jSQnL1nT4CP0cL,Te Di Primero,2019-12-05,Trap Land,37i9dQZF1DXde9tuMHuIsj,rap,trap,0.759,0.51,1,-10.656,0,0.238,0.146,0.0,0.126,0.496,145.024,282000
5hEiIsFomgjEjRvoeRmHij,Bamboo,Homeboy Sandman,0,2OWXz4xGiFdu3nfetl33Iw,Veins,2017-04-04,Smooth Hip Hop,7ozFIvz1bE1HPgQTUl5qfT,r&b,hip pop,0.695,0.841,5,-6.356,0,0.192,0.306,0.0,0.424,0.531,110.775,124903
0Oa9mHOnH14GZ4toWwkf4c,Good Life (with G-Eazy & Kehlani),G-Eazy,65,3KDuNEtT7I41hNbzMUakyq,Good Life (with G-Eazy & Kehlani),2017-03-17,Electropop Hits  2017-2020,7kyvBmlc1uSqsTL0EuNLrx,pop,electropop,0.572,0.778,1,-5.208,1,0.233,0.00638,0.0,0.0563,0.54,168.073,225520
0VFJiOs6UOzmFCYFaTumKo,Doo Doo Brown,2 Hyped Brothers & A Dog,26,3PAf8UNJiQA923N08FYAMM,Ya Rollin' Doo Doo,1991-03-01,"Swingbeat (old skool), New Jack Swing, R&B, Hip Hop, Urban",3krpccUV68nBGAQbvHEZDC,r&b,new jack swing,0.906,0.382,9,-13.632,0,0.282,0.0782,3.21e-05,0.113,0.63,126.073,338533
577YBGuskWkVDCxZrLRB4v,Pure Cocaine,Lil Baby,77,4iF44RCCybJtkBkMoqrLW2,Street Gossip,2018-11-30,GANGSTA RAP,3DUkl93JjPdOyX83SJr5ms,rap,gangster rap,0.964,0.487,10,-6.071,0,0.421,0.00127,6.57e-06,0.115,0.107,127.05,154024
6U4sPtUkR3JjmhJiulSS9A,Good Love,Brasstracks,26,6MBrVHj4jlZNHcMfDWOqMV,Good Love,2016-08-19,Urban Contemporary,4425cRh83Uzor4qCRfM9lb,r&b,urban contemporary,0.664,0.774,6,-6.27,0,0.309,0.38,6.2e-06,0.0439,0.684,96.794,192002
01bWQ4TPGmsP6FS64nF4R9,Suave,Tabitha,49,0iamyfQNN5cS07MXtLB8NY,"Hsmn, Pt. 1- Single",2019-09-20,🔥🦁 GOOD VIBES ONLY 🦁🔥 // BROEDERLIEFDE || FRENNA || BROEDERS || HENKIE T  || BIZZEY || POKE \\,1d0fonZHpN4LYHTKbmNRbm,latin,latin hip hop,0.793,0.744,1,-3.966,0,0.0993,0.00901,0.0204,0.258,0.718,98.001,177377
115ndcAyWMabNy7WgUzP7t,Wave Goodbye (feat. Jeffrey Jey),Robin Schulz,52,5XyJzEROSmup2TcWmVjTIt,Sugar,2015-09-25,Tropical Morning,0vbtbmyihyvl2MVYrdKdGw,latin,tropical,0.715,0.668,10,-5.083,1,0.0507,0.0357,0.0,0.0869,0.377,124.014,195113
1BssJgelMGDNOeIy7ZqgOW,Hoy (feat. Bad Bunny),Nengo Flow,59,4fIyZEKAUwrH6o4rWrdmT0,Real G4 Life Vol. 3,2017-02-10,Los Cangri,2hTs6GuPwhmg4ApNqxWXLE,latin,latin hip hop,0.675,0.681,5,-4.495,0,0.151,0.23,0.0,0.132,0.553,141.87,234272
7y3rC6oY3Au1XGjdxT7Akn,Glory Days,Bruce Springsteen,1,1c72XklDkH9TmbPMxy11a9,Greatest Hits,2009-06-01,HARD ROCK CAFE,55ybnG2z8rpTIerRfnCsw6,rock,hard rock,0.568,0.885,9,-10.485,1,0.0311,0.15,0.0,0.0502,0.975,117.447,259267
0uuw5iDAOlc0lr6Bco629e,Tres Gotas De Agua Bendita,Gloria Estefan,39,0FLIEL0LI4A6lIYqRekRWH,La Reina Y Sus Amigos,2009-11-16,This Is Gloria Estefan,37i9dQZF1DXarsfY89zXC6,latin,latin pop,0.778,0.793,0,-4.013,1,0.0482,0.0936,0.0,0.0508,0.888,110.127,255747
1OxcIUqVmVYxT6427tbhDW,Fly Away,Lenny Kravitz,70,6MCNMOCRsh6nxs7PNzc0zN,5,1998-05-12,Hard Rock Cafe Classics,3sv5ViKoPDNnZRsklzEGMN,rock,hard rock,0.586,0.872,7,-5.066,1,0.0483,0.018,0.0,0.622,0.729,159.925,221333
3ELDXXIcNI3HZ6LoKK580V,until,Musiq Soulchild,31,50kPvqerqvDdl0JoWNMukp,onmyradio,2008-11-24,Neo Soul,2YPP7fiYu5pIcp2yyHvw4A,r&b,neo soul,0.561,0.736,11,-5.61,0,0.177,0.0118,0.0,0.23,0.448,99.404,210760
54CASntZ5zw4e9YiBX0zAT,Junk - Remastered 2011,Paul McCartney,1,7c0MBOaYZcLAmbrmW42Sjf,McCartney (Special Edition),1970-04-17,The Black Album,0KNLLunbFh9XgitPMOGmQg,rock,album rock,0.712,0.0862,9,-17.696,1,0.0325,0.814,0.000259,0.191,0.315,90.666,115293
7JvWO1fZaBWdIaeZ0jCtwc,Godzilla,Blue Öyster Cult,23,4T63Qbog5LdXhbZ9czS1jq,Don't Fear The Reaper: The Best Of Blue Öyster Cult,2000-02-08,70s Hard Rock,6pZlZ20vt3aDjIKw98aBtQ,rock,hard rock,0.376,0.862,11,-7.709,1,0.0546,0.177,9.57e-06,0.638,0.695,184.195,221400
5iUQMwxUPdJBFeGkePtM66,Dang! (feat. Anderson .Paak),Mac Miller,75,6f6tko6NWoH00cyFOl4VYQ,The Divine Feminine,2016-09-16,Saxophone in Hip Hop - R&B Lounge - Jazz Rap,2ujrP2rPxu8ao7wNeG1ZOY,r&b,neo soul,0.836,0.67,5,-6.907,0,0.23,0.00826,0.000355,0.0837,0.556,107.018,305350
5e45GhSF18JYoLpaq2F48h,"Azukita (Steve Aoki, Daddy Yankee, Play-N-Skillz & Elvis Crespo) (feat. Elvis Crespo)",Steve Aoki,69,5LSqEb2yiUoWM91rUnvDjS,"Azukita (Steve Aoki, Daddy Yankee, Play-N-Skillz & Elvis Crespo) (feat. Elvis Crespo)",2018-02-02,Hands Up‏‏​​   ‍,1lSdljPk8zcAdXVMUduDia,edm,progressive electro house,0.715,0.942,8,-2.889,1,0.107,0.00175,0.000461,0.0581,0.818,130.019,226162
3aoDEt6zSuYQ47gzarlaVo,Money - 2011 Remastered Version,Pink Floyd,15,3a0UOgDWw2pTajw85QPMiz,The Dark Side Of The Moon (2011 Remastered Version),1973-03-16,House Of The Rising Sun,1bMYfBHYBCRHY5LGkjlpSy,rock,album rock,0.469,0.537,9,-10.421,1,0.152,0.0241,0.00201,0.269,0.783,124.193,382834
5g9EIVLc8vm5H47dpEXFfE,Summer Crush,Maiwan,5,0yIpx6waKvmtfbotLbbeO7,Summer Crush,2017-11-04,Tropical Vibes,37i9dQZF1DX6RA5ZrA5a23,latin,tropical,0.67,0.643,0,-8.796,1,0.0453,0.0125,0.278,0.115,0.171,96.024,160520
1Z3mmjXCO6hplvu6l6JVoY,The Groove,Fabian Mazur,56,5n4WMO6ham6yba3yaJWyBS,The Groove,2018-10-08,Trap Mojito,37i9dQZF1DX1OIMC8iDi74,rap,trap,0.806,0.787,7,-5.07,1,0.413,0.117,0.0949,0.148,0.451,153.965,137143
3IlcFFY0W9gNomWQjnX6Rj,Show Me,Jill Scott,34,620y2xi6SkUb6IZlnnWxuG,"Who Is Jill Scott? - Words and Sounds, Vol. 1",2000-07-18,Neo Soul Music,78RRvktrPMSqAoCI21mNOe,r&b,neo soul,0.723,0.351,2,-10.719,0,0.0709,0.414,3.9e-05,0.388,0.284,137.934,248240
3IOvs8528ie9laMQO4PLPD,I See,Nicky Romero,48,7GbPBsYoV0tXFhnXThsVcQ,I See,2020-01-17,Trending EDM by Nik Cooper,4N1ipiKR3xla8UXtE12XBm,edm,progressive electro house,0.606,0.952,1,-3.391,1,0.0652,0.00222,0.0683,0.293,0.29,127.965,154687
1DkGOPjC2OXN7xcT31fjXN,I'm So Into You,SWV,35,2QHtc53nHnTTQip9d3VmoP,Best Of SWV,2001-11-06,"Back in the day - R&B, New Jack Swing, Swingbeat, RNB..etc.",3a9y4eeCJRmG9p4YKfqYIx,r&b,new jack swing,0.841,0.552,7,-10.345,1,0.0498,0.0453,0.00154,0.0533,0.596,99.018,278467
2bflwesbh5cKt0d9CxXPO7,Dance Freak,Chain Reaction,29,5cajv6mRb8xTwNUjoVgSJ3,Dance Freak,1980-03-15,House/Electro/Progressive/Disco/Lofi/Synthwave,42jbIN5Zj0UUPdtmqxQRKF,edm,progressive electro house,0.573,0.893,11,-8.056,0,0.146,0.00538,0.0697,0.231,0.707,121.651,407907
3e28rC25GO4g4aI0eKBFdb,Eres para Mí (with Anita Tijoux),Julieta Venegas,0,1wQBj19J1hgFqJHj8dHq1r,Limon Y Sal,2006-05-25,Latin Pop antiguo,4BmnnqWEQAamNoVjtjrQJP,latin,latin pop,0.8,0.685,6,-5.841,0,0.0778,0.0701,6.22e-06,0.278,0.899,96.986,192760
77BIrjVC4G4YRXUlc51Awl,City Vocabulary,Hause Plants,19,0Rhgm0jh2YlH7WOzouljzb,City Vocabulary,2020-01-06,Electro Pop | Electropop,2a5i2ZtEXGKwVGL16J8N0p,pop,electropop,0.301,0.906,4,-4.854,1,0.0757,0.347,0.663,0.597,0.361,150.109,184756
1Pu0gOLF3enqyti4alKaad,A Dream Is A Wish Your Heart Makes,Vinil,22,596jGnAqfjbChxMfVa6Wby,A Dream Is A Wish Your Heart Makes,2019-08-23,Pop / Dance,6mXh8CUBMBsBUu88a4eAQV,pop,dance pop,0.69,0.687,4,-6.084,1,0.0954,0.319,0.0,0.14,0.615,124.921,199375
1sI9LpIHEEzQwSVnp8oyfD,Summer Days (feat. Macklemore & Patrick Stump of Fall Out Boy) - Tiësto Remix,Martin Garrix,10,5ex1zIdBg0py0Dew5MH0dF,Summer Days (feat. Macklemore & Patrick Stump of Fall Out Boy) [Tiësto Remix],2019-06-21,New House   ‍,54XvQQsViMBwjO1ws2o2wx,edm,electro house,0.69,0.78,5,-4.446,0,0.0594,0.00733,0.00183,0.0729,0.238,126.07,255238
0RdxqjfOtnZQfhgmC7Fa5x,Stop By,Rahsaan Patterson,3,6F80rzW04TAxPf7miXUQZ8,Rahsaan Patterson,1997-01-01,I Love My Neo-Soul,37i9dQZF1DX44dZ4p5QLf4,r&b,neo soul,0.843,0.534,9,-6.737,1,0.0703,0.157,0.000256,0.294,0.872,90.03,354093
6UDrfHEnUWI3O03sacM3KO,Leaving (feat. Yuna),Ekali,57,7toy7pb6WIQAOWCMcwGBOQ,Crystal Eyes,2018-09-28,Pop EDM,5EgzhnSirHRvu1AqlFLllv,edm,pop edm,0.587,0.668,8,-5.79,0,0.0435,0.222,0.0,0.0589,0.124,93.974,175851
02jdttpwvUBvKdzHkoL644,Stray Lines,Mishaal,48,328z1IhMySDmAWdfcpV8bg,Stray Lines,2019-11-15,Pop Hits 2000-2019,6mtYuOxzl58vSGnEDtZ9uB,edm,pop edm,0.694,0.658,7,-8.863,1,0.029,0.364,1.43e-06,0.3,0.584,140.021,140250
6O1Bitx3ED63QfidpF5yHm,Switch,CLRFL,0,0Z3TDNVXjeTKm8KvE0F6Mo,Switch,2019-02-24,Trap Mojito,37i9dQZF1DX1OIMC8iDi74,rap,trap,0.52,0.958,8,-5.331,1,0.109,0.00626,0.827,0.127,0.519,160.033,178573
6UFivO2zqqPFPoQYsEMuCc,Bags,Clairo,70,4kkVGtCqE2NiAKosri9Rnd,Immunity,2019-08-02,Ultimate Indie Presents... Best Indie Tracks of the 2010s,37i9dQZF1DWTHM4kX49UKs,pop,dance pop,0.742,0.546,1,-7.694,1,0.0315,0.172,0.38,0.115,0.868,104.996,260520
3ZiuxcBeRanTjfHzVBuuQe,Would You Be So Kind,dodie,65,6xeFX3yRvaEV7ny5WKZ4cA,You - EP,2017-08-11,indie poptimism,1E5VdGGWkpDQ682gdvJAZH,pop,indie poptimism,0.662,0.614,4,-9.621,1,0.204,0.158,0.00019,0.126,0.616,160.068,180952
4bUrpXdPZIJMPUksA8ggDB,Hasta Viejitos (feat. Carlos Vives),Alejandro Gonzalez,59,7x4fQ2jEy7sJhOyqHGi4TP,Hasta Viejitos (feat. Carlos Vives),2019-09-06,Paraiso Tropical,37i9dQZF1DWYey22ryYM8U,latin,tropical,0.664,0.849,11,-5.996,1,0.0416,0.015,0.0,0.0559,0.723,81.94,199996
1FaMsrYFdk914HDLQar1tz,Someone You Loved - Madism Radio Mix,Lewis Capaldi,67,4wooeoqR0Ix5w7GDYvkHju,Someone You Loved (Madism Radio Mix),2019-02-15,Tropical Vibes,37i9dQZF1DXd8Gn5cSmvFy,latin,tropical,0.713,0.638,1,-4.666,1,0.0424,0.519,0.0,0.184,0.365,119.842,157172
5kqIPrATaCc2LqxVWzQGbk,7 Years,Lukas Graham,79,4rFrdkSWs0dtj0rWPzOk1v,Lukas Graham,2016-04-01,Today's Hits 2000-Present,6a66cg3HcsjYkisYyQcov6,latin,latin hip hop,0.765,0.473,10,-5.829,1,0.0514,0.287,0.0,0.391,0.34,119.992,237300
2BF1X5nkYYSb0AUTRaGkDm,Forbidden Voices,Martin Garrix,5,26oYqQO1MNxFLMfPttGRSS,Forbidden Voices,2015-02-23,Jeff Seid Electro House,2Tisn6NZbeofpc57Oc6MGo,edm,electro house,0.534,0.711,10,-5.927,0,0.0368,0.05,0.0031,0.135,0.3,128.102,230635
38yQMFhgXnTFYOnxrbOv9v,Huerfano De Amor,Don Omar,43,6mGDfbDErYIJsmSewvccWm,Meet The Orphans,2010-01-01,This Is: Don Omar,37i9dQZF1DWYBUdckfg1va,latin,reggaeton,0.718,0.692,9,-7.941,0,0.0449,0.452,0.0,0.381,0.861,139.968,292120
7pOSphiQrRDVnoiXtFbRmH,Echo,Seth Hills,38,0QpsDZ1L1tYpAsKMTVZxKr,Echo,2019-04-11,Electro House,6k45gxiQhfVqACfIdqONsC,edm,electro house,0.656,0.75,5,-4.594,0,0.0584,0.00207,0.874,0.117,0.119,126.04,141905
5c3664v0qorEpBy1nXqtfL,Good Life,Kanye West,3,6cl6EvIpUuS9JxwqLP1kX1,Good Life (Int'l ECD maxi),2007-01-01,Hip-Hop 'n RnB,0275i1VNfBnsNbPl0QIBpG,rap,southern hip hop,0.456,0.792,1,-6.889,1,0.323,0.00369,0.0,0.0648,0.485,82.999,209769
5iOtXGMVHXyLuPAOFFUfNC,Turn The Music Up! - Radio Edit,Wildstylez,22,36PbGuGHu3U7CmJirQDWxH,Turn The Music Up!,2015-05-25,Big Room House | Festival Bangers,5Bx5niVgi3qGQQw06C0RKq,edm,big room,0.574,0.943,5,-4.162,0,0.0576,0.00304,0.669,0.0526,0.193,131.988,239091
2rxJabc4yx6mAIsTmxg1Gv,Trampled Rose,Tom Waits,34,6F17MbloTeRoXs7JI3lTHy,Real Gone (Remastered),2004-10-05,Permanent Wave,5Go0Jsxj1UnsU7Om841BEo,rock,permanent wave,0.379,0.396,10,-9.274,0,0.0276,0.843,0.000897,0.121,0.45,130.709,237453
5mYNiuzRtpGUJZpbBRWrqo,Call Your Name,A.M.T,22,4BlI70rOKFGCNBoeYVxGKt,Call Your Name,2016-05-25,ElectroPop,0cuHKz65ZPqBX1brG8djlg,pop,electropop,0.616,0.871,7,-4.809,0,0.0341,0.011,2.18e-05,0.169,0.556,105.01,188134
0b9oOr2ZgvyQu88wzixux9,This Is America,Childish Gambino,76,7arx9qPJexCsDz67El4qvk,This Is America,2018-05-06,BALLARE - رقص,1CMvQ4Yr5DlYvYzI0Vc2UE,pop,post-teen pop,0.854,0.463,5,-6.159,1,0.137,0.117,0.0,0.354,0.549,120.024,225773
1lkvpmrCaXK8QtliFDcHBO,Bubbly,Colbie Caillat,71,7a8mrq83VEf0PoFh6pvtsb,Coco,2007-01-01,post teen pop,2ltt5ouiEO301o2jbxn30d,pop,post-teen pop,0.688,0.477,9,-6.681,1,0.036,0.594,0.0,0.115,0.257,127.866,196227
5ef1YfcBRyWqKZ5t9ZUYe0,Play My Music,Jonas Brothers,42,2UFGffYhwvhVGzXYldlpZk,Camp Rock OST,2008-01-01,Post teen pop,7jQHOrErpLMStcUUSavQWR,pop,post-teen pop,0.472,0.871,2,-3.492,1,0.0836,0.000632,0.0,0.219,0.803,177.965,197463
2kL2hCTYMfR69sQkRbALDY,Rock The Boat,Aaliyah,0,7nZwNYJLqhtTVQR24Inp49,Aaliyah (International Version),2001,"Back in the day - R&B, New Jack Swing, Swingbeat, RNB..etc.",3a9y4eeCJRmG9p4YKfqYIx,r&b,new jack swing,0.635,0.727,8,-5.102,1,0.0326,0.0674,0.00299,0.272,0.428,92.992,275427
4ZlAmYFjBTeuegxaC8kvgb,Making Moves,YBS Skola,43,4MyA2rW1Ybdp9FpC5kkWBY,Making Moves,2019-11-05,Gangster Rap,5joQabz9ys3XPGbSx5CaKv,rap,gangster rap,0.863,0.53,1,-9.846,1,0.39,0.0611,0.0,0.0805,0.599,159.948,160500
7cohRKBHDeIVhPGlU9toqE,One More Try (from & Juliet),Jessie J,55,5fHaL0U2KypgNtcOqLaXUC,One More Try (from & Juliet),2019-11-22,Global Top 50 | 2020 Hits,1KNl4AYfgZtOVm9KHkhPTF,latin,latin hip hop,0.665,0.434,5,-8.142,1,0.0337,0.221,6.15e-06,0.0765,0.363,114.842,196407
49ZgQp6Ew3jADFvaMrDbHL,Jack Yo Body,Harry Romero,12,0xcMLd4C4C1AKmqo8TgHxO,Jack Yo Body,2018-08-13,Selected House,2JPzPB9jnvJLAYtmCbvZy8,edm,progressive electro house,0.649,0.985,4,-6.625,0,0.0479,0.0025,0.556,0.0245,0.694,122.999,204876
1h2LOOg8VaNIZoXxc2J9rk,Save Room,John Legend,0,6Fgfn4OyOWRsHd7m6DwMEz,Get Lifted/Once Again,2008-10-28,Neo Soul,2YPP7fiYu5pIcp2yyHvw4A,r&b,neo soul,0.69,0.572,7,-6.131,1,0.0264,0.0457,0.0,0.0969,0.375,111.919,235667
3A7ZEigu5aHOHFs1lwfSJx,Loveless (feat. Robert James),Upchurch,40,65D0e2y6frdZYJ2kOLYR9U,King of Dixie,2017-10-18,Southern soul & hip hop,4xJULuV0P5PLcMe3xP8Pgj,rap,southern hip hop,0.606,0.549,0,-11.261,1,0.167,0.00237,0.0,0.198,0.524,176.051,308245
3e9iivPr1NZ0ivSGgTdvn4,Atmosphere,Kaskade,19,2EeOZAneVingnsvfx0JIV5,Atmosphere,2013-09-09,A Loose Definition of Indie Poptimism,4ZO0wp9G8FA3X6oYNBzda6,pop,indie poptimism,0.585,0.77,3,-4.604,1,0.0396,0.0227,5.6e-06,0.0692,0.393,122.987,231453
0RLLvYBopDwooCyvnTwgYu,F.N,Lil Tjay,82,1bCBZ8LedqwVYOLDLrRbbY,True 2 Myself,2019-10-11,A1 Hip-Hop,37i9dQZF1DX0sDai2F5jCQ,rap,hip hop,0.567,0.515,6,-10.265,0,0.247,0.354,0.0,0.078,0.321,120.1,224000
5W0vgRE9B23TZDj5B7pRUO,broken - Cash Cash Remix,lovelytheband,53,6YD4MtzSYRUZbLSWlUJwjU,broken (Cash Cash Remix),2018-12-14,Pop EDM Remixes,4aUEH3uhbofktrFkXOOaKj,edm,pop edm,0.497,0.747,11,-3.112,0,0.0894,0.0259,0.0,0.0697,0.355,140.81,191067
2TyGVInCFqKCNflq2WcQZW,Um Drink no Inferno,Xamã,56,3A9TmP9x2zGMgYtByN5Lvk,Um Drink no Inferno,2019-11-28,Trap Ouro,37i9dQZF1DWYBXtbGSCurj,rap,trap,0.775,0.436,0,-9.611,0,0.297,0.355,6.92e-06,0.277,0.303,127.993,168750
1175r6ZmkUjX8dRJLz9Ohk,I Love You So,The Walters,70,3MFTbUnA8C9T6KCBb0gpH5,Songs for Dads,2014-11-28,②⓪①⑨ mixed,2bOjjgN1S3Gqd8vSMyafvJ,rock,permanent wave,0.578,0.669,10,-4.898,1,0.0377,0.65,0.0,0.13,0.503,75.995,160254
2MFVal6TrCwl4RH98I2M8n,Maelstrom,Inoculus,24,6tsuEFD9AcQDcSZdVxm3xt,Maelstrom,2019-10-11,Tastemakers Ball  -  EDM - POP and FUN,67cpuBAXjwibm3LG333Oaq,edm,pop edm,0.551,0.973,5,-5.175,0,0.0368,4.08e-05,0.885,0.0979,0.411,150.001,182500
66w1iMtSQUJz5dsqJx4QPS,Pyramania,The Alan Parsons Project,34,3GwhihLKs0eZmgUUrshE9k,Pyramid (Expanded Edition),1978-06-01,Progressive Rock / Metal - Rock /Metal  Progresivo,7GhTpb4eOp6403Bmgqz3db,rock,album rock,0.84,0.625,7,-9.301,1,0.0627,0.0347,1.85e-05,0.109,0.669,139.344,162987
3gHFKiDanj4d2rqgHlRFFc,Hello It's Me,Todd Rundgren,54,3fRCOoTbBsOITBWlCRCJQr,Something/Anything?,1972,Soft Rock Drive,37i9dQZF1DX6TIU4D13lOY,rock,classic rock,0.578,0.848,5,-6.842,1,0.0261,0.0563,0.00426,0.0963,0.779,87.246,264093
6WirIUSpGjB8iQ5o4U8JJ8,Hard Bass Hard Soundz,X-RX,0,5JIYNQIA1KBVpkQkGnWMgt,Activate the Machinez,2012-05-25,Gothic / Industrial / Mittelalter / EBM / Futurepop / Gothik / Electropop,53CmFroG6MWR5reOOXJX6B,pop,electropop,0.604,0.985,1,-3.583,1,0.0322,0.105,0.793,0.0358,0.278,142.959,269640
6DTI3UnHdigW8AP0AIr5Wr,Rise,H.E.A.T,15,5HZRgYg6Gabx8vM14MAq5j,Rise,2019-11-08,Hard Rock,37i9dQZF1DX1X7WV84927n,rock,hard rock,0.474,0.932,2,-3.194,1,0.0417,0.000137,8.53e-05,0.289,0.363,105.009,256984
7EVk9tRb6beJLTHrg6AkY9,Tuesday (feat. Danelle Sandoval),Burak Yeter,74,6TvNvQ8DNIFyOMMksmKVDB,Tuesday (feat. Danelle Sandoval),2016-09-02,Mix ElectroPop//ElectroHouse// DeepHouse 2020,23swqzpOZwW1NhPiZ7iyFI,pop,electropop,0.841,0.639,9,-6.052,0,0.0688,0.0156,0.0654,0.0545,0.675,99.002,241875
6v1Hgn7yTvz7vQkJiRBESz,Nobody,Local Sound,46,0WYEPMMXkI0XVuKs3c9iZX,Nobody,2018-09-21,Christian Dance Party,37i9dQZF1DWUUPO0Sbx2CM,pop,dance pop,0.712,0.854,7,-5.079,1,0.0807,0.11,0.000126,0.0477,0.713,102.041,187693
6yIzFA5XvwY9ksUklpvX7h,Got That Sound,Danny Howard,11,6VppMpFDd4PMpLcNKIHZ8v,Got That Sound,2018-04-13,💊ELECTRO-HOUSE-TECH💊,0AFYmoSuoMQiGGjzvBwr6u,edm,electro house,0.646,0.96,6,-5.623,1,0.047,0.000882,0.914,0.352,0.757,124.997,217920
7Lk17yd6wYC4um3grYnSqV,Hurricane Highlife,WDL,5,0EwwmEA6CAKKppnepOCy9K,Hurricane Highlife,2016-01-28,Chillout & Remixes 💜,4NlAd9NpIa92IjErMyAriM,pop,indie poptimism,0.474,0.684,4,-5.523,0,0.0339,0.0632,3.93e-05,0.136,0.0824,94.956,281920
2nvhlJ4ilhKVSy2Hn5b7ij,Puttin' On The Ritz - Disco Mix Radio Edit,Taco,23,4uVHdVG4rwHKZ9uq40mc66,Puttin' On The Ritz (Disco Mix),2019-05-03,Electro Swing Top 100,5M7xLCQTYJL0lbKIrUn3a4,edm,electro house,0.733,0.903,2,-4.955,1,0.0523,0.0375,0.304,0.0807,0.819,122.035,161434
71MCTBfrjWOUJ23EkIf2fp,Forever One,MR.BLACK,38,78MypldnpPwzEkYMvu2nzj,Forever One,2019-11-15,Big Room EDM,3S03NWbWkrR1e7DPH9rf9Z,edm,big room,0.331,0.861,3,-3.063,0,0.16,0.00675,0.00145,0.0876,0.126,68.729,195652
2QuSUJTRJMzWssW9nXPGcf,Janice,Skip Mahoney,31,1MZBfVcbRIcYPtR9mMzdxU,"Then, Now And Forever",1993,House/Electro/Progressive/Disco/Lofi/Synthwave,42jbIN5Zj0UUPdtmqxQRKF,edm,progressive electro house,0.794,0.632,10,-9.358,0,0.121,0.0189,1.09e-05,0.0997,0.85,133.139,214547
3hQKuj4sZ9L4Yn0RC2SIrI,Ocean,Ella Vos,61,1FsZJRS7r5ed3FAXbnVbDh,Ocean,2018-12-07,The Sound of Indie Poptimism,7nHgmv7uyIA1KHj6qTttjH,pop,indie poptimism,0.471,0.361,11,-10.903,1,0.0281,0.0152,0.000509,0.143,0.0674,87.819,210503
0xYqWfml0Wh2OWPCJ9qLKb,Young Money,DubVision,61,1s5Xr7mLvozvvl2p8gg3kM,Young Money,2019-09-20,Electro House Top Tracks,1G0q0NK7g3C0XerNqq7GbL,edm,electro house,0.661,0.979,1,-4.401,0,0.0812,0.00665,0.234,0.0837,0.683,125.981,152381
7oSCKN8YAn1NpWrwnvXFpn,In The Place,SLVR,34,65r1qVSLAVRDNHKholqSRX,In The Place,2019-12-16,Electro House - by Spinnin' Records,4pVZ70y8vzzkn2GVwQbQw8,edm,electro house,0.732,0.868,4,-4.168,1,0.178,0.0559,0.362,0.126,0.591,126.001,155588
1caTqvWIUlkpY122g17GIm,Back Around,90 Miles,46,0cRfGtLNnI2MUmzu13uavk,Back Around,2018-08-26,Pop Hits 2000-2019,6mtYuOxzl58vSGnEDtZ9uB,edm,pop edm,0.59,0.818,0,-7.688,0,0.0513,0.0213,0.000485,0.0809,0.171,120.288,185000
4Nu8sEejt46770gDUvFcrF,Tequila - Robin Schulz Remix,Dan + Shay,54,3VzF9guTGtfqq9SAyjnHrn,Tequila (Robin Schulz Remix),2019-03-21,Cardio,37i9dQZF1DWSJHnPb1f0X3,pop,dance pop,0.448,0.836,11,-6.495,1,0.0809,0.229,0.0,0.427,0.482,122.899,170103
5A3TwAmhxbQ1qZCJ8N2H8C,The News,PARTYNEXTDOOR,70,5i6nptGVzZL6qY4YW0gTtN,The News,2019-11-21,Neo-Soul,1eqVgsNjaX6mxDPoefhocT,r&b,neo soul,0.74,0.465,7,-8.27,0,0.0411,0.304,0.00404,0.101,0.276,116.741,267384
15ahYSiHAIMxAnujlXVtta,Super Far,LANY,69,0HiwsXForePsWdIZW6EEkK,LANY,2017-06-30,EDM TROPICAL,3pS63EDS40FVGYL41zAcU4,latin,tropical,0.575,0.46,1,-6.839,1,0.182,0.0988,0.0,0.227,0.462,95.952,203650
2k6oLQC0nAw99WL1euDWdG,PAPI,Isabela Merced,63,3mwb9N7rZZ9dQD75y4a8KD,PAPI,2019-10-25,Latin Pop VIP,37i9dQZF1DX1QnNyJOBQBv,latin,latin pop,0.872,0.695,9,-3.838,0,0.223,0.0203,0.0,0.358,0.742,93.96,150267
2nrKuDLvgJGmxqPySyKhT2,The One - Radio Edit,Radiology,36,2QCQtIpUtBlarFDRvdQiCS,The One,2019-02-04,Big Room 2019,6SrHyxIxWfQx9ISEr6yowk,edm,big room,0.513,0.801,8,-4.902,1,0.0676,0.0727,0.0,0.0509,0.353,127.909,191411
7ILNaXjTXNJAksRhMhvthz,Mata Montana,Mata,64,5QMkutq8WBNwIRxkkR4CcN,Mata Montana,2019-10-04,Trap strefa,37i9dQZF1DWY3UKS6jvnxr,rap,trap,0.731,0.413,1,-15.149,0,0.482,0.346,1.44e-05,0.0666,0.734,156.11,201550
0BgbobvykXxEvxo2HhCuvM,Banana Pancakes,Jack Johnson,71,2B9q4KPjOEYu885Keo9dfX,In Between Dreams,2005-01-01,Unplugged Hits 📣,5NTm3injIRkUMROsZr3C2O,latin,latin pop,0.814,0.373,7,-8.017,1,0.116,0.602,1.75e-05,0.0931,0.632,114.55,191907
6cTGIsgnvU6Uz7AwfuVq64,Is There A Heaven For A Gangsta?,Master P,18,2PJ1QoAJhgj1EBMciyPLfE,Best Of Master P,2005-01-01,90's Southern Hip Hop,2NMW1nwQYSVlXd26uLenX6,rap,southern hip hop,0.722,0.767,6,-5.469,1,0.227,0.0235,0.0,0.167,0.697,78.737,193573
6LN6yG3hwdYkx4gkhWMV86,Mojo So Dope,Kid Cudi,1,6X6xLHElxV7dpIIZ5EFHDM,Man On The Moon II: The Legend Of Mr. Rager,2010-01-01,Hip-Hop 'n RnB,0275i1VNfBnsNbPl0QIBpG,rap,southern hip hop,0.61,0.761,6,-8.147,0,0.0792,0.564,0.93,0.338,0.853,180.057,210587
1VWSVt3Q0nGbq2EHe2zJYJ,Pair of Dice (Radio Edit),Tiësto,0,7uF3tw2fIZw07hUaGLU3Pe,Pair of Dice (Radio Edit),2012-10-08,Gym (Melbourne Bounce/Progressive House),5BqOZpVEqRDfZScvW1QUyA,edm,progressive electro house,0.493,0.918,8,-4.37,1,0.0583,0.000136,0.909,0.887,0.209,128.022,185500
5q04ftJMH7VjaKEbNUz18u,Holding Back The Years,Simply Red,1,0emaOw64y1tYsdwKpWwzvP,Simply Red 25 The Greatest Hits,2009-02-03,Classic Rock Greatest Hits,6TeyryiZ2UEf3CbLXyztFA,rock,classic rock,0.696,0.514,10,-7.899,0,0.0252,0.654,4.31e-06,0.318,0.682,87.159,251587
1m9yGw9LwTHc7s3i7ARXRn,Pride (In The Name Of Love),U2,32,0pYUq4UiXNgq8mO23rlHVU,U218 Singles,2006-01-01,HARD ROCK CAFE,55ybnG2z8rpTIerRfnCsw6,rock,hard rock,0.451,0.918,4,-3.414,1,0.0329,0.00178,0.00156,0.688,0.695,106.033,229040
0Ulpm8SoYA6e7ZDdFqzc97,Depiction,Wenzel,57,0ekX6xTvDBQe9FkuQyParN,Depiction,2019-01-28,Lush Lofi,37i9dQZF1DXc8kgYqQLMfH,rap,hip hop,0.595,0.285,11,-14.36,0,0.0371,0.973,0.946,0.146,0.305,130.021,118154
14XWXWv5FoCbFzLksawpEe,Riders on the Storm,The Doors,74,7IKUTIc9UWuVngyGPtqNHS,L.A. Woman,1971-04-19,House Of The Rising Sun,1bMYfBHYBCRHY5LGkjlpSy,rock,album rock,0.549,0.722,11,-11.729,0,0.0283,0.25,0.0138,0.11,0.716,103.885,434720
12GEpg2XOPyqk03JZEZnJs,It Ain’t Me (with Selena Gomez),Kygo,69,4VNy5ifZtW3E9SgffbGEti,It Ain't Me,2017-02-17,Dance Pop,37i9dQZF1DWZQaaqNMbbXa,pop,dance pop,0.64,0.533,0,-6.596,1,0.0706,0.119,0.0,0.0864,0.515,99.968,220781
2v5JTeM6hSmi5wWy7jiwrI,I've Been Waiting (w/ ILoveMakonnen & Fall Out Boy),Lil Peep,76,4BQUTZlR3OMrBorJo1ahoY,I've Been Waiting (w/ ILoveMakonnen & Fall Out Boy),2019-01-31,Electropop,2Z5cPJ6Z4EVZAfF08amjvL,pop,electropop,0.741,0.845,5,-3.568,0,0.0381,0.15,0.0,0.174,0.926,129.939,233613
1OmcAT5Y8eg5bUPv9qJT4R,rockstar,Post Malone,14,1YCRXKLDRB0UnbrFUJ4F6e,rockstar,2017-09-15,Hip Hop Controller,37i9dQZF1DWT5MrZnPU1zD,rap,hip hop,0.58,0.531,5,-6.631,0,0.0776,0.128,0.000127,0.143,0.141,159.786,218320
3mnRb7zMa365CYEpYOwYCz,Let The Music Guide You (ASOT 950 Anthem),Armin van Buuren,52,3vmndvVm1WJZpqJkmlde0B,Let The Music Guide You (ASOT 950 Anthem),2019-11-22,Trance Party 2019 by FUTURE TRANCE,2yofeyPwe0ZNmJHTrGz2Qt,edm,big room,0.536,0.916,8,-5.572,0,0.0452,0.00174,0.858,0.331,0.196,135.017,187667
19YKaevk2bce4odJkP5L22,Nikes,Frank Ocean,72,3mH6qwIy9crq0I9YQbOuDf,Blonde,2016-08-20,Urban Contemporary,4425cRh83Uzor4qCRfM9lb,r&b,urban contemporary,0.543,0.394,8,-9.637,1,0.0864,0.695,0.000239,0.108,0.118,137.811,314075
5DQGkXXLiOhf5cKqIyWh5L,Rockstar,Duki,2,1F7NrR7X4rxJflXq1mCLOC,Rockstar,2018-03-09,Trapperz Argentina,37i9dQZF1DWXrVH01e3PIE,rap,trap,0.878,0.855,9,0.642,1,0.094,0.0906,0.0,0.174,0.33,123.991,112273
6Js75PRS6otkphpPKtIrcp,Pimp Like Me,D12,0,1goTTgn8yBzKNOCocQcMQy,Devils Night,2001-01-01,Gangsta Rap/90's Hip-Hop,39IFMVQdRNdb7kVfyTvHjM,rap,gangster rap,0.878,0.544,9,-4.618,0,0.284,0.0981,0.0,0.198,0.546,135.987,356960
4mTtMweEZoyyjq7emPX5hQ,Lowlife,Josh A,54,0SazAuttORzDn2zcNjxgyd,Lowlife,2019-10-30,Gangsta Rap 💎 Rap Party,0BwUQpqHSlC2YfKwOp2dQV,rap,gangster rap,0.722,0.791,2,-6.555,1,0.245,0.143,0.0,0.129,0.332,160.061,94582
2xF7M285cPAZyBYRWSZYDd,The Repair Man,Tucka,30,2VU9xYC9n7UROhW8pjPnQt,Long Live the King,2016-07-21,Southern Soul BBQ Mix,3nTS97zUqxJBQeiXNRs963,rap,southern hip hop,0.931,0.39,8,-6.134,1,0.0594,0.159,0.0,0.0812,0.806,96.006,300440
4wNoRqV13QFo0ioevVaP1W,BMW Alpina,Capital Bra,47,186E5XovNHY19VgZPNjHJs,BLYAT,2017-09-29,Gangster Rap Deutsch,1qXg9ck25tBRxeXsj8mbDG,rap,gangster rap,0.777,0.727,1,-6.107,1,0.283,0.357,0.0,0.0777,0.614,150.103,192200
18GRAKN6GCfB5PBOrEdxjb,Everything I Do - Folamour Jazzy Revibe,Guri,0,7bEStW9wqmagLEy2yZW94n,Everything I Do EP,2017-10-20,CHRISTIAN ELECTRO / DANCE / EDM,0MhTMIo1bgH6zzPh7BdChT,edm,progressive electro house,0.614,0.763,7,-8.603,0,0.0599,0.057,0.886,0.151,0.869,127.031,364000
3xRzUblYGZhVs52fMjii7R,Off The Ground,The Record Company,53,2Rqva9thIdrhXv0VKSvgt3,Give It Back To You,2016-01-01,Blues Rock,56dbowk1V5ycS5jW7DSvi5,rock,classic rock,0.543,0.696,7,-4.572,1,0.0426,0.601,0.215,0.384,0.849,92.15,253747
52xtApt0X5IZpV88lcSnnf,Se Siente Bien,Dragon & Caballero,52,3bTxKb6I54lCSPkP385Ko8,Se Siente Bien (Special Edition),2009,MIX LATIN POP°,6IS6XTdbS9qJZgfjNKgpB8,latin,latin pop,0.76,0.735,9,-6.546,1,0.0607,0.493,0.0,0.152,0.928,95.991,244813
39UIwDCCrKor2LKwymOtey,Something About You,All-4-One,18,4L5ZA0GukWNWjsk9b7HHDy,All-4-One,1994-01-01,90's NEW JACK SWING,0dmInkymNnOTWvEFamSNzb,r&b,new jack swing,0.783,0.659,11,-9.22,1,0.0412,0.0954,0.00326,0.141,0.925,101.745,306560
0KtJ0y5Q2xS9UAjucbkcH2,Summer Song,The Cranberries,38,6HNTsQFMdG9XdQ4ROCG995,In the End,2019-04-26,The Cranberries Best Of,4E3K9oQgvLcKEz0wgBBXxD,rock,album rock,0.596,0.925,0,-4.882,1,0.055,0.0343,1.07e-05,0.175,0.616,137.919,214400
2bXR3wHjJ7zBZ7RRuTVCvQ,The Perfect Kiss - 2015 Remaster,New Order,50,6ls958BLJbeFT3OqAYTvQB,Low-life,1985-05-13,"""Permanent Wave""",3HjTMn6O6adW8vcSMnqmhw,rock,permanent wave,0.629,0.859,0,-6.065,1,0.0325,0.00521,0.252,0.131,0.8,130.405,289373
7Mr2ikCnz0wRaYpqkwnSzh,Feeling Good,Ms. Lauryn Hill,34,71ShNGI2uUKZnCBOITSjRL,NINA REVISITED: A Tribute to Nina Simone,2015-07-10,NEO FUNK AND SOUL,2WbTrS5D0V2TW6DiDkJBru,r&b,neo soul,0.546,0.678,7,-5.685,0,0.0432,0.175,0.0,0.761,0.455,116.922,243080
471HeGJPKw07MObixON0Um,Tabú,Pablo Alborán,78,4js3JAU4F9I0iBMGHzEOvn,Tabú,2019-11-06,Latin Pop VIP,37i9dQZF1DX1QnNyJOBQBv,latin,latin pop,0.748,0.808,9,-5.943,0,0.0619,0.0366,3.66e-05,0.11,0.553,99.997,179775
5iZVTYv8j4nyaNwlzf0T7H,V.I.P. (feat. The Product G&B),Kay One,0,04pmsDrO1AzoE1RyedmRHX,Rich Kidz (Gold Edition),2015-05-08,"Hot Latino Mix (Latin, Hip Hop, Rap, RnB, Dancehall, Reggeaton, Afro)",3hR2R6szlkwZeGyclTgHcF,latin,latin hip hop,0.888,0.667,0,-6.374,1,0.124,0.0569,0.0,0.119,0.745,110.042,264284
5eR1O5GNIN7kTtfxgg2NFh,Maya,Prabh Deep,49,3NFArSygU2daznAVArd7eA,Maya,2019-05-13,RAP 91,37i9dQZF1DX1ct2TQrAvRf,rap,hip hop,0.852,0.625,9,-4.747,0,0.242,0.39,5.1e-05,0.109,0.641,140.003,274424
0VffaI2jwQknRrxpECYHsF,Greyhound,Swedish House Mafia,65,4ljisoNarj0BpQSMIEv88L,Until Now,2012-01-01,2011-2014 House,53Ga3Xt9fumdJfhNNSBvzU,edm,progressive electro house,0.723,0.806,0,-4.989,1,0.0521,0.00666,0.876,0.276,0.539,124.976,410097
4o7ZPI2fmEi3piRe0Hrfpy,Hey Jealousy,Gin Blossoms,59,484pzryEPqn6KSMLtP2c4f,New Miserable Experience,1992-01-01,The Sound of Permanent Wave,4EYSGTuqe9cVfSVpX4gtGv,rock,permanent wave,0.471,0.797,6,-8.407,0,0.0389,0.000179,6.49e-06,0.299,0.497,152.903,236627
5fqt5nfPEgbOuIajbZmkBv,Me and Your Mama,Childish Gambino,2,0jR6E4KQGrVLbnG6Fw3pe9,"""Awaken, My Love!""",2016-12-02,Groovy // Funky // Neo-Soul,0JmBB9HfrzDiZoPVRdv8ns,r&b,neo soul,0.55,0.451,5,-11.754,1,0.0363,0.00957,0.0228,0.0712,0.247,117.951,379227
5st5644IlBmKiiRE73UsoZ,Fuck You,Lily Allen,63,2OUL7ZpAvUaWyylZ1lXpe0,"It's Not Me, It's You",2009-01-26,Latin Pop antiguo,4BmnnqWEQAamNoVjtjrQJP,latin,latin pop,0.775,0.904,1,-4.08,0,0.0437,0.0271,0.000303,0.06,0.84,130.009,219893
0EGUDnaPVApfA8RAg6xa2x,Keep On Shining,Silvio Luz,0,6DZxfPZguX0HKyfxMcNI10,Latin Village 2015,2015-08-14,Latin Village 2019,3JcJCsvBnRsA6oc7eUYDSB,latin,latin hip hop,0.793,0.972,2,-4.92,1,0.0684,0.0102,0.199,0.346,0.594,126.0,278120
5h6SovHOYpIMlAkafxcbq3,Funk #49,James Gang,57,0FHtUmahwAambT6S4boSP0,Rides Again,1970-01-01,The Sound of Album Rock,3yj9YnQGTdnFuKbDyXGDi6,rock,album rock,0.652,0.94,2,-7.927,1,0.0776,0.0398,0.782,0.0567,0.72,91.242,246293
5SkdlJ2J6jc5M0tYlcG4vf,This Is What You Came For - R3hab vs Henry Fong Remix,Calvin Harris,44,4wHI7bZSdSQAbiVElWBlSO,This Is What You Came For (Remixes),2016-08-02,Hands Up‏‏​​   ‍,1lSdljPk8zcAdXVMUduDia,edm,progressive electro house,0.706,0.853,9,-4.796,0,0.0608,0.00216,0.00351,0.0857,0.205,128.017,258747
2shJ8NyEGiB2DuOTFdgavK,I Will Trust,Fred Hammond,39,5KghSPn1QOwWo9IEQUtVel,I Will Trust,2014-11-14,Gospel,0pItJZBDZFvgAOdFnSITnJ,r&b,urban contemporary,0.208,0.572,3,-4.369,0,0.0386,0.251,1.1e-06,0.0935,0.144,171.135,394840
78w3kPqUAwDjADBY3xAGHl,OakGroveRoad,BONES,0,5Js5C9XkRD3oTbZcEDiRGi,HermitOFEastGrandRiver,2015-11-29,< DARK TRAP >,19WuHd4MxWLzE1fpMmw4S4,rap,gangster rap,0.745,0.688,6,-9.263,0,0.103,0.264,0.00906,0.077,0.522,114.997,107750
4Sfa7hdVkqlM8UW5LsSY3F,Take a Walk,Passion Pit,68,14JU5SskmcyckE5I8PY6lv,Gossamer,2012-07-20,Indie Poptimism,7Ic1UwucK3ozdycPBIPVSR,pop,indie poptimism,0.566,0.755,11,-5.526,1,0.0368,0.0338,0.0,0.315,0.445,101.006,264493
4iWYPj04kHXcZK0st5yzZf,Courtesy Call,Thousand Foot Krutch,68,4fSovBNtliN1OY3CXNDS16,The End Is Where We Begin,2012-04-17,New Hard Rock,64BvJcehegyvhqQtV82Ddz,rock,hard rock,0.532,0.633,11,-5.106,0,0.0682,0.00378,0.0,0.0804,0.448,164.13,236907
4QH6uRewEzm7J8QxO4EiTh,Ella - Remix,Pitizion,46,5YDJAvOuYxVPPMB7tCRykZ,Ella (Remix),2019-11-29,Latin Pop Rising,37i9dQZF1DX8womvTyUjrN,latin,latin pop,0.65,0.722,0,-4.453,1,0.308,0.466,1.42e-05,0.123,0.901,91.776,194760
5BXj1QDRU77J1ngVavG1tI,Kyrie - Single Version,Mr. Mister,54,0qCccU99b8JabM1xPpWJKh,The Best of Mr. Mister,2001-04-17,80s Pop & Rock Hits and Album Tracks,0XOIK4m26aeYSD61E5nSVW,rock,album rock,0.489,0.676,0,-8.769,1,0.0367,0.287,0.0,0.389,0.623,89.735,256960
1SG6r7daFfpzPcU15luVqB,Never Change,Don Diablo,72,3YlCbpHzM8GyLYE43TXijW,Never Change,2019-09-05,Club Mix 2020 🍹,7sq6nuruoMyDhEWkX2oYOg,edm,electro house,0.553,0.954,7,-2.883,1,0.0575,0.00377,0.0429,0.408,0.236,125.89,170476
3F0mcxksBp33QrL6oyjvLN,Sakura Trees,Saib,62,5mgVRRHjtl9fSY3rUHysJx,Buena Vista,2017-03-10,Sunny Beats,37i9dQZF1DXbtuVQL4zoey,latin,tropical,0.643,0.56,0,-7.295,1,0.0354,0.204,0.197,0.0908,0.521,79.986,99997
5G0nSEIT0fGUZY0caM9AnH,The Season | Carry Me,Anderson .Paak,53,4VFG1DOuTeDMBjBLZT7hCK,Malibu,2016-01-15,Urban Contemporary,4425cRh83Uzor4qCRfM9lb,r&b,urban contemporary,0.387,0.726,1,-7.681,1,0.412,0.0998,0.0,0.653,0.632,78.846,328813
1vV2FBKYvu6sJDqzSCNgbI,Hablar de Ti,Gepe,65,4n65tDbR2iIn5e9jgo9Zwv,Ciencia Exacta,2017-05-26,Paraíso Tropical,2v41efarffe6iY8qpMK5Gj,latin,tropical,0.592,0.487,9,-9.052,1,0.251,0.485,0.0,0.0768,0.638,170.285,205569
1A2PWRltFrX8iB8IP3CUgo,St. Elmos Fire (Man in Motion),John Parr,68,70P9doc1EAqyb36gRmaPcU,St. Elmo's Fire - Music From The Original Motion Picture Soundtrack,1985-01-01,80s Pop & Rock Hits and Album Tracks,0XOIK4m26aeYSD61E5nSVW,rock,album rock,0.612,0.6,9,-10.945,1,0.0327,0.15,3.04e-06,0.222,0.471,111.203,251800
21hFOEl3CKRHmGbBNhvAVH,Smoke Break,Jasper Loco,6,4t0yzrjXWiZIil0Z7trwS2,Eastside Assassin,2011-06-21,Chicano Rap,3o3xRXWMtBMezk0E3wmtGI,latin,latin hip hop,0.56,0.647,2,-6.614,0,0.148,0.239,0.00231,0.0794,0.567,77.954,385308
7kInKptdDDvadBzmos1LUH,Dance Again,Jennifer Lopez,0,4XL0DPEzNgyv1MhwcLYR6G,Dance Again,2012-05-18,"Hot Latino Mix (Latin, Hip Hop, Rap, RnB, Dancehall, Reggeaton, Afro)",3hR2R6szlkwZeGyclTgHcF,latin,latin hip hop,0.799,0.864,11,-5.244,0,0.0702,0.0185,3.76e-06,0.0962,0.679,127.99,236573
1HwpWwa6bnqqRhK8agG4RS,Beautiful Soul,Jesse McCartney,72,2gidE8vgVOkYufANjuvj3S,Beautiful Soul,2004-01-01,The Sound of Post-Teen Pop,10FCW9lj0NdeoYI5VVvVtY,pop,post-teen pop,0.66,0.666,9,-4.342,1,0.0472,0.0759,0.0,0.0268,0.933,89.975,214227
2yndyCjYuUzJyBOQfAIjII,Let's Get Lifted,John Legend,0,35TgUtdUVmWvFqzVMGvvm8,Get Lifted,2004-10-26,Neo Soul,2YPP7fiYu5pIcp2yyHvw4A,r&b,neo soul,0.563,0.709,9,-8.208,0,0.052,0.212,1.43e-05,0.575,0.473,86.991,217385
5dwkH86siu5ssq03GzXZnw,No Stress - Sofi Tukker Remix,Laurent Wolf,40,2lh4UK9kUiKWy2aocnP4hf,No Stress (Sofi Tukker Remix),2019-11-08,EDM 2020 House & Dance,25ButZrVb1Zj1MJioMs09D,edm,electro house,0.584,0.928,1,-6.308,0,0.032,0.0261,0.057,0.161,0.065,130.01,248365
4z3RCjcCBdDFqYlrhDglXf,La Pregunta,J Alvarez,2,70MlPWqiWt8nE5zxqVRgM2,Otro Nivel De Musica,2011-09-20,Reggaeton Rewind,37i9dQZF1DXco4ODkIraMD,latin,reggaeton,0.74,0.65,8,-5.849,0,0.136,0.0585,0.0,0.0793,0.808,172.081,269240
5vqxTtkfBU3dtUgGoPEsiv,Longview,Ruby Velle & The Soulphonics,0,4czOMMgwzSR4Ifj1QSQacO,It's About Time,2012-09-04,NEO FUNK AND SOUL,2WbTrS5D0V2TW6DiDkJBru,r&b,neo soul,0.61,0.602,5,-5.505,0,0.154,0.261,0.0,0.122,0.764,176.504,233453
3Fd0HFWIJ1BGz8zSre2E36,Rocas (feat. Portavoz & Stailok),Jesteinritmos,0,0Voe7yAceNU36c6OCnG0to,Lenguaje Vivo,2014-09-25,HIP-HOP: Latin Rap ['89-present],5fWgI0IJ1el5NB1sZ0Egsx,latin,latin hip hop,0.633,0.912,6,-3.462,0,0.237,0.254,0.0,0.39,0.693,89.287,258933
6jl6WS8xKvtUkPAnC9UsBW,Heya Heya,Rocwell S,48,2lbTfRFhddl4OHzVJNmgV3,Heya Heya,2019-07-19,Global X,37i9dQZF1DWUxHPh2rEiHr,latin,latin pop,0.814,0.723,11,-7.256,0,0.154,0.25,0.0,0.318,0.704,119.953,162000
0ZBtXonwjdAbRo2UrD0Efq,P.D.A. (We Just Don't Care),John Legend,58,1ZWwFwSKaREGLWxpGiPAoF,Once Again,2006-10-24,Urban Contemporary,4Pbs84EQbuAblxlp6Chz0d,r&b,urban contemporary,0.796,0.729,11,-6.94,1,0.0488,0.082,0.0,0.302,0.578,111.496,278760
2nkFpD41Ql0q8apFD4bpGo,Any Other Way,Wayward Sons,32,6T2ekmMnjUKoeuLjJb37UH,Any Other Way,2019-08-30,Hard Rock,37i9dQZF1DX1X7WV84927n,rock,hard rock,0.537,0.901,1,-3.191,1,0.135,0.00143,0.0591,0.0835,0.755,158.057,203407
7lhISVP7d3AByvq3KBlvH4,Mów,Otsochodzi,56,0NtevwrKAhzvm0X0zpyy1g,Mów,2019-05-10,Trap strefa,37i9dQZF1DWY3UKS6jvnxr,rap,trap,0.679,0.673,0,-7.484,0,0.346,0.235,0.0,0.246,0.538,143.675,220000
0PZRlp2wrQDausamlangtw,Under,Mac Ayres,58,02dq5KH5htRQNedTyplLu8,Something to Feel,2018-09-05,Neo-Soul Guitar,0aS9YCNTNrDiMNa9tT49RG,r&b,neo soul,0.732,0.366,3,-8.601,0,0.0568,0.568,0.000593,0.194,0.544,85.909,225866
3GbgDxpsb0uydqD8haxjwn,Black Hearted Woman,The Allman Brothers Band,0,47JEuhxr6EgINeiUMSn0lu,Gold,2005,Southern Rock/Classic Rock,0QUlq0LMDVXSBtbyYLTyZh,rock,classic rock,0.582,0.853,7,-10.755,1,0.0663,0.496,0.538,0.697,0.775,110.268,316173
57XsqI2gTdJ3T5W3c9sWD8,Down in da Club,Jackie Neal,21,2EFNounrdGA9BOUBR6TJNe,Down in da Club,2007-07-05,Southern Soul BBQ Mix,3nTS97zUqxJBQeiXNRs963,rap,southern hip hop,0.853,0.532,10,-5.119,0,0.0603,0.0154,8.2e-06,0.227,0.876,102.933,239653
2aFAmDBycyEnj3lcS95JMe,With You - LöKii Remix,Kaskade,57,5cHgBxHHpJLjMWGBBiJEVJ,With You - The Remixes,2019-09-12,Dance Room,37i9dQZF1DX2ENAPP1Tyed,pop,dance pop,0.708,0.727,9,-7.647,1,0.0389,0.0201,0.676,0.37,0.512,120.012,231480
1aKsg5b9sOngINaQXbB0P7,Love Me Harder,Ariana Grande,9,5AMOKSM1ftb3opIbGT2d4q,My Everything (Deluxe),2014-08-22,Electropop - Pop,5TiiHps0hNCyQ6ijVkNZQs,pop,electropop,0.472,0.714,1,-4.389,0,0.0334,0.00937,0.0,0.0764,0.24,98.992,236133
5XcZRgJv3zMhTqCyESjQrF,Poison,Alice Cooper,70,033cvSPAuSU5ArRfIgQSDU,Trash,1989-07-25,The Sound of Album Rock,3yj9YnQGTdnFuKbDyXGDi6,rock,album rock,0.28,0.908,2,-5.509,0,0.109,0.0327,8.85e-06,0.18,0.26,118.698,270080
0TO6WzsGeyBsSZhHv9PemG,Good Intentions - LP Mix,Session Victim,49,1SNe7Kq4pueLuUjIy9azKg,The Haunted House of House,2012,House/Electro/Progressive/Disco/Lofi/Synthwave,42jbIN5Zj0UUPdtmqxQRKF,edm,progressive electro house,0.718,0.739,10,-12.43,0,0.0643,0.037,0.941,0.0948,0.94,119.0,269667
0Jic1enFHt5xG7E1nHdeYn,This Is The Carter,Lil Wayne,45,5POcKy926GgzFHZpGptJac,Tha Carter,2004-01-01,Southern Hip Hop,4lcyWQDOzPfcbZrcBI3FOW,rap,southern hip hop,0.844,0.854,7,-3.694,0,0.265,0.17,0.0,0.092,0.777,95.081,276040
7tfdE7sUbVkPhfAK3rwyc2,Glue,Fickle Friends,0,2PJd7fReqJ0PeQxG0XURzy,Glue,2017-06-15,Indie Poptimism,21nxmipQe5xtXoHHPaYfnY,pop,indie poptimism,0.678,0.807,6,-4.063,1,0.0698,0.243,0.0,0.15,0.632,115.993,187857
6iZtDWu3FTuxu7AprIqA3Y,Hocus Pocus - Extended Version,Focus,49,3oUXNITVgUpdN2cUwH3hmS,Moving Waves,1971,Progressive Rock / Metal - Rock /Metal  Progresivo,7GhTpb4eOp6403Bmgqz3db,rock,album rock,0.267,0.722,2,-7.344,1,0.102,0.00596,0.893,0.35,0.347,184.093,402560
6Knv6wdA0luoMUuuoYi2i1,My House,Flo Rida,76,5lkNnHVlnCCCV304t89wOH,My House,2015-04-07,random playlist that can't decide its genre so go ahead jam along with these catchy tunes,49qyKvg6UAQAvIMUIGMnP3,pop,indie poptimism,0.688,0.702,7,-4.792,0,0.0499,0.0215,0.0,0.128,0.74,94.006,192191
1AKGJQIHP3dIPuhOjdxD6a,Bitch Lasagna,pewdiepie,71,011iiGYooEuNN0c4770O6q,Bitch Lasagna,2018-11-06,Electropop,2Z5cPJ6Z4EVZAfF08amjvL,pop,electropop,0.795,0.789,2,-5.21,1,0.259,0.0133,0.0,0.113,0.535,149.961,134417
4n3i8iYdTpOHUTf3BmGmaF,Comin' Out Hard,8Ball & MJG,37,06SddgnxumQW8eVw2lcn9S,Comin Out Hard,2015-03-03,3rd Coast Classics,1QJ66s6YBZgxMUaVUyrhbo,rap,southern hip hop,0.883,0.563,1,-11.518,1,0.253,0.0518,0.01,0.0961,0.743,86.907,270293
2HAVFycrhtbmLxyyxpm6JI,Killing Me Softly With His Song,Fugees,55,29pTiwvAAgbAjrl0g1twLy,Greatest Hits,2003-03-25,90s R&B - The BET Planet Groove/Midnight Love Mix,7LjRWGUdOmBdPG1W1bga4i,r&b,new jack swing,0.765,0.437,4,-10.122,0,0.0723,0.0267,1.28e-06,0.167,0.499,92.414,290293
4nbwCdtGPC4yZZzNpc2nFk,Zeus - Original Mix,MOTi,0,1oq24jPlHn6RWnPYQ82E7s,Zeus,2014-09-22,big boom room — TOMORROWLAND EDC EDM BIG ROOM AMF ADE DANCE TRANCE HARDWELL TIESTO,2oalsaFUockoPf1DU3wrL8,edm,big room,0.713,0.819,5,-2.54,0,0.155,0.00693,0.673,0.137,0.552,128.0,297656
4P0DhXz4UIGH4YIH0xDUNx,My Whole Life,Rob C,30,5dg3igzjWOHtb7ulOZccjs,Reloaded,2017-07-15,RAP 91,37i9dQZF1DX1ct2TQrAvRf,rap,hip hop,0.639,0.842,2,-6.414,0,0.331,0.433,5.46e-05,0.103,0.761,184.023,208696
3Y3WwiS2DKMJIKeptVSUNx,Das Estrelas,As Bahias e a Cozinha Mineira,37,79n6hsQXwhpqZlw3SENS5h,Das Estrelas,2019-01-18,Orgulho Tropical,37i9dQZF1DWZ8fJXMbebf9,latin,tropical,0.394,0.456,4,-7.301,1,0.0414,0.358,0.000299,0.313,0.35,176.088,259180
28axGcu9he7YdQ0xwXIaC9,No One - Kayge Calypso & DUNN Remix,Mothica,56,526pVoHzV4Of7di1A1veCl,Majestic Casual - Chapter 3,2016-07-01,The Sound of Indie Poptimism,7nHgmv7uyIA1KHj6qTttjH,pop,indie poptimism,0.745,0.571,0,-8.951,1,0.26,0.663,0.0,0.371,0.319,129.934,212308
1Cfws8y490Zpsqsyeme6V1,Sun In Our Eyes - Don Diablo Remix,MØ,58,2rzsbPDNEFlbrqdfH1ZlUY,Sun In Our Eyes (Don Diablo Remix),2018-08-08,Electro House 2020,317O0e8iWJLClLGDKtieRe,edm,electro house,0.699,0.861,4,-3.09,0,0.173,0.0589,2.64e-06,0.0794,0.315,125.942,206453
32PWtlzKyvr3HcvJp1JFF5,Mamacita,OutKast,40,5ceB3rxgXqIRpsOvVzTG28,Aquemini,1998-09-29,90s-2000s Southern Hip Hop / Crunk,5wsWBmQgDtKa8CEg7wTEMi,rap,southern hip hop,0.494,0.716,1,-6.479,1,0.364,0.0478,0.0,0.353,0.468,168.894,352507
5BInskLvwqz56ClUpfqdI4,Bring It,Trapt,51,0IfXLJf18hOoGnEFDsWjlT,Reborn,2013,Workout Hard Rock,4TG1lzMD9HFvZ9E1Bk6Gnu,rock,hard rock,0.498,0.975,6,-4.372,1,0.074,0.000223,2.28e-06,0.0999,0.336,100.014,219720
2O2J6GrQzv3mkXuMfFEPMY,Subtítulos,Lasso,72,4EtYCMy3pSjOkSNpeZjOUs,Subtítulos,2019-09-27,Latin Pop VIP,37i9dQZF1DX1QnNyJOBQBv,latin,latin pop,0.631,0.79,1,-3.807,1,0.273,0.701,4.43e-06,0.0947,0.729,195.919,191613
02hk28MN2lUeiM3aBWe5a2,Teach Me,Alsogood,22,5TnC5oDV2ZQvRV2LS6KIN3,ProducerLife,2019-11-20,Neo Soul / Modern Jazz / Smooth Hiphop,07SNJ4MwYba9wwmzrbjmYi,r&b,neo soul,0.721,0.624,8,-7.104,1,0.0616,0.618,0.0865,0.106,0.808,89.998,86482
5YNzJfDXOHXoVIXd0PBku9,Childish Dreams,Misc.Inc,50,2N7WR3weCQRWhIod5LVdi7,Childish Dreams,2018-11-02,Lofi Hip-Hop,37i9dQZF1DX36Xw4IJIVKA,rap,hip hop,0.621,0.152,9,-17.086,0,0.135,0.671,0.866,0.0725,0.0876,171.955,133953
52jHZXtW03EI5qCv3NKg1E,I Can't Quit (feat. Reconcile),Capital Kings,0,3NAZ931MEChrjgV8LC6ahR,I Can't Quit (feat. Reconcile),2016-07-29,CHRISTIAN ELECTRO / DANCE / EDM,0MhTMIo1bgH6zzPh7BdChT,edm,progressive electro house,0.667,0.974,0,-3.129,0,0.111,0.0302,1.66e-05,0.278,0.362,127.993,207879
7ssEhls1ZYEGtBsoovkMSe,Level Up,Ciara,64,1Ww0yZ7iXbzkE5duwnMVNI,Beauty Marks,2019-05-10,Feeling Accomplished,37i9dQZF1DWTDafB3skWPN,r&b,hip pop,0.746,0.825,1,-4.666,1,0.169,0.0142,0.0107,0.121,0.584,152.914,204150
5eaH3RdmqBfaSQl3NSBywF,Parachute - Radio Edit,Otto Knows,2,1kwSsEMGSrlcvYopqS2r3Z,Parachute,2014-01-01,Gym (Melbourne Bounce/Progressive House),5BqOZpVEqRDfZScvW1QUyA,edm,progressive electro house,0.611,0.78,5,-3.351,0,0.0369,0.0205,2.98e-05,0.319,0.587,127.989,202504
3DahY4C9iRw0J1dt7Kh8Wr,Duffle Bag Boy,Playaz Circle,0,00pJz5yeIZNinzXBNZQNjB,Duffle Bag Boy (Explicit Version),2007,Dirty South Rap Classics by DJ HOTSAUCE,0tLHH1C4HkWEUCXXSSjbOe,rap,southern hip hop,0.618,0.836,9,-3.92,1,0.201,0.111,0.0,0.149,0.705,143.865,260613
7nDIflSHQXzaa8zupxwv3U,Yo No Sé Mañana,Luis Enrique,74,63irJwZoWLRUc1lBKtuxmQ,Ciclos,2009-05-19,Paraiso Tropical,37i9dQZF1DWYey22ryYM8U,latin,tropical,0.653,0.827,4,-3.206,0,0.042,0.649,0.0,0.18,0.733,95.223,259853
5sAtmnbTB77xXgqb2UHhxC,Kinetic Collector,Boo Riley,36,5eFd4nAIEvB2E611Bjzuw7,Kinetic Collector,2017-04-09,2010 - 2011 - 2012 - 2013 - 2014 - 2015 - 2016 - 2017 - 2018 - 2019 - 2020 TOP HITS,2DjIfVDXGYDgRxw7IJTKVb,edm,pop edm,0.551,0.765,1,-5.844,1,0.0368,0.00376,0.0128,0.0836,0.635,147.901,192757
6mQyfwQNWhZ4gjlbctR5yk,The Legend,Ozo,0,1gLYwhta7B4tdx8HCGm5nR,The Legend,2010-12-16,Gym (Melbourne Bounce/Progressive House),5BqOZpVEqRDfZScvW1QUyA,edm,progressive electro house,0.787,0.536,9,-9.322,0,0.0498,0.0151,0.891,0.125,0.511,132.018,199993
0BkvZes677Mcp5WVUQjRxD,ZEZE (feat. Travis Scott & Offset),Kodak Black,56,3XtuGV5BJAhCp82dBn0Gvd,ZEZE (feat. Travis Scott & Offset),2018-10-11,School Dance 2019 (Squeaky Clean),0SqaMfNsngZCpPw0UuelA7,latin,latin hip hop,0.863,0.627,8,-5.708,0,0.206,0.0485,2.72e-06,0.0968,0.47,98.042,229088
3m8laLj79QtBGgcOjmETNp,Jump - Remastered Version,Van Halen,0,44J092LHxr7dOIVFdxoCkg,The Best Of Both Worlds (US Release),2004-07-13,Hard Rock Classics 1967-1991 (Party Edition),1NIX36ZFWEtgXSbSNghoue,rock,hard rock,0.546,0.843,0,-5.821,1,0.0326,0.12,4.98e-05,0.0618,0.783,129.894,244107
5u5VZaUmYMZiFed9jFWebf,Valet (feat. Fetty Wap and 2 Chainz),Eric Bellinger,57,0xOO5G2OS3mjZM6hxOvJ8S,Valet (feat. Fetty Wap and 2 Chainz),2015-07-31,Hip Hop Controller,37i9dQZF1DWT5MrZnPU1zD,rap,hip hop,0.747,0.538,1,-5.217,1,0.044,0.0333,0.0,0.116,0.338,93.937,204324
1siDRjAa8MdxNoCHTiiQ7B,Been Around the World (feat. The Notorious B.I.G. & Mase),Diddy,58,4OGaOZUHLhSeiicZB909aL,No Way Out,1997,90s Gangsta Rap / Top Hip-hop Classics,0C2zyPdlkbWHrwVg9gqNdU,rap,gangster rap,0.815,0.529,6,-10.117,0,0.28,0.0191,0.0,0.406,0.73,99.439,325933
6TzcdCFOuyj0rKb4pbfOBM,Dancing Kizomba,Alx Veliz,0,1JJY3YX0hngNNreXydvrLL,Dancing Kizomba,2015-11-06,"Hot Latino Mix (Latin, Hip Hop, Rap, RnB, Dancehall, Reggeaton, Afro)",3hR2R6szlkwZeGyclTgHcF,latin,latin hip hop,0.682,0.779,7,-4.684,1,0.0766,0.0103,0.00485,0.133,0.515,98.05,193600
59NBXgEzsssLPR4vLRlr6T,Speed Up (Original),Funkerman,8,6TSTxCqi07gfNxGAWO4bt6,Speed Up,2008-05-09,Selected House,2JPzPB9jnvJLAYtmCbvZy8,edm,progressive electro house,0.812,0.65,5,-6.015,0,0.0408,0.000491,0.0474,0.0517,0.563,127.0,398453
2bmVKEPgeNj7qh7QsCQq7O,Do You Feel The Way I Do,Rahsaan Patterson,0,6GtaYxDbmVdxM4L7FbtRPz,Love In Stereo,1999-01-01,Neo-Soul Essentials,0DIwi1dMI59NItQtiNcevy,r&b,neo soul,0.817,0.586,0,-7.72,0,0.0333,0.159,0.0,0.096,0.777,131.998,251173
56JeB4CZ3gQO3cXaI3rFjj,Terminus,La Fouine,23,3xdZsXdJvQt8lGSyO7Jre7,Nouveau monde,2016-03-04,Urban/Trap - Contemporary RAP,5CK0fshHcik1vWyeCc0zat,r&b,urban contemporary,0.767,0.783,5,-4.185,0,0.108,0.234,2.01e-06,0.117,0.471,120.042,209933
6alIH9pO3MTVW56AzSuDGj,DomDoen,Henkie T,67,0LhSqoTbzd33O0jLIPdQdD,DomDoen,2019-06-28,🔥🦁 GOOD VIBES ONLY 🦁🔥 // BROEDERLIEFDE || FRENNA || BROEDERS || HENKIE T  || BIZZEY || POKE \\,1d0fonZHpN4LYHTKbmNRbm,latin,latin hip hop,0.806,0.69,3,-7.74,0,0.123,0.0939,0.0,0.0768,0.83,100.111,156082
5PKIJnx0ywPYniTl41W2w7,Wonder - Extended,Linier,31,5NIjMmQNX7uZyuSNIMhuum,Wonder,2019-03-15,Pop Dance Hits,7eERKCkgNKCCx5GYdeMIZf,pop,dance pop,0.866,0.684,10,-7.069,0,0.102,0.0033,0.00429,0.0418,0.774,122.973,234675
4fypvLcaDU7pdHJ5xlRFPV,grass,MF Eistee,53,5WqyQlELzmUw552q2k4gNO,grass,2019-12-20,Jazz Vibes,37i9dQZF1DX0SM0LYsmbMT,rap,hip hop,0.804,0.372,11,-10.453,0,0.243,0.495,0.891,0.0944,0.591,166.115,161928
2uMu0qnOL0N7i5brl1SAXv,Te Mueres por Mi,Bacanos,0,2HN0QUJKDnEJJ90akZmjFg,Bacanos Only Hits,2013-05-29,Latin Pop antiguo,4BmnnqWEQAamNoVjtjrQJP,latin,latin pop,0.724,0.777,9,-7.866,1,0.0425,0.0567,0.0,0.083,0.935,109.994,190893
11HuR1B6pxxEckAvwQTpYc,Okay,Oliver Wade,19,6i0nxO7Xra7LH6RAEBqtxC,Okay,2019-09-13,Big Room Beast,3PNyCpkY7NAXyhopBpj7vc,edm,big room,0.785,0.867,2,-7.042,1,0.128,0.00506,0.0635,0.35,0.374,126.034,159942
3L8WgDYS5TtwbyxOPSAiFf,Paranoid,Black Sabbath,10,714ndVxSx8lIWhQxdbcXIs,Paranoid,1970-09-18,Hard Rock Classics 1967-1991 (Party Edition),1NIX36ZFWEtgXSbSNghoue,rock,hard rock,0.418,0.668,6,-11.297,0,0.082,0.000143,0.00113,0.173,0.379,162.663,167933
1A6OTy97kk0mMdm78rHsm8,Sunflower - Spider-Man: Into the Spider-Verse,Post Malone,24,47LpgGVshd0tbFSbm9tTLb,Sunflower (Spider-Man: Into the Spider-Verse),2018-10-18,Electropop 2019,4Bi8VLtaSu0JILliif8lH6,pop,electropop,0.753,0.498,2,-5.61,1,0.0504,0.551,0.0,0.0706,0.927,89.95,158053
3w7jjsASu8GJKWpfMP8q7E,Ink,Karan Aujla,52,6jpvX0GjPtpit9KqhDMY10,Ink,2019-10-17,Hip Te Hop,37i9dQZF1DWTqYqGLu7kTX,rap,hip hop,0.703,0.662,10,-7.903,0,0.212,0.211,0.0,0.122,0.633,75.03,200391
26rpgVRCdMwOPCqV9GXR8l,Secret Of Natraja,VSNS,29,5lysAwqnnkI2PP8jAKchJW,Secret Of Natraja,2019-11-19,Sick Big Room House Drops | EZUMI,4R4c3WdN1Any2Q1NSuec3r,edm,big room,0.613,0.967,8,-2.582,0,0.141,0.00583,0.0324,0.335,0.322,128.002,228127
5eT5eYhcRfx9cjiflxZh8o,Give Me Your Love,Sigala,31,2NFXLMOYsKWD66vApX0CdK,Give Me Your Love,2016-04-15,Tropical Beats,37i9dQZF1DX1bDvyV0IkZ3,latin,tropical,0.635,0.945,2,-2.298,1,0.036,0.00411,2.41e-05,0.314,0.686,125.024,209014
2PUbdd0s68EfVKlBCUW9Vq,El Doctorado,Tony Dize,2,1XEaczENlnfWoRii0LKZHR,"La Melodia De La Calle ""Updated""",2009-11-17,Reggaeton Classics,37i9dQZF1DX8SfyqmSFDwe,latin,reggaeton,0.719,0.773,10,-6.272,1,0.0377,0.0496,0.0,0.291,0.759,120.018,264147
6U2vGiMNVhJiJqxrlu18uV,Get Down,GRiZ,38,4HhSc1Q56OOKGtEOr0BFhT,Say It Loud,2015-03-31,Indie Poptimism,2QiMewRbSavfZ9MSAYz2h6,pop,indie poptimism,0.708,0.887,1,-5.751,0,0.0837,0.00167,0.291,0.129,0.811,110.046,334563
0PyTZ0SfwhOTyVqmOqbh6D,Captured (feat. Lucy Speakman),Galactus Jack,28,2ynjiBk2PItdnMDRIzM7fZ,Universal,2016-07-29,CHRISTIAN ELECTRO / DANCE / EDM,0MhTMIo1bgH6zzPh7BdChT,edm,progressive electro house,0.612,0.687,5,-4.193,1,0.0377,0.00743,8.05e-06,0.525,0.249,128.051,221642
0oR9XRneKUIefSfy5y0IJ8,Gueto de Gent,Phillipi & Rodrigo,41,4NjCGfP3nJ32GJBi9A5Ng7,Karma / Gueto De Gent,2016-02-12,House/Electro/Progressive/Disco/Lofi/Synthwave,42jbIN5Zj0UUPdtmqxQRKF,edm,progressive electro house,0.749,0.631,1,-8.197,1,0.0442,0.788,0.0224,0.0988,0.7,105.002,306040
5I5tbamHyzoMnwIiy9tttA,Conflict,Hellcutter,26,08hsB0JZseXuqYlxfKsbr6,Conflict,2019-11-15,SINULOG Festival 2020,0COM4nZqdXC3sMjVdcaU7V,edm,big room,0.586,0.974,0,-3.808,1,0.0814,0.00119,0.821,0.131,0.422,174.941,221495
5jtKi7F4fweK8wgeK646Qp,Easy Livin',Uriah Heep,0,159EKcPxxSaz2xlnuBTdpY,Demons and Wizards (Expanded Deluxe Edition),1972,Hard Rock Classics 1967-1991 (Party Edition),1NIX36ZFWEtgXSbSNghoue,rock,hard rock,0.263,0.807,9,-8.617,0,0.0843,8.21e-06,0.296,0.13,0.461,160.479,154973
1lJZSsMoWEbrgaY6CxPMf8,Would I Lie to You? - Remastered Version,Eurythmics,47,2tbXCl8en5ZDVnHIk1OZGI,Be Yourself Tonight,1985-05-11,80s Pop & Rock Hits and Album Tracks,0XOIK4m26aeYSD61E5nSVW,rock,album rock,0.613,0.912,2,-4.639,1,0.0328,0.0378,3.65e-05,0.52,0.732,131.962,268240
1dssHOp3HpaK9o5c0CL7xU,Hoovela,Steve Aoki,3,50yPTijn6f5dTMxeRVPUlI,Hoovela,2018-10-05,Hands Up‏‏​​   ‍,1lSdljPk8zcAdXVMUduDia,edm,progressive electro house,0.341,0.989,4,-3.828,0,0.111,0.00123,0.822,0.4,0.119,103.48,207296
51zC0cKP0zSmXgj4kgfbl0,"thank u, next",Adam Neely,38,3Y1J65yjaAkqmV52TogmnL,"thank u, next",2019-04-15,Neo-Soul Guitar,0aS9YCNTNrDiMNa9tT49RG,r&b,neo soul,0.566,0.487,6,-7.034,1,0.0452,0.447,0.0,0.0969,0.414,98.025,193447
4iG2gAwKXsOcijVaVXzRPW,Time to Pretend,MGMT,71,6mm1Skz3JE6AXneya9Nyiv,Oracular Spectacular,2007-12-14,permanent wave,3uFyGoayrP71xS6T6Y8Bh2,rock,permanent wave,0.438,0.94,2,-3.249,1,0.0452,8.74e-05,0.0777,0.3,0.421,100.99,261000
4uI5xNUdEupLKskfQnfx3o,Love Me (feat. Mase),112,41,2a9zJQA2ttMax51gVplZ2w,Room 112,1998,90s R&B - The BET Planet Groove/Midnight Love Mix,7LjRWGUdOmBdPG1W1bga4i,r&b,new jack swing,0.654,0.817,0,-5.898,1,0.153,0.124,1.18e-05,0.156,0.649,90.063,257333
3mRC75ORY0GOABiqe1uZIg,Sexy Robotica,Don Omar,0,495r96T3NFoV3kM71pIcfx,iDon,2009-01-01,REGGAETON VIEJO,31hG19URdBvLEpQWKFYfdD,latin,reggaeton,0.741,0.867,6,-5.138,1,0.0334,0.000443,5.6e-06,0.449,0.561,112.011,233987
1FaciX3yUadh5ttQSXQB0S,Girl I Got My Eyes On You,Today,0,0iv3gV69jA1YY2H0UTy9yF,Motown: The Complete No. 1's,2008-01-01,New Jack Swing/ R&B Hits: 1987 - 2002,4sji14lrB5bgcr51lPALYH,r&b,new jack swing,0.729,0.627,0,-8.234,1,0.0489,0.0209,1.07e-05,0.339,0.732,104.218,299027
3fNf71Ktya4CYMqGM6eRud,Stupid Girl,Garbage,47,1Vze7jtjAVQOdIIQ8oO2X7,Garbage (20th Anniversary Deluxe Edition/Remastered),1995,Intro to Permanent Wave,3QGjcvI9hCZw81NqKq3ZGv,rock,permanent wave,0.634,0.756,1,-4.81,0,0.0332,0.00251,0.000441,0.0427,0.661,119.948,258533
6jFp2s1RhPF5piYacNLsYd,So Lonely - My Songs Version,Sting,45,2ApWqsjfhuwyjooHr9YRyl,My Songs (Deluxe),2019-05-24,Classic Rock Now,37i9dQZF1DX0fWtUuB7bFE,rock,classic rock,0.637,0.87,2,-3.796,1,0.13,0.00379,2.73e-05,0.0771,0.735,82.044,248956
6gdVS26GmfBQP0k4mfxBSs,Gimme Love,Electric Mary,30,5dr0xxDeUqQZ1RzIh8ImsR,Mother,2019-02-15,Hard Rock,37i9dQZF1DX1X7WV84927n,rock,hard rock,0.335,0.95,1,-4.342,1,0.0459,1.05e-05,0.0023,0.292,0.698,97.104,201467
3n69hLUdIsSa1WlRmjMZlW,Breezeblocks,alt-J,73,6k3vC8nep1BfqAIJ81L6OL,An Awesome Wave,2012-09-18,Indie Poptimism,7Ic1UwucK3ozdycPBIPVSR,pop,indie poptimism,0.616,0.656,5,-7.298,1,0.0344,0.096,0.000879,0.205,0.286,150.071,227080
63BGyvr6NuhA0q5NimghaG,The Only (feat. IRENE of Red Velvet),Raiden,54,4uXskh6wXrlNDZ4UrSF8Lh,The Only (feat. IRENE of Red Velvet),2019-08-02,K-Party Dance Mix,37i9dQZF1DX4RDXswvP6Mj,pop,dance pop,0.672,0.923,11,-3.684,1,0.0875,0.102,0.0,0.129,0.395,116.028,186918
2jaiM4hzyyQWZoLKrViTGf,Ten Feet Tall - Brennan Heart & Code Black Remix,Afrojack,0,0hiZwoMmEQkvXvQM5gqMRo,Ten Feet Tall (Remixes),2014-05-12,EDM - pop remixes,0cvVad4XizGbOS0vlwZYS5,edm,pop edm,0.38,0.931,9,-3.71,0,0.0848,0.00684,0.00142,0.515,0.455,149.966,274843
7hi2T35u4em3FUtakLNb0V,Sweet Victory,R-Mean,43,5Sxjn8NXj0kcsGFdeXzL9b,Sweet Victory,2019-11-29,Gangsta Rap/90's Hip-Hop,39IFMVQdRNdb7kVfyTvHjM,rap,gangster rap,0.502,0.736,9,-8.48,1,0.385,0.00617,0.0,0.158,0.393,178.22,151000
5HSvigdytRTa2T4MbTNjEz,Nosequé,DJ Valdi,59,1NeD4O6jihyEQzSdkW4Bfr,Nosequé,2019-12-06,Reggaeton 2020 😍 🔥,03sDEv7FN58Mb9CJOs1Tgn,latin,reggaeton,0.882,0.633,0,-7.121,0,0.0852,0.11,0.000294,0.0546,0.701,98.024,200647
2Vup0lX1VWmjjyRIYRZi5k,Come Home (feat. Pastor Claude and Regina Harris),Claude Deuce,2,1XEXg6z4LgrqN4I1D6uM0g,Young Elder,2009-07-14,Gospel Neo Soul,2wP2UAYC4Nqb6oUXkMJlAz,r&b,neo soul,0.382,0.737,5,-5.776,0,0.159,0.246,0.0,0.265,0.387,92.2,484147
31fhJR9Lop1IScpn1B86k6,Sirens,Fleurie,47,2xXupTEc3wDkMcfp8zDwd4,Sirens,2016-01-01,Deep-deep Bubble Pop,744VClUYfFnZCDPcOUkg5G,pop,indie poptimism,0.255,0.479,7,-9.643,1,0.031,0.416,0.579,0.103,0.0609,136.827,266277
4iDaYVSL0zwFLacCt0F7h9,Noches de Aventura,Ozuna,64,4s05NbwGgw5SO42AdsN5Oo,Odisea,2017-08-25,Reggaeton Rewind,37i9dQZF1DXco4ODkIraMD,latin,reggaeton,0.763,0.753,2,-4.554,1,0.152,0.218,0.0,0.0691,0.641,183.938,236707
0Ao64XWY9rvsx4K0JmJ7Pv,No Ha Parado De Llover (with Sebastián Yatra),Maná,72,682Fbr5tuCp7QR5ZEOL2DU,No Ha Parado De Llover,2019-11-01,Latin Pop VIP,37i9dQZF1DX1QnNyJOBQBv,latin,latin pop,0.61,0.664,0,-6.305,1,0.0319,0.173,0.0,0.0884,0.477,164.014,245210
1hEFUwIQJBjPl0BFm6I1c2,Smile - Kaskade Edit,Galantis,20,0j8DchOKRwBG105WuRJrFh,Smile Remixes,2014-01-27,♥ EDM LOVE 2020,6jI1gFr6ANFtT8MmTvA2Ux,edm,progressive electro house,0.55,0.934,0,-4.484,1,0.0722,0.00182,0.0724,0.0689,0.166,127.983,281485
3ijQVbhH7ste0tjyY2truU,Where we gonna go,St. Viper,41,53e47Tht8Y24E1VC4QldVm,Zaraze,2008-01-01,Nidza Bleja - English HIP HOP/POP Songs,5XQopnmKZnE6RjR6NIzbPS,r&b,hip pop,0.843,0.836,9,-5.439,1,0.255,0.224,0.0,0.113,0.611,99.999,165642
5d7o3xXERxQGzqk4oMBeiZ,Stay Close,The Years Gone By,0,30WU9cnG33f11JveTQPNgw,Forever Comes Too Soon,2008-09-02,Pop Punk | Post-Hardcore,1YgWQAs1s77NzieIH4ARKn,pop,post-teen pop,0.501,0.886,1,-4.29,1,0.0718,0.000654,0.0,0.426,0.77,127.558,178427
71wsC1Jmt4wI4zuCvKYI8K,D-O-G Me Out,Guy,0,7bmp1NHVq0lgm0KQJzJdz7,The Very Best Of Guy,2002-01-01,90's NEW JACK SWING,0dmInkymNnOTWvEFamSNzb,r&b,new jack swing,0.791,0.652,10,-7.098,0,0.0584,0.00218,0.0145,0.0562,0.658,110.867,263800
7cCRlUf8ayOJtTlWN7g8Ni,Caminar de Tu Mano,Río Roma,9,1IywrhUMUMLzRgY8xs9z7s,Eres la Persona Correcta en el Momento Equivocado,2016-02-26,MIX LATIN POP°,6IS6XTdbS9qJZgfjNKgpB8,latin,latin pop,0.645,0.872,1,-4.894,1,0.0871,0.29,0.0,0.141,0.594,105.399,204733
4VQBQwuYMTSMUYoz0GJBw1,Keep Moving,Marc Oso,3,1A8craoxkyGuaXIulxaZFA,The Numb Soul,2019-08-27,"Latest Hits 2020 - Pop, Hip Hop & RnB",7FqZlaYKkQmVnguJbHuj2a,r&b,hip pop,0.779,0.375,3,-14.958,0,0.173,0.768,0.0,0.171,0.189,119.886,194821
1KgfeuVn5OlsBEtoEmBa1t,Live Forever,Oasis,57,5zfhhKXHK0YQdvacCs1ErM,Definitely Maybe,1994-08-29,Permanent Wave,5glAD13obyL0G9SH9ukBz2,rock,permanent wave,0.335,0.776,9,-5.32,0,0.0325,9.27e-06,9.51e-06,0.369,0.219,90.59,276867
5mvXiroNv8swMbCaKOwuuN,Pop Dat,4B,56,0E7huAde9Bpo7SUbvixIND,Pop Dat,2015-11-11,Trap Mojito,37i9dQZF1DX1OIMC8iDi74,rap,trap,0.63,0.851,1,-4.61,1,0.319,0.00441,0.0218,0.0939,0.573,150.054,224052
0LN0ASTtcGIbNTnjSHG6eO,Pour Some Sugar On Me (2012),Def Leppard,1,5eJnzLcFCVt0Wcepaj6GiW,Pour Some Sugar On Me (2012),1987,Workday: Rock Classics,37i9dQZF1DX1lwxXvReaux,rock,classic rock,0.497,0.849,9,-5.352,1,0.0612,0.00985,0.0,0.106,0.72,169.937,261532
17ssUlNujrxR8EJ1NzFJyV,Wrong for Me,OUTRAGE,21,5IEWnt1qCxdsXKW6YqJjMZ,Wrong for Me,2019-09-13,Trending EDM by Nik Cooper,4N1ipiKR3xla8UXtE12XBm,edm,progressive electro house,0.54,0.925,5,-3.785,0,0.178,0.0369,0.777,0.917,0.174,128.092,187534
4u7EnebtmKWzUH433cf5Qv,Bohemian Rhapsody - 2011 Mix,Queen,84,1GbtB4zTqAsyfZEsm1RZfx,A Night At The Opera (2011 Remaster),1975-11-21,The Queen - La Discografia Completa,3E88dLx4fgFYY70gdGzdnB,rock,album rock,0.414,0.404,0,-9.928,0,0.0499,0.271,0.0,0.3,0.224,71.105,354320
28j9YpcO814u2WAv3RKstY,Atlantis (feat. Kaiydo),Bridgit Mendler,1,5Ie3WcelM1NnZOGp2K8TpK,Atlantis (feat. Kaiydo),2016-08-26,Deep-deep Bubble Pop,744VClUYfFnZCDPcOUkg5G,pop,indie poptimism,0.697,0.592,7,-8.476,0,0.174,0.104,3.54e-05,0.421,0.37,144.124,229966
7ezGYRSrMOywKamZ0LPVwR,Looking Up,SafetySuit,42,2uikRQpOvOmZgJeHMizcC9,Looking Up,2015-10-23,random playlist that can't decide its genre so go ahead jam along with these catchy tunes,49qyKvg6UAQAvIMUIGMnP3,pop,indie poptimism,0.61,0.822,0,-4.424,1,0.0336,0.00272,0.000323,0.169,0.455,92.046,194025
3Rtv6zRNKpeSygXoaF9kCm,Beyond the Realms of Death,Judas Priest,53,0v6FGuCgvRotTNL1KoX297,Stained Class,1978-10-27,70s Hard Rock,6pZlZ20vt3aDjIKw98aBtQ,rock,hard rock,0.28,0.714,11,-5.653,0,0.0314,0.039,3.26e-05,0.164,0.539,174.088,409800
1otG6j1WHNvl9WgXLWkHTo,"After The Storm (feat. Tyler, The Creator & Bootsy Collins)",Kali Uchis,71,4EPQtdq6vvwxuYeQTrwDVY,Isolation,2018-04-06,Neo Soul 2019,44d7ppo4cggZJmzH2WOhAc,r&b,neo soul,0.702,0.659,4,-6.766,0,0.13,0.301,0.00201,0.218,0.843,79.64,207455
35rnikz5NAOTvdc4gYzJFN,Sieben,Subway To Sally,41,602Z8ezadnsG00u0Ocljb8,Nord Nord Ost,2005-08-22,Gothic / Industrial / Mittelalter / EBM / Futurepop / Gothik / Electropop,53CmFroG6MWR5reOOXJX6B,pop,electropop,0.453,0.986,9,-1.853,0,0.114,0.00354,0.0,0.177,0.284,161.928,206289
6yyvJNrpOP4bZHRdMqK423,1.Casino of Tricks,Tetengo,17,5BGVZXR7A5vIvdc713yGRl,One Nigth of Karma,2019-03-27,House Electro 2019,72r6odw0Q3OWTCYMGA7Yiy,edm,electro house,0.614,0.836,0,-7.943,0,0.0446,0.00349,0.804,0.115,0.427,126.993,192756
7MNg4rINGaCs3JEgHMterz,Helix,Austin Pettit,29,1Il5yQrbaAF6bNar9ngkVB,Array,2019-12-13,Techno House 2020 👽 Best Collection 👻 Top DJ’s Electronic Music - Deep House - Trance - Tech House - Dance - Electro Pop,3QEYvCsVXZj8KuzE0bDmcI,edm,electro house,0.723,0.589,8,-13.785,1,0.0729,0.233,0.93,0.111,0.108,124.987,388353
6kotXaSQaGYxE62hVpdHWu,Werewolves of London - 2007 Remaster,Warren Zevon,61,03WJAI8NnJHvCNqnlLw8kg,Excitable Boy,1978-06-01,Classic Rock Retrogamer,6gUFdcGzKAHyDXY9TKC6cP,rock,classic rock,0.75,0.62,7,-8.72,1,0.0257,0.0932,0.0135,0.0612,0.93,103.538,209467
2g2oTAYblTL3Mxfttwz8WZ,Disruption Protocol,Deeparture,28,5pWOF9RxbkGxuwVpCSXKo3,Disruption Protocol / Royal Dutch,2019-12-13,Deep Electronic Music 2020 & Progressive House,5CMvAWTlDPdZnkleiTHyyo,edm,progressive electro house,0.395,0.796,1,-9.318,1,0.0462,0.238,0.925,0.112,0.147,122.022,274944
1AKI0dqAIamOa2UamiHNF9,Piece Of My Love,Guy,52,1b4uW38DLtC6GlGr39AGHc,Guy,1988-01-01,The New (Jack Swing) Testament,4mciQwEuqaUMwIWKcDMFW0,r&b,new jack swing,0.695,0.316,6,-16.669,1,0.0511,0.136,0.0,0.0706,0.828,75.157,315640
5GjGs4VemQDxf9ezVFhT19,Fateme Cantà,Ultimo,46,4RB5hdIJWKQflwuTBUGrnz,Fateme Cantà,2019-02-22,Musica Italiana 2020 - Playlist Pop & Hip-Hop (Canzoni Italiane 2020),6kVFIQBhLT4003iw2WWEv1,r&b,hip pop,0.543,0.417,5,-8.527,1,0.0354,0.6,0.0,0.0904,0.195,136.208,251141
39J10NL0mFTAdJbapoo2rC,Poison,Alice Cooper,57,7fP5RXmvSPfAY1EgffEPVx,The Best Of Alice Cooper,2007-05-05,Workday: Rock Classics,37i9dQZF1DX1lwxXvReaux,rock,classic rock,0.304,0.91,2,-6.096,0,0.117,0.0524,3.61e-05,0.111,0.305,118.794,270787
1283wAzqC0bPu6Hdkgkqa8,Ego - Radio Edit,Willy William,0,44B4C9wuwcxF7O61bJQqP9,Ego (Radio Edit),2015-11-20,HIP&HOP,5DyJsJZOpMJh34WvUrQzMV,rap,southern hip hop,0.742,0.919,8,-2.562,1,0.0316,0.285,0.0106,0.365,0.556,99.999,207600
7MCgEv2ovQuxfijz2WZ4kH,Feels Like Home - Radio Edit,The Him,54,1kGvpxO6wQ0OtR5RJ9FYa1,Feels Like Home,2016-05-06,Tropical House,37i9dQZF1DX0AMssoUKCz7,latin,tropical,0.65,0.827,8,-3.792,1,0.0926,0.0265,5.88e-05,0.166,0.498,122.057,184918
5AjrdgVniAvpTjbS6xaZuF,Never Wanted to Dance,Mindless Self Indulgence,0,6T6zQbpjMA0C4gak6R2XfS,If,2008-04-29,Gothic / Industrial / Mittelalter / EBM / Futurepop / Gothik / Electropop,53CmFroG6MWR5reOOXJX6B,pop,electropop,0.566,0.744,2,-4.006,1,0.22,0.0053,3.14e-05,0.247,0.712,91.514,188960
0PWqC3xDoCWyqy1IW3RiKE,Knockin',Angel Grant,19,67BjkhyDC5KzhYRiKDVCcX,Album,1998-01-01,Neo Soul Music,78RRvktrPMSqAoCI21mNOe,r&b,neo soul,0.889,0.485,6,-8.883,0,0.0369,0.557,0.112,0.0678,0.908,105.919,294893
07eET3PAzpSz5CLE4wGgN5,Inocente,Myke Towers,73,5elDXKomKQ4hLFCHO06Db1,Inocente,2019-06-25,Reggaeton 2020 😍 🔥,03sDEv7FN58Mb9CJOs1Tgn,latin,reggaeton,0.757,0.748,2,-3.406,0,0.186,0.0691,0.0,0.196,0.94,173.97,201579
1yTTMcUhL7rtz08Dsgb7Qb,The Bones - with Hozier,Maren Morris,76,6HzebUNgGlzC1AMBwHGIkH,The Bones (with Hozier),2019-10-04,2020 Hits & 2019  Hits – Top Global Tracks 🔥🔥🔥,4JkkvMpVl4lSioqQjeAL0q,latin,latin pop,0.561,0.597,11,-6.0,0,0.0405,0.286,0.0,0.0979,0.355,76.826,197299
291jfQK5C4tNrLUJyMARNl,These Eyes - Remastered,The Guess Who,26,4kCctMcLU1YARcjpjmou8c,Greatest Hits,1999,Classic Rock Greatest Hits,6TeyryiZ2UEf3CbLXyztFA,rock,classic rock,0.544,0.459,7,-8.784,1,0.0253,0.127,0.0,0.119,0.751,96.326,225853
1w0hboEMff54kez5XXyRNP,One Way Ticket,ONE OK ROCK,53,0p1YL9nzIuKTonZH6Gq58i,Ambitions,2017-01-13,ONE OK ROCK with Orchestra Japan Tour 2018 Setlist,2gt9IfM8ASNiDzqg5jKyR5,rock,album rock,0.724,0.745,8,-4.781,1,0.0319,0.467,0.00122,0.0692,0.528,97.963,216933
4Yk3S2fj55EIP6GaFjghSn,Vamos Pa' La Calle,Bad Bunny,3,5owrxPexV44PKKOBhhI3Al,Vamos Pa' La Calle,2018-08-21,Trap 2020 🔥,37DFLy7lqF3qiR99Ss2ZGR,rap,trap,0.728,0.877,6,-3.552,0,0.176,0.544,0.0,0.316,0.78,88.024,207480
3KsatAMRt1a7iryhWt5I8U,Wheels,Foo Fighters,62,1zCNrbPpz5OLSr6mSpPdKm,Greatest Hits,2009-11-03,keg party jukebox,4PjiT7SWnUsTTTvKOuR76f,rock,permanent wave,0.426,0.792,9,-4.709,1,0.0374,0.000495,5.1e-06,0.142,0.557,161.994,278213
6rB5eNXwpxDbVJJpWzaOlf,Corazón Enamorado,Juan Luis Guerra 4.40,49,6Q8jh2ZFgTVWBeLlGCTJKV,Corazón Enamorado,2019-04-26,Paraiso Tropical,37i9dQZF1DWYey22ryYM8U,latin,tropical,0.879,0.488,6,-4.758,1,0.0364,0.763,3.94e-06,0.141,0.888,125.04,189520
0aEb1gDzaQMb53iXXoM7Lj,The Kids Are Alright - Mono/Stereo Version,The Who,0,1jkd5zta1g1eFz6zuzupyW,Greatest Hits,2009-12-21,80s / Classic Rock,29dTrOurPDrMcrnio2q6hZ,rock,classic rock,0.301,0.593,2,-9.534,1,0.0343,0.00359,0.0,0.131,0.754,134.314,187053
2W5prz0WS9yWOEq3w0ZzSB,Volver a Sonreir (Version Barrio),Jerau,0,3gaDqOoph6t1EdGQqqmNEz,La Conquista,2012,Latin Pop antiguo,4BmnnqWEQAamNoVjtjrQJP,latin,latin pop,0.722,0.878,7,-5.484,1,0.0451,0.205,4.54e-06,0.101,0.454,110.006,213612
4KfSdst7rW39C0sfhArdrz,Barracuda,Heart,73,1LaeNhiUpL3X6N0LcFvuDF,Little Queen,1977-05-14,The Sound of Album Rock,3yj9YnQGTdnFuKbDyXGDi6,rock,album rock,0.547,0.691,4,-13.553,0,0.0369,0.015,0.105,0.144,0.667,137.148,261933
6pGZOkEi79wdJ7x2dPBy4w,Goodnight Goodnight,Maroon 5,59,2RUHJZ3raiIDsR3yX4JXf5,It Won't Be Soon Before Long (International Version),2007-01-01,Mix ElectroPop//ElectroHouse// DeepHouse 2020,23swqzpOZwW1NhPiZ7iyFI,pop,electropop,0.587,0.677,2,-3.765,1,0.0256,0.033,0.0,0.18,0.239,94.988,243320
2qS8NRov7B0s5zhF7wzy46,La Tua Futura Ex Moglie,Willie Peyote,60,6emk3DCiHuClx1ywKOtRIS,La Tua Futura Ex Moglie,2019-08-30,Musica Italiana 2020 - Playlist Pop & Hip-Hop (Canzoni Italiane 2020),6kVFIQBhLT4003iw2WWEv1,r&b,hip pop,0.58,0.812,2,-6.398,0,0.218,0.555,6.97e-06,0.134,0.479,92.238,275402
6xEDixvjEi2ou3by2cmkvz,Lost,Chris Linton,44,5qDu2eNvrXDsN3UXNdLVUs,Lost,2019-12-13,Pop Inglés (2020 - 2010s)💙 Música En Inglés 2010s,4QAzO1Z92yqqD6Mf3mOANu,pop,dance pop,0.58,0.438,9,-7.696,0,0.028,0.738,1.04e-06,0.189,0.225,93.003,196129
2haCRXHcn0M6IxzGzdW0kd,Teddy's Jam 2,Guy,0,5b5MEeTdOAJHl5ICZW8QMs,The Future,1990-11-13,New Jack City,6RLvj5OnEuPzI1P02KwnzK,r&b,new jack swing,0.733,0.618,2,-12.51,1,0.0828,0.00121,5.3e-05,0.236,0.556,108.925,258533
7MoA7Nfk8C52FX8f9pAzPp,Bad Company,Five Finger Death Punch,6,17IyljrvxhPktGR5NYx9iQ,War Is The Answer,2009-01-01,Hard Rock Workout!,5nQrMpkyWmxPX0gk74htMk,rock,hard rock,0.557,0.886,11,-4.196,0,0.0498,0.000595,9.84e-05,0.0904,0.17,114.025,262440
5fq4jxlqyjAVFLOB0lZIdT,25 Horas,Proyecto Uno,54,0zBYmCiHOfrng2FYSeWPUr,25 Horas,2014-05-31,TROPICAL🌴,0TT57Pe3RZNGCy98G1UQpM,latin,tropical,0.724,0.954,4,-5.027,1,0.0493,0.161,0.000637,0.0516,0.952,125.043,247596
3MFQiTzOI5txaTQlybipNx,Your Love Is My Drug,Kesha,0,5hs0wQFqXp1fNdkchK5wyE,Animal,2010,🤩🤪Post Teen Pop🤪🤩,6IT8LGpwLw3Pt2XnVUBN7j,pop,post-teen pop,0.825,0.612,10,-3.893,0,0.0969,0.00677,0.0,0.0993,0.756,120.058,187133
60TmG8cFPMBo7kTTFOLiAB,Electricity - 2003 Digital Remaster,Orchestral Manoeuvres In The Dark,55,5AN8aqTrcuMZO7rpD9U2yF,Orchestral Manoeuvres In The Dark,1980-02-22,permanent wave,7rPsfDTqiZYIT4PVzQ4c0c,rock,permanent wave,0.47,0.909,9,-5.215,0,0.0339,0.00732,0.304,0.314,0.534,161.647,219067
3IVNVCvG7ZBo30FsSy75Pf,Sorry,Chester Young,0,1kwKk2aaV1hg6WxPHSyPv3,Sorry,2018-05-04,🔊BASSBOOSTED🔊⚡ELECTRO HOUSE⚡🔥EDM CAR MUSIC2018/2019🔥,4GSiiL8tcMgvoV7K1IADb8,edm,electro house,0.589,0.876,1,-3.725,0,0.0451,0.0268,0.000516,0.277,0.175,126.02,169524
3QXFOKlokWXMh2x9Q29764,Frágil,Reynier Perez,55,3jABMVgOsgCpEggqrdFc6y,Enamórate Bailando,2018-04-09,Paraiso Tropical,37i9dQZF1DWYey22ryYM8U,latin,tropical,0.702,0.886,0,-3.443,1,0.0336,0.345,3.22e-06,0.0659,0.899,166.039,276581
4i2AulhtnkEKFRoIupj32Q,Whatever It Takes,Basic Black,17,3SoRURaEucgHEq6YmBYOdD,Basic Black,1990,"Swingbeat (old skool), New Jack Swing, R&B, Hip Hop, Urban",3krpccUV68nBGAQbvHEZDC,r&b,new jack swing,0.712,0.86,7,-10.076,1,0.068,0.013,2.52e-05,0.252,0.664,110.137,325435
5PXvw5Snn4kVo7vyYHjUpC,Here We Go Again!,Portrait,0,694WWP1RdwofAtroo7Z2H0,Portrait,1992-01-01,90's NEW JACK SWING,0dmInkymNnOTWvEFamSNzb,r&b,new jack swing,0.794,0.785,11,-9.939,0,0.0729,0.012,0.0384,0.208,0.581,106.278,260400
2eN2ujxIAg5P0t2jkLs75P,Gold Skies - Tiësto Remix,Sander van Doorn,34,155NNvqxBzpUvXSzHLRj2Y,Gold Skies,2014-10-06,"Festival Music 2019 - Warm Up Music (EDM, Big Room & Progressive House)",73uj4YmsC7SJ6SbUMTvf07,edm,progressive electro house,0.536,0.972,2,-2.387,1,0.0737,0.000169,0.801,0.149,0.431,128.02,306133
1WttHhgIl0N0vXZYrOxF0C,My Melancholy Blues - Remastered 2011,Queen,45,7tB40pGzj6Tg0HePj2jWZt,News Of The World (2011 Remaster),1977-10-28,The Queen - La Discografia Completa,3E88dLx4fgFYY70gdGzdnB,rock,album rock,0.469,0.202,3,-14.369,1,0.0333,0.67,0.0,0.193,0.102,110.937,211333
02138lFv3Bzncr6ScNbLAF,Rattle Your Cage,Skrizzly Adams,44,3RcttHMKlZ7K1ovxIANPd0,Young Man,2019-11-15,Supernatural Classic Rock,6oghIlByD49KFGNmNU8GSH,rock,classic rock,0.583,0.565,1,-8.318,1,0.123,0.027,0.0,0.0908,0.498,179.874,209972
6DHv5Uiag2uDDgyytTThkZ,Time After Time,Carla Tous,35,2agXSqEy5qDOAg71i6QsVy,Power Ballads 80's 90's: Best Romantic Songs & Rock Ballads from the 80s 90s Music,2013-07-20,Rock Ballads 80s 90s | Best Rock Love Songs 80's 90's Music Hits,0y8MUle9Lf8VDNjPsskzJB,rock,hard rock,0.829,0.467,0,-7.949,1,0.0358,0.727,0.0,0.17,0.507,129.967,213800
164uPGiUKnYHwJOHcgfy1e,Homecoming,Killstation,63,0ANAL3MEPINEHJjnKT5u2B,Homecoming,2016-04-01,< DARK TRAP >,19WuHd4MxWLzE1fpMmw4S4,rap,gangster rap,0.403,0.696,10,-5.956,0,0.236,0.00114,0.265,0.0722,0.0696,89.999,272562
5fxdGJIIqlcsXFRo0Am1AL,Alles oder Nichts,Subway To Sally,23,3eTl46sCiQWakzwoGhmPTz,Schwarz In Schwarz,2011-01-01,Gothic / Industrial / Mittelalter / EBM / Futurepop / Gothik / Electropop,53CmFroG6MWR5reOOXJX6B,pop,electropop,0.492,0.954,0,-2.904,1,0.0662,0.000744,8.69e-05,0.127,0.549,87.984,236720
0zLXP2PI5JG3pZ2KaqEWS6,Built for This (feat. Freddie Gibbs & Streetlife),Method Man,35,6GkCNL04b2s4FVz17bONur,The Man with the Iron Fists (Original Motion Picture Soundtrack),2012-10-21,Gangsta Rap 💎 Rap Party,0BwUQpqHSlC2YfKwOp2dQV,rap,gangster rap,0.567,0.717,1,-7.634,1,0.309,0.0301,0.0,0.131,0.701,159.66,264747
7DEjIvVqP0YvoCxHCOcGMl,Ya Agmal Eyoun (Remix),Amr Diab,47,6wswcG2GMwCulHksFmclJb,Ya Agmal Eyoun (Remix),2019-12-21,Global X,37i9dQZF1DWUxHPh2rEiHr,latin,latin pop,0.686,0.837,5,-3.8,0,0.0406,0.00887,8.87e-05,0.383,0.197,109.023,255413
6hFHsQWB7HdVrSe7efRR82,Como te extraño mi amor,Café Tacvba,70,33iiSdb0XhQI0dSstspDls,Avalancha de éxitos,1996-10-25,②⓪①⑨ mixed,2bOjjgN1S3Gqd8vSMyafvJ,rock,permanent wave,0.791,0.759,9,-5.67,1,0.037,0.0823,4.44e-05,0.0993,0.917,124.725,214880
2USyvcBpPjhW0rgiD2R8Bp,Mariposa Traicionera,Maná,63,7gBsvCKyShR2OQ6h0RXF28,Six Pack: Maná - EP,2010-03-16,Latin Pop Classics,37i9dQZF1DX6ThddIjWuGT,latin,latin pop,0.773,0.794,5,-4.954,0,0.0326,0.527,0.000354,0.113,0.907,101.143,264600
0gDyuX5rdHulQTUyrIdSR1,Oh My Love - Remastered 2010,John Lennon,53,0xzaemKucrJpYhyl7TltAk,Imagine,1971-09-09,The Black Album,0KNLLunbFh9XgitPMOGmQg,rock,album rock,0.529,0.104,9,-19.669,1,0.0392,0.985,0.291,0.109,0.183,135.235,168107
3O8wVPwskB1ZdoSRiwaAak,Green Tea,chief.,49,2yeJRY4oFBVHfWW8Ghdqu3,Summer Rain,2018-07-06,Lush Lofi,37i9dQZF1DXc8kgYqQLMfH,rap,hip hop,0.582,0.223,1,-11.915,0,0.0688,0.766,0.954,0.0658,0.0392,80.093,129000
4m63ZA9od3vICn0AOEG5qo,Sheep (Alan Walker Relift),LAY,60,573ArsbGpyQHQqry8tii2G,Sheep (Alan Walker Relift),2018-08-31,EDM Trap,7CEEEMKV41x0RlFCXWdvKF,edm,pop edm,0.692,0.666,6,-7.998,0,0.0449,0.0259,1.92e-05,0.347,0.259,89.995,156000
0874CiZj1X2vZf7TtYTTPC,It's You,Rique,35,1nPZGGCl0yKt2SlM3bbGSX,It's You,2019-02-11,Pop Hits 2000-2019,6mtYuOxzl58vSGnEDtZ9uB,edm,pop edm,0.776,0.592,8,-7.507,0,0.0765,0.191,0.464,0.138,0.43,123.017,171707
6o2g1BJvtYQssH84kBYs7y,Back That Azz Up,Juvenile,65,6wpqS71CJr3I0dLguYiZdJ,400 Degreez,1998-01-01,90s-2000s Southern Hip Hop / Crunk,5wsWBmQgDtKa8CEg7wTEMi,rap,southern hip hop,0.874,0.714,7,-6.664,1,0.129,0.0155,0.0,0.0968,0.541,95.826,265600
4qxsM71CUQmCD5eRIJIqpy,Get Together,The Youngbloods,39,33g6XzMfn51My8faXHlmRc,Best Of The Youngbloods,1988-02-22,Classic Rock Greatest Hits,6TeyryiZ2UEf3CbLXyztFA,rock,classic rock,0.497,0.416,2,-15.925,1,0.0268,0.548,0.065,0.0846,0.59,103.317,276225
4wi4qyWrgH4E4Z6hKrCrrw,Don't Wanna Be Cold,Krimsonn,17,0F6VO7DcaJV07d60pvQ8EQ,Don't Wanna Be Cold,2018-11-16,Big Room EDM,3S03NWbWkrR1e7DPH9rf9Z,edm,big room,0.651,0.812,6,-0.517,1,0.0393,0.011,0.0,0.508,0.737,135.114,181333
0csUoMvvImqcIPpobc21QU,Somethin' 4 Da Honeyz,Montell Jordan,0,3EXrvTpmGBVUht9FqRidHl,This Is How We Do It,1995-04-04,"Back in the day - R&B, New Jack Swing, Swingbeat, RNB..etc.",3a9y4eeCJRmG9p4YKfqYIx,r&b,new jack swing,0.723,0.704,4,-8.507,0,0.0885,0.0149,0.0,0.157,0.744,93.168,275992
2MCL2a4Ij0wTzXjaEXKtOc,Fake Heartbreak,Audrey Mika,57,0h2WCPGzJzYI0wTjcxaF5X,Fake Heartbreak,2019-10-31,New R&B‏‏​​   ‍,4I6rTSxqKl1LRvES2O9owQ,r&b,urban contemporary,0.582,0.629,7,-5.05,1,0.0542,0.0853,0.0,0.475,0.297,139.557,204653
0XmigPQY1jq9GxHK4kW6uk,Stress ohne Grund (feat. Bushido),Shindy,50,5XJFzUdqPdsr7irvz4EnJS,NWA,2013-07-12,GANGSTA Rap,5GA8GDo7RQC3JEanT81B3g,rap,gangster rap,0.484,0.855,6,-4.852,0,0.321,0.00269,0.000157,0.276,0.619,130.554,204133
1oz2ikzPTFrGHt0VDyuTc5,She's Got That Vibe - Radio Edit,R. Kelly,32,5ruZPk2RxBoRzzwYswpXXs,The Essential R. Kelly,2014-05-19,New Jack Swing,3ykXidKLz1eYPvuGoFlD1e,r&b,new jack swing,0.785,0.877,8,-2.917,1,0.0995,0.0418,0.0,0.187,0.787,113.139,245267
2QdqJlf2c9lTfv75XcJfuB,Destination Sunrise,Bit Funk,29,7wWWxWYznw6I2PrryOvCI4,Destination Sunrise,2016-07-08,Tropical Morning,0vbtbmyihyvl2MVYrdKdGw,latin,tropical,0.611,0.838,1,-3.489,1,0.0371,0.00189,0.0525,0.0892,0.431,107.988,198728
7EufLb0I5xdMra7nwdz4ZF,Loungin',Epifania,43,3QOEvKGjK08vhwKoVg76lt,Loungin',2018-10-20,Lofi Hip-Hop,37i9dQZF1DX36Xw4IJIVKA,rap,hip hop,0.649,0.473,1,-9.827,0,0.12,0.862,0.35,0.101,0.779,172.026,160044
12LQ2VPWJEGOC9IA7b4x9G,Hands On Your Body,Basixx,1,4nqz0dunYNDm1SbuXSskVV,Like a Hurricane,2018-11-09,Tropical Vibes,37i9dQZF1DXd8Gn5cSmvFy,latin,tropical,0.733,0.773,11,-5.578,0,0.0926,0.0689,5.88e-05,0.105,0.566,124.971,190500
6BsbglI7wMq8AXxBqqPzmt,Here I Go Again on My Own,Ken Clayton,29,5U5QlPudIS4KPFEUwFaN9E,"Hard Rock Music: Clásicos del Rock, Baladas Heavy, Música Rock Melódico Alternativo de los Años 60's 70's 80's",2014-10-20,Rock Ballads 80s 90s | Best Rock Love Songs 80's 90's Music Hits,0y8MUle9Lf8VDNjPsskzJB,rock,hard rock,0.486,0.698,7,-6.963,1,0.029,0.227,0.0,0.138,0.395,86.989,252420
5e7LO2aDWOUlYa5QUhGyhE,Chasing Me,Long Hollow Wave,30,0JOzQpf01TBnKzjEJPEDmg,Chasing Me,2018-06-08,Christian Dance Party,37i9dQZF1DWUUPO0Sbx2CM,pop,dance pop,0.718,0.798,10,-6.109,1,0.0741,0.00385,0.002,0.0787,0.424,110.002,225273
78ENdT1jr18MtESuDkBTCN,Mistletoe (Waiting) a Hip Hop Holiday,DJ Eddie F,37,610m5ttSOGqaAumtLV2Gir,Eddie F Presents - A Hip Hop Holiday & Christmas - Music from the Film,2019-11-25,Great Pops,5SO7xYih5w8X5FEpKvU7Rt,latin,latin pop,0.607,0.815,1,-4.467,0,0.0472,0.0227,0.0,0.0398,0.574,97.079,212810
7dpFJmdFiahlgzzEmgUwoN,Virginia,Clipse,38,1Q83nQO2QG81TVa10hW7LX,Lord Willin',2002-04-01,Southern Hip Hop,4lcyWQDOzPfcbZrcBI3FOW,rap,southern hip hop,0.643,0.878,11,-2.729,0,0.341,0.0589,0.0,0.626,0.613,159.709,237440
5BoIP8Eha5hwmRVURkC2Us,In My Head,Jason Derulo,64,0aVJmVAeEx78nAA1rAKYf7,Jason Derulo,2010-02-24,BALLARE - رقص,1CMvQ4Yr5DlYvYzI0Vc2UE,pop,post-teen pop,0.762,0.748,0,-4.15,0,0.033,0.0266,0.0,0.348,0.851,110.009,199027
0FouIjnjH3ygThiuPuBatM,Nacada Drive,Testiculo y Uno,48,7JjBDksPxrERpZA4Vrl2H9,Nacada Drive,2020-01-08,Jazz Vibes,37i9dQZF1DX0SM0LYsmbMT,rap,hip hop,0.683,0.839,10,-9.979,0,0.129,0.0526,0.842,0.951,0.631,93.915,159419
7x6fPxHJlgBhZHGF2UEbCf,Whatcha Waiting For,Jelly Roll,28,3NBc6ecSbBtLB3Z3qBQ0TN,Whiskey Sessions II,2019-04-05,Southern soul & hip hop,4xJULuV0P5PLcMe3xP8Pgj,rap,southern hip hop,0.734,0.527,9,-7.05,1,0.102,0.0155,0.0,0.141,0.338,82.978,167579
44PPV27QqLimtf95CEDuC0,Coast To Coast,Scorpions,2,1RF9unDmj4qfkZXdN0bEVY,Lovedrive (50th Anniversary Deluxe Edition),1979-02-25,This Is Scorpions,37i9dQZF1DWViGKI2U5P2K,rock,hard rock,0.393,0.665,0,-4.781,1,0.0396,0.000104,0.816,0.0502,0.353,112.962,283107
64yrDBpcdwEdNY9loyEGbX,21 Guns,Green Day,75,1AHZd3C3S8m8fFrhFxyk79,21st Century Breakdown,2009-05-15,Dr. Q's Prescription Playlist💊,6jAPdgY9XmxC9cgkXAVmVv,pop,post-teen pop,0.268,0.742,5,-4.939,1,0.0355,0.0518,0.0,0.626,0.416,159.779,321093
7KbF6AdprOXEEHlsq11Z6d,11 PM,Maluma,86,3YIUNL7qFE8NP3X3zaYSND,11:11,2019-05-17,LATIN POP 2020 🔥 Pop latino actual,2kKzN3kRYDzBctlaWs7CP2,latin,latin pop,0.777,0.712,10,-4.84,1,0.277,0.217,0.0,0.091,0.68,95.692,175733
1uqMiLD3uoBepH4sf8OEuF,Money On My Mind,Daz Dillinger,42,1Qc4in4IdejmQyzFRr4M1S,So So Gangsta,2006-01-01,Southern California Hip Hop Primer,206vi9Q0p3juAU73flxPsz,rap,southern hip hop,0.837,0.604,4,-6.822,0,0.0865,0.0109,8.21e-06,0.123,0.505,83.714,256960
2r1s81MJDMIdinV9cWwXZV,Lines,Keo Nozari,23,25zujmP0LfwljrKYNRrpV7,Headspace,2019-06-11,TUNES DANCE AND POP,3arpkhoRWXEYbdCpVAIrRR,pop,dance pop,0.701,0.728,7,-7.152,1,0.0722,0.0753,0.0,0.377,0.479,106.98,233398
6DkmFhzJrkVhDlcgcEy7Pc,Down for You (feat. BJ the Chicago Kid),Kehlani,53,34JNly8P6uZRKTGnmmLNAt,You Should Be Here,2015-04-28,Contemporary Urban,6wyJ4bsjZaUKa9f6GeZlAO,r&b,urban contemporary,0.479,0.711,6,-4.977,0,0.236,0.456,0.0,0.215,0.347,79.54,227755
1JkhKUXAoNivi87ipmV3rp,Best of Me,Anthony Hamilton,58,545a3sdz0JkH85iYFZPiR4,Back To Love (Deluxe Version),2011-12-13,Neo-Soul Essentials,0DIwi1dMI59NItQtiNcevy,r&b,neo soul,0.742,0.728,10,-6.626,0,0.0315,0.00962,3.73e-05,0.134,0.697,96.01,226373
4keoy2fqgwGnbWlm3ZVZFa,Happy Now,Zedd,80,0JcW7yCW3Qj8uMfzO2lUDb,Happy Now,2018-07-18,Dance Pop,0B2HdP15IucgE0vk3sluJR,pop,dance pop,0.503,0.741,4,-5.128,1,0.047,0.579,1.49e-06,0.0712,0.458,88.335,207030
6H7w7e8zC8QYJyqe7fZHVa,Lean Back,Terror Squad,5,08eiFlUJxBR5wQy7k2cUBk,True Story,2004-01-01,HIP&HOP,5DyJsJZOpMJh34WvUrQzMV,rap,southern hip hop,0.799,0.916,1,-3.344,1,0.471,0.11,0.0,0.0746,0.697,126.687,247427
03zYFtluA21jFWQVPMbUYO,Only for the Weak,In Flames,63,1aK0ZfM3mY983J4cKoTHfy,Clayman (Reissue 2014),2000-07-03,Hard Rock Workout!,5nQrMpkyWmxPX0gk74htMk,rock,hard rock,0.458,0.909,0,-4.414,0,0.0446,2.32e-06,0.758,0.283,0.49,105.007,295227
5jzKL4BDMClWqRguW5qZvh,Teenage Dream,Katy Perry,64,2eQMC9nJE3f3hCNKlYYHL1,Teenage Dream,2010-01-01,post-teen pop,4TvZA7Pml7mHLgbwNomlnm,pop,post-teen pop,0.719,0.798,10,-4.582,1,0.0361,0.0162,2.34e-06,0.134,0.591,120.011,227741
1qbRBE3P3feRkXcWkO0u97,Now That We Found Love,Heavy D & The Boyz,3,2an6aIBJgsoTV37uZKORhU,Peaceful Journey,1991-07-02,Ultimate Throwbacks Collection,1dsaMvnC1hXPCNGC4aVtjj,r&b,new jack swing,0.747,0.696,0,-14.737,0,0.0631,0.0409,0.0,0.181,0.674,119.954,258200
6YnhY4SuFyx3gMgeyTlVdI,Somebody's Gonna Lose or Win,The Hygrades,8,34D88uX2koESycju2ROiAV,The World Ends: Afro Rock & Psychedelia in 1970s Nigeria,2010-11-23,Afro Psychedelica,37i9dQZF1DWVyizF9BJ61m,rock,classic rock,0.731,0.748,11,-6.886,0,0.0817,0.434,0.00117,0.0742,0.703,102.648,189160
1aZLIbKEdsyqxyD6iNcrbA,Pour Some Sugar On Me,Def Leppard,53,1ja2qzCrh6bZykcojbZs82,Hysteria,1987-08-03,Vault: Def Leppard Greatest Hits,6BKqPGcrFMy6TczW0R5Vsz,rock,album rock,0.267,0.953,1,-4.899,0,0.096,0.00211,0.0,0.283,0.568,84.989,267307
1c1OBDn66AqL2NM0Wa0oCf,Southern Hospitality (Featuring Pharrell),Ludacris,1,2zMzHUT39oZ6YhbdXt7JCT,Back For The First Time,2000-01-01,Dirty South Rap Classics by DJ HOTSAUCE,0tLHH1C4HkWEUCXXSSjbOe,rap,southern hip hop,0.623,0.896,0,-4.719,1,0.247,0.035,0.0,0.0941,0.613,95.158,300933
7hHf4gz7kGmkuwa6XMc88W,Stamm Fort (feat. Sfera Ebbasta),Luche,1,1oOK2SpMy11lyHC7mraEZ7,Stamm Fort,2019-01-18,Zona Trap,37i9dQZF1DWXU2naFUn37x,rap,trap,0.78,0.521,0,-5.094,1,0.123,0.0983,0.000125,0.0967,0.643,160.087,171375
7MQywXGHEev7JmwwIzMcao,Love Like This,Faith Evans,63,2jQdDSxc2T21OFC72lAMYL,Keep The Faith,1998,The Sound of Urban Contemporary,07zF8MjQPsiYUXiAIGZ5TA,r&b,urban contemporary,0.767,0.551,0,-7.328,1,0.0616,0.00364,0.0,0.0451,0.796,100.904,275707
3evL7OEc73Z1hlFSaZkNpo,Primadonna,Skogsrå,34,5ORC6m6OpHuR1cRxO3hVzd,Primadonna,2013-12-22,Indie Poptimism,21nxmipQe5xtXoHHPaYfnY,pop,indie poptimism,0.577,0.879,3,-4.889,1,0.0463,0.561,0.869,0.0883,0.769,98.094,278571
1JEd9a0Eoj3Wg3jwGAKSPn,Cake - Tokyo Mo Remix,Flo Rida,26,1uQvn3uGCgatpa68x1lgfw,Cake (Tokyo Mo Remix),2017-05-12,Pop EDM Remixes,4aUEH3uhbofktrFkXOOaKj,edm,pop edm,0.737,0.747,2,-7.029,1,0.0449,0.00425,0.000506,0.433,0.762,122.028,212459
68C7eNW6Mi1833mjPWlibs,Disconnected,Thilo,28,366N1veTilRPW5SHBRCaCO,Disconnected,2019-05-17,Groovy // Funky // Neo-Soul,0JmBB9HfrzDiZoPVRdv8ns,r&b,neo soul,0.78,0.496,3,-8.214,1,0.0814,0.581,1.54e-06,0.945,0.545,93.088,246452
63VfSf4fqrknzR7H5sb2AS,Pulse,Creendo,33,67Poi1UYJLTskodYZV9H5W,Pulse,2019-08-09,Electro Vibes,0wHHL0TLztL3muzXLCDTQP,edm,electro house,0.482,0.463,7,-16.122,1,0.0422,0.814,0.872,0.112,0.348,171.977,241395
2JxeAupAiJdB8I2cieG4rP,Just A Lil Bit,50 Cent,2,5EHSxToquFltlH2YM64Tie,The Massacre,2005-03-03,Gangster Rap,5joQabz9ys3XPGbSx5CaKv,rap,gangster rap,0.704,0.683,1,-6.617,1,0.328,0.0326,0.00627,0.336,0.526,96.912,237707
6F99SN9dlqtPJYBp283Num,Once Again - Original Mix,Headhunterz,20,2l7KgKVZbi1aeJg147JKef,Once Again,2015-03-09,Epic Bass Drops,49EXQVXh5k1t8SOhmUeyU7,edm,big room,0.644,0.768,4,-4.735,0,0.0544,0.000384,0.0609,0.154,0.0813,130.021,286314
20LxTsa6936zOlzTWqoPVt,The Next Episode,Dr. Dre,18,5csXMdS69VOvh8MjyfwkjB,2001 (Explicit Version),1999-01-01,Hip-Hop 'n RnB,0275i1VNfBnsNbPl0QIBpG,rap,southern hip hop,0.92,0.891,3,-2.398,0,0.253,0.0313,0.0,0.083,0.311,95.295,161600
0U4rKU7s96KCaV4IPYXhZR,Toulouse - Original Mix,Nicky Romero,0,0T3qhyo5XVl2wGASzp19Dz,Toulouse,2012-02-13,Gym (Melbourne Bounce/Progressive House),5BqOZpVEqRDfZScvW1QUyA,edm,progressive electro house,0.758,0.91,5,-3.83,0,0.104,0.0341,0.685,0.223,0.258,127.99,365627
28t5vU4KYgFmoLL7x7r4gK,Cell - Album Edit,Julian Calor,12,3hEhjJfEAVZwTK3QJxFCYZ,Evolve,2015-04-13,Epic Bass Drops,49EXQVXh5k1t8SOhmUeyU7,edm,big room,0.689,0.786,3,-5.373,0,0.04,0.0104,0.0482,0.0932,0.115,127.997,210000
2ugjxfenU5AJMO5cozCuUv,Stay,EDX,59,7DckZOfg9FcjBOpXlItnxI,Stay,2019-08-16,EDM 2019,1T0ed6Mg0QIruHvcoWWIKy,edm,pop edm,0.685,0.951,3,-4.889,0,0.045,0.0184,0.0531,0.065,0.582,124.978,194916
3vls6Nh3JXB0a8sIXhnMTo,Fast Times in Tahoe,Elemeno P,1,5GWIzi99vRULKmPMX0LLCF,Love & Disrespect,2003-01-01,keg party jukebox,4PjiT7SWnUsTTTvKOuR76f,rock,permanent wave,0.438,0.697,1,-5.72,1,0.0432,0.00325,0.0,0.118,0.344,176.017,187246
1NyMdeeVDYizUcXHConsq6,Femininity,Eric Benét,39,0HgmysKc552d8G01TdbUa3,True To Myself,1996-09-24,Neo Soul Music,78RRvktrPMSqAoCI21mNOe,r&b,neo soul,0.677,0.63,6,-4.778,1,0.05,0.102,0.0,0.0554,0.625,72.954,288600
0shptsB4Efvi4T5zNKjeuO,Scars (Come With Livin') - Neon Feather Remix,TobyMac,43,6HbrhmZ9osGyiKjUFDxQGJ,The St. Nemele Collab Sessions,2019-08-23,Christian Dance Party,37i9dQZF1DWUUPO0Sbx2CM,pop,dance pop,0.547,0.656,0,-6.069,0,0.0326,0.134,0.000109,0.151,0.343,140.039,243240
6Qi0Wls2EaolwPMPMxfe5f,Sonnentanz - Sun Don't Shine,Klangkarussell,67,0CoiuzFtZVRk9imDnfate2,Netzwerk,2014-01-01,Tropical House 2020,2oivDYqm1dQK4KbwVJTaf6,latin,tropical,0.579,0.549,5,-8.262,0,0.0909,0.104,0.0202,0.0964,0.155,119.74,238120
5ZZelsMY2VgrZOhq66GiNh,You're the Inspiration,Laura Tain,14,16RTDWIu2p0WJgFQ9rgvbt,I Know Who You Are,2015-04-20,80's Songs | Top 💯 80s Music Hits,65HtIbyFkaQPflCa4oW8KO,pop,electropop,0.574,0.26,6,-15.35,0,0.0372,0.425,3.59e-06,0.163,0.305,73.003,217547
61VlApj8p2ZaP0WTunTrKT,Give Up the Goods (Just Step) (feat. Big Noyd),Mobb Deep,56,1cCAb1vN8uUsdfEylVmTLs,The Infamous,1995-04-25,90's Hip Hop Ultimate Collection,4IG024zoaGMurhTFBkMAv9,rap,southern hip hop,0.782,0.597,1,-6.399,1,0.335,0.0568,0.0,0.582,0.528,94.631,243133
448kqm1gUbI2qmu2Fh5uz8,Burning House (feat. Aaron Krause),EZA,40,5IHd6Rv2x969x8c00zzs6a,Burning House (feat. Aaron Krause),2015,The Sound of Indie Poptimism,7nHgmv7uyIA1KHj6qTttjH,pop,indie poptimism,0.445,0.415,11,-9.829,1,0.0418,0.476,0.000132,0.114,0.15,135.61,251559
3folQRowvURG094lAYvTLo,TIRy,BORCREW,57,1I5c0By0rOE0CYMHTZmSyK,TIRy,2019-11-29,Generacja Hip Hop,37i9dQZF1DWXJnyndhASBe,rap,hip hop,0.719,0.778,0,-8.337,0,0.348,0.614,0.0,0.137,0.652,140.844,204255
2UYXTSZkSxWJYGpcd64SRO,La Nueva Y La Ex,Daddy Yankee,5,5m43SVd4aJhA7M88UwzU8a,King Daddy,2013-01-01,Reggaeton Classics,37i9dQZF1DX8SfyqmSFDwe,latin,reggaeton,0.637,0.945,5,-3.54,1,0.135,0.0373,0.0,0.116,0.578,198.05,197053
2D3z17LBMJ2HEHeBFFjTLi,Reggaeton,J Balvin,77,5FMJB2xKTMGdM3w6DmC6L5,Reggaeton,2018-11-17,LATIN POP 2020 🔥 Pop latino actual,2kKzN3kRYDzBctlaWs7CP2,latin,latin pop,0.747,0.74,4,-4.325,0,0.191,0.0165,9.94e-05,0.101,0.552,176.059,158800
78yJRJeR6frnaW4C2UdrQF,Fuckboy,Dillistone,37,6czSxTVvoQ3R4YEt34LBcl,3rd Culture Kid,2019-09-13,a taste of the mainstream,4gbXqmZDUFHqlaYjf4uVyS,pop,post-teen pop,0.766,0.522,5,-8.397,1,0.141,0.379,0.0,0.107,0.526,89.98,186667
5vlEg2fT4cFWAqU5QptIpQ,Replay,Iyaz,72,698AdfGuOthKXXvvHla9bf,Replay,2009-08-11,BALLARE - رقص,1CMvQ4Yr5DlYvYzI0Vc2UE,pop,post-teen pop,0.706,0.751,9,-6.323,1,0.0708,0.173,0.0,0.168,0.195,91.031,182307
2dxky69jKzbtUfA3Hl8Nuo,Soldi,Mahmood,14,6tuLjEzZX4wiuipKTRjWAj,Gioventù Bruciata,2019-02-06,Musica Italiana 2020 - Playlist Pop & Hip-Hop (Canzoni Italiane 2020),6kVFIQBhLT4003iw2WWEv1,r&b,hip pop,0.69,0.581,3,-9.832,0,0.0466,0.0404,0.0,0.111,0.372,94.904,195476
4q4c1LAerpInH9yUanIIBv,Es geht voran,RAF Camora,72,2XdEwWWUpWnWhcnaXAPrDf,ZENIT RR,2020-01-10,Modus Mio,37i9dQZF1DX36edUJpD76c,rap,hip hop,0.732,0.816,11,-6.174,1,0.0399,0.0345,0.00219,0.11,0.617,132.954,179072
6OpOMtO57sRuaHq2RZO1U1,Palais royal,Triomphe,36,7mlXlXb94hH7Cob8YFz63j,Palais royal,2019-12-20,Electro Posé - Discoveries,6nZaTh6K1SwhdELFTmA99C,edm,electro house,0.72,0.644,4,-11.922,0,0.0743,0.799,0.323,0.0888,0.106,109.997,253091
7oVEtyuv9NBmnytsCIsY5I,BURN IT DOWN,Linkin Park,73,4XHIjbhjRmqWlosjj5rqSI,LIVING THINGS,2012-06-20,10er Playlist,1kEczIkZH8IgaWT2BiApxZ,pop,electropop,0.585,0.972,9,-4.45,0,0.0534,0.0143,0.0,0.0707,0.585,110.006,230253
4r4VwcBtZWLgBn0ucRYlEz,It Hurts (There Must Be a Taste of Murder in It),The Lotus Eaters,21,4J2DcSrNgiSqk2jwiMLrf8,No Sense of Sin (Expanded Edition),1984,"Maxi Pop  GOLD (New Wave, Electropop, Synth Pop...)",2nRWtTI9a2LWjJ9Wy3JZs5,pop,electropop,0.633,0.546,4,-13.437,0,0.0314,0.492,0.0168,0.191,0.566,129.663,358520
1ceJ4Yn3UAfdfbDpfcHCqV,Yesterday,Jonny Joel,13,2LlaOh0UMccJhcdYqtxmPY,Deep Down,2019-07-12,EDM 2019,1T0ed6Mg0QIruHvcoWWIKy,edm,pop edm,0.629,0.583,11,-9.466,0,0.0643,0.0305,0.182,0.119,0.468,120.985,286612
2dCD8qq7yHZPZduA8FJazs,Come Close,Common,46,4eD2SoySMPRl0SBv7rqk1X,Electric Circus,2002-01-01,Neo-Soul / Soulful R&B,4F3xAxHxeBwXhK6k6GPnrW,r&b,neo soul,0.711,0.467,1,-9.413,1,0.208,0.0844,0.000108,0.0847,0.7,86.752,275067
3gAvYSeYWyBMqGuLmrZs23,Hustler's Ambition,50 Cent,0,3tMcsqzC3SJ3R5CoJ5tVE8,Get Rich Or Die Tryin'- The Original Motion Picture Soundtrack,2005-01-01,Gangster Rap Workout,0ZRwrJ2EDGyKR6YgQPWXeO,rap,gangster rap,0.604,0.737,7,-6.174,1,0.292,0.277,0.0,0.305,0.683,88.243,237613
5Dzz3fYAlIwK8vTUmJNAwN,Sexo Seguro,"Franco ""El Gorilla""",39,4tDK8RcHWn3xS7r3vDQYJF,Sexo Seguro,2009-01-01,REGGAETON VIEJO,31hG19URdBvLEpQWKFYfdD,latin,reggaeton,0.744,0.88,4,-6.314,0,0.117,0.0817,0.0,0.101,0.566,97.017,218413
1iGXvUsVVkYBas0Cniw6NB,Hallowed Be Thy Name - 1998 Remastered Version,Iron Maiden,6,6q5MEna6Fg46powSoeZJe3,The Number Of The Beast (1998 Remastered Edition),1982,HARD ROCK CAFE,55ybnG2z8rpTIerRfnCsw6,rock,hard rock,0.304,0.909,9,-5.162,1,0.0362,0.00185,0.122,0.362,0.348,103.99,432800
6cZ7aS2UC3hfUyqJhwHb4G,Grave,Summer Walker,59,5SwPxt8aXuenxaIBIbkvpY,CLEAR,2019-01-25,I Love My Neo-Soul,37i9dQZF1DX44dZ4p5QLf4,r&b,neo soul,0.653,0.468,1,-12.101,1,0.0572,0.0504,7.9e-05,0.372,0.199,96.931,185172
5WfJIIeRKbfaIUI5YUfRL0,Don't Let Me Go (Remake) - Radio Edit,Dubdogz,55,2dfr4ZyLHwbb6oLUxL0hK0,Don't Let Me Go (Remake),2018-11-16,🔊BASSBOOSTED🔊⚡ELECTRO HOUSE⚡🔥EDM CAR MUSIC2018/2019🔥,4GSiiL8tcMgvoV7K1IADb8,edm,electro house,0.684,0.668,5,-6.297,0,0.0459,0.00683,0.000193,0.318,0.357,123.971,171549
6QZo2TgclkUMwJgggi8QSQ,Africa,TOTO,50,5ChYBNgy8o2ps5716s1GH2,Greatest Hits: 40 Trips Around The Sun,2018-02-09,Classic Rock,5BygwTQ3OrbiwVsQhXFHMz,rock,classic rock,0.682,0.584,9,-9.507,1,0.031,0.182,0.000107,0.0468,0.709,92.793,295347
0uNXGT1QyWLb9fyteWopRb,La Joya,Javiera Mena,0,3BEtvyK449N9l2NiXsjSmq,Otra Era,2014-10-28,This Is: Javiera Mena,37i9dQZF1DWSOvcBNdfJ87,pop,electropop,0.63,0.892,2,-3.793,1,0.0409,0.0337,0.0,0.608,0.92,102.993,207520
2eMxI1qN0ft88sasJrARw3,Hey Joe,Jimi Hendrix,0,4002B1WJ3YUeejAHqSSBhN,Experience Hendrix: The Best Of Jimi Hendrix,2000-03-27,Classic Hard Rock,1gAeQGQ7hr2q7IYmaejDW6,rock,hard rock,0.35,0.773,9,-5.632,1,0.036,0.0039,0.394,0.0557,0.491,167.4,209693
1nO67wic65N413c11zKxM7,Silhouettes - Original Radio Edit,Avicii,12,6VG7t4lyDUUfrg6s9Ei6iB,Silhouettes,2012-01-01,@deniceemoberg EDM - POP REMIXES,2fbrY1tuoW8Uji14H7623k,edm,pop edm,0.605,0.8,5,-6.235,0,0.0545,0.155,0.0562,0.121,0.836,128.074,211880
16edYoyGWlfItCbNWd6zOB,M'ongeule M'am,EKO,24,5oxWoRY1NLhmCwBEKA3ZJa,Pop Makossa (Analog Africa No. 23),2017-06-16,House/Electro/Progressive/Disco/Lofi/Synthwave,42jbIN5Zj0UUPdtmqxQRKF,edm,progressive electro house,0.652,0.907,5,-11.705,0,0.0601,0.00406,0.000834,0.321,0.894,122.789,243082
1e8g8Zypak1hTK8l12olYd,Revolution,Diplo,58,1LfYvibIWM1oqBIzO7XY3c,Revolution,2013-10-08,ElectroPop 2020,4frhr6RQM2fMOm2mpvOVo6,pop,electropop,0.634,0.724,5,-5.842,0,0.0546,0.00499,0.000193,0.0732,0.309,148.024,263716
6lnP51cMlqpZ8bwmyVlgvG,She's A Beauty,The Tubes,45,5VHuYTXOvy0Cx8BqRSRzFn,Best Of,1992-01-01,Classic Rock Greatest Hits,6TeyryiZ2UEf3CbLXyztFA,rock,classic rock,0.694,0.787,2,-9.569,1,0.0363,0.0913,0.0106,0.0562,0.667,111.157,237240
1vtQLXxSIr0A4Pfs9VGqxk,Volverte A Ver - MTV Unplugged,Juanes,0,0FP3X2Uw9eE3cQwNvEjouI,Tr3s Presents Juanes MTV Unplugged,2012-01-01,Unplugged Hits 📣,5NTm3injIRkUMROsZr3C2O,latin,latin pop,0.393,0.311,5,-10.275,1,0.0344,0.922,0.0,0.855,0.384,132.38,269360
5iGo7eFvRyiDvCm4X5yy9e,From Nowhere - Baardsen Remix,Dan Croll,46,2nNhq9JPVC5DjvkvEESyLF,From Nowhere (Remixes),2014-01-01,GTA V - Radio Mirror Park,31R7Gd07KsDafqJEeL4Hqr,pop,electropop,0.605,0.764,1,-6.195,0,0.0461,0.000885,0.118,0.097,0.406,88.027,269596
1QcUX0mGQSnbaP0iIVyfvR,Call The Parade,Treyy G,29,5UIxZ6SUHyzMFTSmTXTd91,Call The Parade,2019-11-22,Bounce United,08QTrfsYYouffgnPjmllAQ,edm,big room,0.767,0.604,1,-10.751,1,0.0985,0.000988,0.262,0.103,0.277,127.995,189419
4zvHZWOGyL7WcmqHOgtGCW,Everytime,boy pablo,70,1D3JNjKm7QRaHcIBzv0Xdn,Roy Pablo,2017-05-19,indie poptimism,1E5VdGGWkpDQ682gdvJAZH,pop,indie poptimism,0.431,0.669,2,-10.065,1,0.035,0.0252,0.0433,0.117,0.855,203.906,172941
3OCQ5ybKASY4EIb4i9hsd7,Dead On Time - Remastered 2011,Queen,38,2yuTRGIackbcReLUXOYBqU,Jazz (2011 Remaster),1978-11-10,The Queen - La Discografia Completa,3E88dLx4fgFYY70gdGzdnB,rock,album rock,0.31,0.954,11,-4.56,0,0.288,0.00706,0.000136,0.237,0.421,143.736,203347
3LmiKN6q3OwFD3sV8rhkk2,Ring The Alarm - Stadiumx Remix,Nicky Romero,49,7h7IkOy7kUgSARcPydVxTC,Ring The Alarm (Remixes),2019-04-19,Alex Workout,7fRlDx99wBg6i45OCvxwKY,edm,progressive electro house,0.625,0.994,1,-1.689,1,0.0501,0.00032,0.0461,0.767,0.35,125.032,173333
2KaRk8KFLzdiwHSZCG7zgV,500 Benz,Joey Bada$$,54,0qvfg8rQJsC9iFinKXV5jj,500 Benz,2017-07-06,Smooth Hip Hop,7ozFIvz1bE1HPgQTUl5qfT,r&b,hip pop,0.676,0.763,11,-7.604,0,0.198,0.186,1.92e-06,0.107,0.624,87.967,201818
1LMVGL3030W3mGmRrd2hCm,Click Click Boom,Saliva,4,77BmXBpCauB98yF2YVc8o5,Every Six Seconds,2001-01-01,Hard Rock Workout!,5nQrMpkyWmxPX0gk74htMk,rock,hard rock,0.607,0.935,6,-2.918,1,0.0506,0.00259,0.000221,0.195,0.51,95.97,252400
1P0iAEz2vmTPfXtp2XTlcO,"I Wanna Be Down (feat. Queen Latifah, Yoyo & McLyte) - Remix",Brandy,56,5cdjSdMaRms3jbwEfpgCsU,The Best Of Brandy (International Release),2005-03-28,Ultimate Throwbacks Collection,1dsaMvnC1hXPCNGC4aVtjj,r&b,new jack swing,0.893,0.433,11,-5.88,0,0.396,0.33,0.0,0.395,0.675,86.01,256667
7qfwcqfGOkQYtzjF4UzJHM,Shot Me Down (feat. Skylar Grey) - Radio Edit,David Guetta,59,4i9yM8JoAgeh6ekZjk08U1,Shot Me Down (feat. Skylar Grey),2014-01-27,Big Room House | Festival Bangers,5Bx5niVgi3qGQQw06C0RKq,edm,big room,0.347,0.772,5,-4.359,0,0.0549,0.0597,0.0333,0.115,0.035,192.118,191412
46sVotiw129Lx9RButaL8e,Somebody - Remix,Depeche Mode,36,5wfikaEZXnQTXWBZ5osw9A,Some Great Reward (Deluxe),1984-09-24,Permanent Wave CHDB,2foj4ZYVHRGqSd1aMqNPBj,rock,permanent wave,0.278,0.438,7,-14.382,1,0.051,0.788,3.69e-05,0.137,0.465,160.972,266640
4t4amM7zhbmiUrBfuIl0sK,Found Love - Radio Edit,Roger Martin,43,0VLYHjNc483vfFHtYzsDg1,Found Love,2018-01-12,New House   ‍,54XvQQsViMBwjO1ws2o2wx,edm,electro house,0.644,0.956,0,-3.055,0,0.158,0.0388,0.000253,0.331,0.538,121.995,186393
7k1pfmKI7t0AprW7SEdFpC,Breaking Up My Bones,Vinyl Theatre,55,66d1HJ0ktwyKnCBLa7fXhw,Electrogram,2014-09-23,The Sound of Indie Poptimism,7nHgmv7uyIA1KHj6qTttjH,pop,indie poptimism,0.608,0.899,2,-3.185,1,0.0392,0.0125,0.0,0.211,0.652,105.032,185429
3V9VhLOCj3ieDA0ZC9lWNh,Right of Spring,Ravyn Lenae,34,57X0V74PxWKM2fuyf283tE,Moon Shoes EP,2016-07-29,NEO-soul,3q3M4VCymcMoxJ3Tl7mRqN,r&b,neo soul,0.585,0.484,0,-11.949,1,0.0976,0.494,0.355,0.0969,0.188,99.937,163773
5CwOUooch74h0XarhDfAQK,Rain Forest and Tropical Beach Sound,Nature Sounds Nature Music,52,3snlIBZinyiVAFjV6GCeoY,"Nature Sounds - Nature Music for Sleep, Yoga and Relaxation",2011-02-16,Tropical Nights,37i9dQZF1DX0ES2mnOVvai,latin,tropical,0.16,1.0,5,-16.449,0,0.0458,0.854,0.974,0.963,1e-05,130.674,240000
2vVW17crZs4KInids0h9SE,241 (My Favorite Song),Rivermaya,0,1LgCV39PaUNSUOhlxZ28qc,Rivermaya Greatest Hits 2006 (The Ultimate Collection),2005-12-12,Pinoy Classic Rock,37i9dQZF1DWYDQ8wBxd7xt,rock,classic rock,0.701,0.312,9,-7.707,1,0.0261,0.631,2.14e-06,0.11,0.166,130.159,272600
3b1IQflSLrgzYQPGFzI9cl,Es Por Tí,Juanes,72,2UJCnSqpR3AIuTvWYZLCp1,Un Día Normal,2002-01-01,Latin Pop Classics,37i9dQZF1DX6ThddIjWuGT,latin,latin pop,0.696,0.758,4,-6.076,1,0.0264,0.17,3.33e-05,0.189,0.859,129.943,250693
4dzGb1o0RHNzE3omFM6PE1,Unstoppable - Vinai Remix,R3HAB,0,3DBRoJVwNbH93GrBThJEr7,Unstoppable (Remixes/Pepsi Beats Of The Beautiful Game),2014-07-29,Gym (Melbourne Bounce/Progressive House),5BqOZpVEqRDfZScvW1QUyA,edm,progressive electro house,0.639,0.984,9,-1.793,1,0.086,0.00178,0.000855,0.163,0.189,128.024,227051
02qf5aeUXhov2KmQeKQaVa,Makina de Armado,Duki,1,5sC9UOoWnLFC8R1CvjDm1y,Makina de Armado,2019-02-12,Trap Argentino - Trap Argentina,6ltss0ThreZ3uIMn5mr4Tm,rap,trap,0.767,0.931,1,-0.482,1,0.0487,0.285,6.07e-06,0.0503,0.902,100.015,126641
6KZmDucZFfvxGJkrHInbix,Hey,FÄIS,60,0blPiZeFeUsC6zlCx2w5EH,Hey,2016-04-08,EDM TROPICAL,3pS63EDS40FVGYL41zAcU4,latin,tropical,0.733,0.565,6,-6.619,0,0.0372,0.183,0.0001,0.112,0.419,127.975,215625
11cDEev79fPKi6uJCjUhu8,Who Do You Love,The Chainsmokers,23,7D7hZbj2cLXwozxYePDF6d,Who Do You Love,2019-02-07,Dance Pop Tunes,4SdfG4cPG3skmTiQLozZGh,pop,dance pop,0.51,0.835,3,-4.673,1,0.0447,0.00791,0.0,0.219,0.435,140.024,226747
3HeYi0kMBereApC8YFNgJO,Big City Nights,Scorpions,3,0DDqVvOx4VhlABTQbgJ93Z,World Wide Live (50th Anniversary Deluxe Edition),1985-06-20,This Is Scorpions,37i9dQZF1DWViGKI2U5P2K,rock,hard rock,0.383,0.969,8,-3.163,0,0.0937,0.0002,0.497,0.519,0.335,140.544,298720
0FfLmzYvQ0mz57INerkDru,Silent (Instrumental Version),Aiyo,51,7ABddBXxguDSg3JtsR19g4,Silent,2019-06-07,Tropical Vibes,37i9dQZF1DX6RA5ZrA5a23,latin,tropical,0.844,0.58,8,-9.653,0,0.0745,0.0759,0.845,0.094,0.46,117.992,184854
0O0Zk85EZqJ56YUIuQ26wB,Sola,Khea,57,4AcmLcxXWVqdaNSo0c4Kxp,Sola,2019-03-29,Trap 2020 🔥,37DFLy7lqF3qiR99Ss2ZGR,rap,trap,0.869,0.513,9,-5.579,0,0.0495,0.173,0.0,0.351,0.738,128.012,199805
5KeMe6s7NC1h9Xg7CgDbYO,Oh My God,HELLYEAH,52,1f2OVhqcB3vM5oev9MiYLx,Oh My God,2019-06-28,Hard Rock Workout,6kXNv8J3HCYztxjOIUzApv,rock,hard rock,0.315,0.975,6,-2.912,0,0.198,0.000368,0.0,0.248,0.35,159.455,252689
73IaURfEJMV60nEd2y0uEW,Ayer La Vi,Angel Y Khriz,18,1p6vbOLgBI80UruF8gE5Km,Ayer La Vi,2009-01-01,MIX LATIN POP°,6IS6XTdbS9qJZgfjNKgpB8,latin,latin pop,0.754,0.899,9,-4.509,1,0.0413,0.0933,0.0,0.12,0.765,99.978,236440
5J64qSSq0VZuh0CiI9o9Nq,Tú No Amas,Mambo Kingz,73,3eFEGgySyFZSq66Mq43Jwh,Tú No Amas,2019-06-19,Trap Land,37i9dQZF1DXde9tuMHuIsj,rap,trap,0.803,0.589,11,-5.889,1,0.0954,0.442,1.15e-06,0.634,0.562,140.057,273321
42e1QfTyPYWuoddr0ghc0i,Free To Decide,The Cranberries,47,5G3I9bLpCZxK4XeLyJ69iu,To The Faithful Departed,1996-04-30,The Cranberries Best Of,4E3K9oQgvLcKEz0wgBBXxD,rock,album rock,0.378,0.759,7,-5.672,1,0.0325,0.00588,5.13e-06,0.0826,0.379,117.553,265067
3qel23hQWhHT3qGewBQ0pE,Men's Needs,The Cribs,51,0uf3G2hMRqZ0LOqv6QhZiL,"Men's Needs, Women's Needs, Whatever (Standard Version)",2007-05-12,Permanent Wave,5glAD13obyL0G9SH9ukBz2,rock,permanent wave,0.548,0.94,1,-2.274,0,0.0472,0.000106,6.44e-05,0.0696,0.783,121.994,195698
1nzKLH9FeSV4KZdBwdCPQg,Go Round (feat. Lil Yachty),Rahmeen,0,24uHIqWrfZdI5NhQC3la6V,Go Round (feat. Lil Yachty),2017-01-30,"🔥💵 Hip Hop, Rap, Heavy 808's - New School",3jPkaExIWXQWklcmmF5180,rap,southern hip hop,0.676,0.546,4,-7.946,0,0.0366,0.234,2.94e-05,0.0995,0.665,139.977,180349
4yn0ftNHQSwsWE81h33y4K,Legendary (feat. Gunna),Tyga,66,6hHIX3lfGKnZ2ji41YZMVV,Legendary,2019-06-07,Chixtape 5 - Tory Lanez,0UXwwVDipbBQeEX7h4YuKU,r&b,urban contemporary,0.894,0.492,1,-4.692,1,0.104,0.0295,1.22e-06,0.14,0.397,100.041,152532
53go1N9BsonRPi3H0mYJCu,Algo De Mí,Franco Masini,36,3ljmAzurNDyeEXE98UFeXA,Algo De Mí,2019-09-06,Latin Pop Songs,5uOMV7g6vp8WxoqXfkzKaw,latin,latin pop,0.697,0.661,7,-8.094,1,0.0386,0.355,0.0,0.0991,0.634,97.967,196358
1HTtUBEY3tuw2btgwwI2Ja,I Get The Bag (feat. Migos),Gucci Mane,4,4nyzqtq4lTNILcp53NSz5G,I Get The Bag (feat. Migos),2017-08-17,Trap Americana,7tkgK1tm9hYkWp7EFyOcAr,rap,trap,0.89,0.633,11,-5.475,1,0.168,0.0232,0.000343,0.0993,0.425,139.948,233087
0BiGd2FNDQ0eh79ZHfp6tS,All I Wanna Do,Martin Jensen,55,5iTIgNz59Z4j1wtX0I29z8,All I Wanna Do,2016-04-08,Dance Pop Hits,37i9dQZF1DX6pH08wMhkaI,pop,dance pop,0.728,0.794,1,-3.992,1,0.0635,0.148,0.0,0.0688,0.523,112.071,194360
5uQk4fZO52goTrjVTvX8F3,Left Behinds - Original Mix,Paris Blohm,37,1MTVA9JBXZ0db11sIb9IiQ,Left Behinds,2014-06-09,Vocal House,5PCAWKfUWAUj8VeY8G7xRQ,edm,progressive electro house,0.63,0.873,6,-4.717,0,0.113,0.000687,0.182,0.078,0.285,127.989,333765
5nmHl233yo8XJvaNfdKAWU,Kids in Love (feat. The Night Game),Kygo,61,47oyrKaeobswT4T8zyaxdM,Kids in Love,2017-11-03,EDM TROPICAL,3pS63EDS40FVGYL41zAcU4,latin,tropical,0.499,0.673,0,-4.505,1,0.0348,0.399,1.21e-06,0.208,0.301,121.87,263400
3DsjHcLYMExprXJECT4QQP,Pon de Replay,Ed Marquis,64,3D74WUurXHavsASBjlxONT,Pon de Replay,2017-04-28,Dance Room,37i9dQZF1DX2ENAPP1Tyed,pop,dance pop,0.529,0.717,6,-7.049,0,0.24,0.123,0.000707,0.0363,0.481,103.99,257943
6EWIZKl3rQUSnvT7EI3uta,Who Do You Love,George Thorogood & The Destroyers,0,0FnPoPVsWmyjGRfIeL3ho5,Ultimate Blues,2009-01-01,Supernatural Classic Rock,6oghIlByD49KFGNmNU8GSH,rock,classic rock,0.584,0.888,4,-8.09,1,0.0609,0.0752,0.056,0.128,0.628,106.706,259147
3umCRVVIPZ72WnperWxLgL,Báilame,Nacho,63,3C2Y8YZGNyGqXZLPHPUMj3,La Criatura,2018-05-11,Fiesta Latina Mix 🎈🎉💃🏻🕺🏻☀️🏖,2kY6lVc5EcVfI5WNKmPQQG,latin,latin pop,0.83,0.869,6,-5.009,1,0.144,0.149,0.00576,0.0538,0.549,96.01,207013
7oeNKpblHShAKi4l6vqfac,Glory - Extended,Michaell D,0,3lfKjf6K2zkP0jG2g6OSCk,Glory,2019-02-08,CHRISTIAN ELECTRO / DANCE / EDM,0MhTMIo1bgH6zzPh7BdChT,edm,progressive electro house,0.622,0.912,4,-5.232,0,0.0615,0.00285,0.0919,0.0385,0.232,127.997,285000
474TEoMGE3C9KBNAkTb9Rk,Right Here,doVicente,24,44yqf7oGuEAA25Csnt3gN7,Right Here,2019-11-29,Electro Posé - Discoveries,6nZaTh6K1SwhdELFTmA99C,edm,electro house,0.863,0.304,6,-16.88,1,0.559,0.664,0.00492,0.35,0.51,100.093,176475
5RYSQDIq0ZPGc03ZnUut57,Mi Historia Entre Tus Dedos,Los 4,56,1f4Sx32mc13J54vS8n1dIl,Privilegio 2,2018-06-03,Cuban vibes only,6VWXakL2ojgiVC01I271e2,r&b,urban contemporary,0.724,0.942,0,-4.585,1,0.049,0.419,3.53e-06,0.0682,0.81,100.027,307336
2axtp3fbr4C09y0lxNXzMT,Там и здесь,Bym,0,0ruxgY3W5vClcv6fx4ouot,C6-Р,2017-05-31,Russian Gangster Rap,0u0qLLE8MZc679RZWCk1TT,rap,gangster rap,0.636,0.629,1,-6.075,0,0.179,0.191,0.0,0.0779,0.223,95.085,209737
4jqA7PWcuBJDYcXtB6QIiN,Message In A Bottle - Live,Thirty Seconds To Mars,0,7vIVYPoyJlag3p24QgkdPV,AOL Sessions Under Cover,2007-03-13,Unplugged Hits 📣,5NTm3injIRkUMROsZr3C2O,latin,latin pop,0.539,0.383,1,-8.164,0,0.146,0.685,0.0,0.11,0.485,168.711,185555
6ol2reMXoUuIZE0TA5FfvU,Right For Ya,Prince Paris,33,0OXLtD5u7FSpDIFc7sVXLC,Right For Ya,2019-01-25,Pop Dance Hits,7eERKCkgNKCCx5GYdeMIZf,pop,dance pop,0.638,0.81,9,-5.336,0,0.0888,0.0587,3.68e-06,0.309,0.216,100.005,158400
6Gap7FCzt3a8Su8HzW76I4,Enamorado De Ti,Arcangel,48,5MLBEmgDNIltSfxvXesq9s,El Fenomeno,2008-12-09,Reggaeton De Ayer,37i9dQZF1DWWU6Rfto8Ppm,latin,reggaeton,0.69,0.953,8,-5.554,1,0.0522,0.00329,0.107,0.187,0.344,135.027,233840
22wxe2Yc9JzihICXYLGAQ7,Big Shot,Billy Joel,56,1HmCO8VK98AU6EXPOjGYyI,52nd Street,1978-10-13,Classic Rock Retrogamer,6gUFdcGzKAHyDXY9TKC6cP,rock,classic rock,0.52,0.737,0,-11.715,1,0.0972,0.156,7.55e-06,0.0866,0.728,149.861,243493
3qwnfEm2N8lvD9BaJvOfaW,Is This Love - 2017 Remastered Version,Whitesnake,5,0CCJc4HNZTsrGFQfI7lnx9,Whitesnake (30th Anniversary Remaster),1987,’80s Hard Rock,37i9dQZF1DX68H8ZujdnN7,rock,hard rock,0.333,0.79,0,-6.802,1,0.0386,0.109,0.0,0.115,0.534,180.356,284600
4SlkG1rLfKSH5uubeUEe98,Yard,Toddla T,47,7MuUc3ZSXbbp3XyozaozoW,Idris Elba Presents: The Yardie Mixtape,2019-07-05,Rap Workout,37i9dQZF1DX76t638V6CA8,rap,hip hop,0.722,0.735,2,-8.079,1,0.0953,0.0533,0.0253,0.0987,0.198,128.941,169958
5RSpR665UGsu1FFEq1pG8R,I'm in Love,Tomoko Aran,38,7fa6VpNPvW2DVbtohJ0x44,浮遊空間,1983,Japanese Funk/Soul/NEO/Jazz/Acid,4zNayWuATXCAA9gaXvnFnq,r&b,neo soul,0.745,0.34,5,-15.917,1,0.0421,0.0207,2.59e-05,0.147,0.675,102.334,353467
4cgJF9rKas2H5AC8FnNts0,Let's Play House,Tha Dogg Pound,52,7l1KUvadF1rcUXRhviJXXD,Dogg Food,1995,Minitruckin Playlist,0VVH2Nzj6kBVGK3WIUQMAw,rap,southern hip hop,0.822,0.702,10,-4.759,0,0.0755,0.0919,0.00559,0.191,0.804,91.37,204440
6JLcz9UGiVxAmEZXlCucn5,Wobble,V.I.C.,59,2xaFAO5ejxbxjL5gund9Dk,Beast (Explicit Version),2008,School Dance 2019 (Squeaky Clean),0SqaMfNsngZCpPw0UuelA7,latin,latin hip hop,0.855,0.746,3,-3.777,0,0.232,0.402,0.0,0.146,0.375,95.026,321987
037yW9RzsLze4OmBYmcH4G,Save My Night - BlasterJaxx Remix,Armin van Buuren,16,16AD0yLkUKcp2FBtXKOE9j,Save My Night (BlasterJaxx Remix),2014-03-10,Fitness Workout Electro | House | Dance | Progressive House,6KnQDwp0syvhfHOR4lWP7x,edm,electro house,0.686,0.906,8,-4.886,1,0.0475,0.00196,0.745,0.052,0.165,129.972,326827
38AuHaV0yZE1LGmyzhPQeC,Wild,Diaz & Bruno,37,2urhxb1jHwg9suowNsuyTi,Wild,2016-07-08,Latin Village 2019,3JcJCsvBnRsA6oc7eUYDSB,latin,latin hip hop,0.813,0.828,9,-3.735,0,0.166,0.0506,0.0,0.128,0.519,99.946,184800
3zkWCteF82vJwv0hRLba76,Stitches,Shawn Mendes,77,0CnQ0JQajNswRjPkNYVG8m,Handwritten,2015-04-14,Post pop teen,222nc9tKxKhfZ2GBrOpwH3,pop,post-teen pop,0.746,0.754,1,-6.681,1,0.067,0.0152,0.0,0.0486,0.764,149.882,206880
3G6hxSp260RzGw4sOiDOQ3,Case Of The Ex (Whatcha Gonna Do),Mýa,53,6DOrJ531pbcGf3ZkrfayPD,Fear Of Flying,2000,"Swingbeat (old skool), New Jack Swing, R&B, Hip Hop, Urban",3krpccUV68nBGAQbvHEZDC,r&b,new jack swing,0.772,0.686,1,-4.715,0,0.0405,0.0555,0.000107,0.0725,0.347,98.0,236907
1hwN2eAwsXgktvw9Qe8TrP,Photograph,Ringo Starr,58,6zjenDV68SpvM3oEhorTDm,Ringo,1973-01-01,The Black Album,0KNLLunbFh9XgitPMOGmQg,rock,album rock,0.617,0.696,4,-12.739,1,0.0282,0.0155,0.000199,0.108,0.9,111.136,239760
41d2Q6DHcM20OdzynkRtvf,Daft Pretty Boys,Bad Suns,62,2YXl7mV4d30fEbwpVQ7YBQ,Disappear Here,2016-09-16,Intro to Indie Poptimism,6Ylmweq4pT7j3ScIv5uq1c,pop,indie poptimism,0.662,0.837,8,-5.015,1,0.0582,0.0623,0.0,0.0931,0.613,136.998,187013
4JYyMs7TpnRXmXvRi1XhXy,Radio Nowhere,Bruce Springsteen,3,4JS4qvlVFvhb4ABR1eqYpG,Magic,2007-10-02,Hard Rock Cafe Classics,3sv5ViKoPDNnZRsklzEGMN,rock,hard rock,0.398,0.96,9,-3.782,1,0.0526,0.0106,0.0,0.382,0.634,140.202,199067
1yjq6IfLqwnoBRputaLwFg,Reflections,Irvine,25,2XXZPUG4OIRtStQbgsD3jd,Reflections,2019-05-21,"Classic Rock 70s 80s 90s, Rock Classics - 70s Rock, 80s Rock, 90s Rock Rock  Classicos",3Ho3iO0iJykgEQNbjB2sic,rock,classic rock,0.621,0.474,0,-12.238,1,0.041,0.244,0.00948,0.166,0.306,94.036,222128
3IvLpkhvkarEACMGMShm3l,No Somos Nada,Corina Smith,62,6g06ML08yNZLsxlvGD2qKn,No Somos Nada,2020-01-10,Latin Pop Rising,37i9dQZF1DX8womvTyUjrN,latin,latin pop,0.672,0.664,6,-5.017,0,0.14,0.199,2.49e-06,0.133,0.741,174.022,172263
6CWiDYxP6pZg2WwYuYg4Ol,Hard Knock Life (Ghetto Anthem),JAY-Z,3,4EOivv4vgGvUpxzkC3HrL9,The Hits Collection Volume One (Deluxe),2010-11-22,Oldschool Gangsta Rap 👑,0t9TeyXE2mWe70JT3YwSoH,rap,gangster rap,0.849,0.894,11,-1.744,0,0.352,0.143,0.00462,0.024,0.582,153.932,239398
2ezqQeBiC72gwMJoO4w1hA,"Every Time I Close My Eyes (with Mariah Carey, Kenny G & Sheila E.)",Babyface,61,66Vhr3F0vp90jhQUlcf4Sk,The Day,1996-10-29,The Sound of Urban Contemporary,07zF8MjQPsiYUXiAIGZ5TA,r&b,urban contemporary,0.655,0.417,5,-7.702,1,0.025,0.0624,0.0,0.0965,0.279,143.674,296267
6a2HtT0P2ZbD2oY1ZJFrxS,SLVR,Steve Angello,0,4vXgeteX8QlUy7vKPUe0vK,SLVR,2013-08-26,big boom room — TOMORROWLAND EDC EDM BIG ROOM AMF ADE DANCE TRANCE HARDWELL TIESTO,2oalsaFUockoPf1DU3wrL8,edm,big room,0.657,0.618,0,-7.44,1,0.0502,0.00437,0.964,0.089,0.132,128.015,306586
7EGhmltmWJHCHobd3g8Hnw,No Air (feat. Chris Brown),Jordin Sparks,63,3SR9XT8f7LEUDcMFZO4wPd,Jordin Sparks,2007-11-19,The Sound of Post-Teen Pop,10FCW9lj0NdeoYI5VVvVtY,pop,post-teen pop,0.466,0.759,8,-4.978,0,0.199,0.0521,0.0,0.0587,0.328,160.033,264373
6UjfByV1lDLW0SOVQA4NAi,Gyalchester,Drake,70,1lXY618HWkwYKJWBRYR4MK,More Life,2017-03-18,"🔥💵 Hip Hop, Rap, Heavy 808's - New School",3jPkaExIWXQWklcmmF5180,rap,southern hip hop,0.877,0.391,1,-8.196,1,0.063,0.0317,0.000502,0.0945,0.122,131.018,189230
5hYijRB4AJYveUDXBrbslS,Sanctuary (feat. Big K.R.I.T.),ELHAE,40,0xqUuEVN3srOCA51CprgIk,Trouble in Paradise,2019-02-22,Contemporary Urban,6wyJ4bsjZaUKa9f6GeZlAO,r&b,urban contemporary,0.538,0.67,3,-7.071,0,0.404,0.119,0.0,0.423,0.674,76.698,217649
0EDyoVqPdg9AMt8PuDeu9c,RAWSIDE,GRAVEDGR,48,1zIe2BCGhrVrMp228rUV7X,RAWSIDE,2019-06-21,Nasty Bits,37i9dQZF1DX2VvACCrgjrt,edm,electro house,0.59,0.97,11,-4.135,1,0.287,0.071,0.00442,0.295,0.119,82.529,204182
2VBYFWgwIlJjyzidPTHQqp,Gucci Rock N Rolla (feat. Rivers Cuomo & KYLE),Snakehips,56,6PRuFI0MKWIhPvjzSFtUjy,Gucci Rock N Rolla (feat. Rivers Cuomo & KYLE),2019-02-01,2019 in Indie Poptimism,16RNbqnNCCLlBJti7JU5nc,pop,indie poptimism,0.797,0.93,11,-3.37,0,0.0455,0.0636,0.000123,0.951,0.907,123.985,159587
7cJrKnY92wNRHUoxPXbJch,Sunrise (Won't Get Lost) - Tommy Trash Version,The Aston Shuffle,0,54NJQIjfbcINne8WTlHloX,Sunrise (Won't Get Lost),2012-11-18,Vocal House,5PCAWKfUWAUj8VeY8G7xRQ,edm,progressive electro house,0.656,0.97,5,-4.048,0,0.0995,0.0159,0.00256,0.0954,0.242,127.005,363307
20ZAJdsKB5IGbGj4ilRt2o,Dile Que Tu Me Quieres,Ozuna,8,2lVfMtUwFK2bM3HNEyaNax,Dile Que Tu Me Quieres,2016-06-06,Reggaeton Classics,37i9dQZF1DX8SfyqmSFDwe,latin,reggaeton,0.721,0.687,1,-6.682,1,0.0782,0.0998,0.0,0.0679,0.825,175.914,226400
4zBVbv2SUaA6LON2nxtPEj,No Sé Nada,Lenny Tavárez,42,2O9j4drYUb0E1lDJb8bat0,No Sé Nada,2017-09-08,Trap Rewind,37i9dQZF1DX0JcH25923HT,rap,trap,0.817,0.624,1,-6.996,1,0.24,0.193,0.0,0.136,0.681,141.944,215000
339EMERs0fx2k3WCGbAS2H,Сарума,Kaspiyskiy Gruz,21,0mulB8qakm5MacvJSUgPhW,The Best of Каспийский Груз,2018-01-16,RUSSIAN Gangster Rap,0Jw0HckkxCfIrOvpN081eV,rap,gangster rap,0.65,0.773,6,-7.085,0,0.171,0.438,1.25e-05,0.205,0.556,81.961,142328
12mGwph2YzDIlChtq3EdXP,Alone,Marshmello,20,2v4Crisjd4sT782Jvn7ISC,Alone,2016-05-13,ELECTROPOP🐹,44p8nNLe4fGfUeArS3MaIX,pop,electropop,0.636,0.953,2,-3.74,1,0.0353,0.0244,0.0164,0.108,0.397,142.011,273803
2Qizs1bDIl7uhOyPductaz,The Dance,Night Cap,30,7LkiakrtdhmHxaoDxjg0uN,The Dance,2019-08-05,"Indie Poptimism (PUBLIC, The Band CAMINO, lovelytheband)",69yb02k0ZOmukYaxJXwp76,pop,indie poptimism,0.621,0.769,0,-3.91,1,0.0353,0.109,0.0,0.133,0.566,130.05,229569
5qMfl9sJQN2ernHq3kB6mT,Cocaine Habit,Old Crow Medicine Show,37,5WIghlR8eYL5qo0WqfEq38,Big Iron World,2006-08-29,Southern Rock/Classic Rock,0QUlq0LMDVXSBtbyYLTyZh,rock,classic rock,0.664,0.775,9,-4.601,1,0.207,0.757,2.28e-06,0.0874,0.914,160.724,162707
25XphFUCyqVtIz9mI0Bqi4,Straight Up Menace,Menace ll Society,0,0PB8s2taVctplXwTxvuNuV,Menace II Society (Music From The Motion Picture Soundtrack),1993,90s Hiphop / Gangsta Rap,5yGuoOwRQF3o8NVRRlvCj7,rap,gangster rap,0.734,0.469,7,-11.546,1,0.145,0.00114,0.015,0.328,0.539,79.87,276402
6T1GMVEgOkhgVx036WUZyi,Get Up Baby (Original Mix),Tony C,0,4yg4XOYD7SEb7MG8JhCn8S,House Selection,2010-10-18,Selected House,2JPzPB9jnvJLAYtmCbvZy8,edm,progressive electro house,0.795,0.928,9,-10.973,0,0.0585,0.00138,0.939,0.0878,0.563,127.998,425625
3rZxzqH3vl8yY0BTL4lzxL,En Cero - Remix,Yandel,68,1hrVRxW1ZJV1h0tyP4Nn8s,En Cero (Remix),2019-12-06,Flow Selecto,37i9dQZF1DX4OjfOteYnH8,rap,trap,0.792,0.782,9,-5.201,1,0.0538,0.0961,0.0,0.142,0.628,92.995,296227
01OFrVHgrV7ySA8hPMIth3,Oh Honey,RoyalT,10,7e6Tmjoes6QWrWKkBEhQjg,From Coast to Coast (Worldwide),2014-11-10,Chicano Rap,3o3xRXWMtBMezk0E3wmtGI,latin,latin hip hop,0.785,0.616,11,-6.73,0,0.176,0.0357,0.0,0.11,0.665,95.577,240907
3ia3dJETSOllPsv3LJkE35,California Love - Original Version,2Pac,63,1WBZyULtlANBKed7Zf9cDP,Greatest Hits,1998-01-01,Southern California Hip Hop Primer,206vi9Q0p3juAU73flxPsz,rap,southern hip hop,0.763,0.85,7,-3.052,1,0.0417,0.0304,1.21e-06,0.371,0.761,91.519,284907
2mpsKeLCbdXkwEpZRNi4XD,Jubel,Klingande,60,2w2DVkRZJV2hG8vEndFwO7,Jubel,2014-03-11,EDM TROPICAL,3pS63EDS40FVGYL41zAcU4,latin,tropical,0.698,0.476,0,-7.459,1,0.0417,0.185,0.238,0.0542,0.181,124.986,283638
01EIjqyCHyJkiyU22Zfdfd,Suicide Betsy,Rear Naked Choke,0,63lWQzu11gEmiuXVWvYEag,Rear Naked Choke,2017-09-29,Hard Rock Workout,3YouF0u7waJnolytf9JCXf,rock,hard rock,0.622,0.974,7,-4.867,0,0.0984,0.00447,0.000104,0.213,0.25,127.004,195885
6cDcmP5EqNNL4RZZXc9xzV,Free,Theis EZ,42,1GnMfPIzHOsUhpU79DXAzW,Free,2019-09-20,Bounce United,08QTrfsYYouffgnPjmllAQ,edm,big room,0.629,0.92,10,-4.399,0,0.0455,0.0357,0.0132,0.107,0.172,128.043,176968
7gZ3kWNtIxFgxjsm5OTVMB,214,Rivermaya,63,65GkUxR6lYlCiYP4mqyZl1,Greatest Hits,2001,Pinoy Classic Rock,37i9dQZF1DWYDQ8wBxd7xt,rock,classic rock,0.537,0.561,4,-6.961,0,0.0297,0.423,1.64e-06,0.134,0.242,78.13,273200
5zhkOkaQCS21ulmwCrmqaa,mello.w,.SØN,23,6z6Tkrq32IVAN7LmrZtkVC,mello.w,2019-12-06,Neo Soul / Modern Jazz / Smooth Hiphop,07SNJ4MwYba9wwmzrbjmYi,r&b,neo soul,0.561,0.228,10,-15.124,0,0.0753,0.537,0.799,0.556,0.149,80.02,126000
07lqfibBtpw1ud24u0uULj,Keep Watch,Wu-Tang Clan,40,1eFLCXEcuThN3QpMffhfvy,A Better Tomorrow,2014-11-28,Contemporary Hip Hop,68y3WoFJMMKDHUIpqCnoM3,rap,southern hip hop,0.762,0.666,7,-8.589,1,0.356,0.259,0.0,0.137,0.476,94.066,265373
1bSO9nzT5h55OrJO7BbHL2,One Life - VIP Mix,DJ MEG,38,1USoW8vmr37W5sd5g0579c,One Life (VIP Mix),2019-11-29,Pop Dance Hits,7eERKCkgNKCCx5GYdeMIZf,pop,dance pop,0.644,0.936,9,-2.925,1,0.099,0.00514,0.00236,0.143,0.255,118.007,201500
5itOtNx0WxtJmi1TQ3RuRd,Giant (with Rag'n'Bone Man),Calvin Harris,83,4PwXTHenZZx7ebgsnTM65K,Giant (with Rag'n'Bone Man),2019-01-11,Dance Pop Hits,37i9dQZF1DX6pH08wMhkaI,pop,dance pop,0.807,0.887,1,-4.311,0,0.0361,0.016,0.000503,0.0811,0.606,122.015,229184
3jwQwGVERUXo7eaAgL1xAo,Sixteen - Don Diablo Remix,Ellie Goulding,66,3J9P04H2RDPOt9rhKqr5Oz,Sixteen (Don Diablo Remix),2019-05-10,Cardio,37i9dQZF1DWSJHnPb1f0X3,pop,dance pop,0.493,0.773,5,-3.791,0,0.157,0.429,7.07e-06,0.0807,0.301,123.149,193548
17S4XrLvF5jlGvGCJHgF51,Learning To Fly,Tom Petty and the Heartbreakers,71,42G5ULkCRRl3crJMlg6eKd,Into The Great Wide Open,1991-01-01,80s / Classic Rock,29dTrOurPDrMcrnio2q6hZ,rock,classic rock,0.651,0.766,0,-9.935,1,0.0299,0.206,0.00103,0.362,0.949,116.74,242107
0xOsIqxmLswEsKFGLwE5c5,Love Game,Eminem,0,22bdIdviOSWmmYEhQxZ7jw,The Marshall Mathers LP2,2013-11-05,BALLARE - رقص,1CMvQ4Yr5DlYvYzI0Vc2UE,pop,post-teen pop,0.778,0.942,9,-2.525,1,0.178,0.355,0.0,0.626,0.687,105.517,296953
6XRVMpFG6KkBBNewZ8IgqW,Sacar la Voz,Ana Tijoux,0,2Efwknqx413fdY08fgu5f9,La Bala,2012-01-31,HIP-HOP: Latin Rap ['89-present],5fWgI0IJ1el5NB1sZ0Egsx,latin,latin hip hop,0.601,0.499,10,-10.657,0,0.0536,0.0171,0.000453,0.171,0.515,80.101,253360
6vxX7MwVgjwvGDstNBzFSv,What a Feeling,Toni Lo,29,0dXjcAQBSfm3w7JrYtZuhk,Best Songs of 80's Disco Music. Las Mejores Canciones De La Música Disco De Los Años 80,2013-12-20,80's Songs | Top 💯 80s Music Hits,65HtIbyFkaQPflCa4oW8KO,pop,electropop,0.559,0.688,7,-3.272,0,0.033,0.294,5.84e-06,0.275,0.34,129.716,221147
1xaBABHhVCk94lGVC92Yll,Te Hace Falta,Baby Rasta & Gringo,56,59ASR0DA62kCo1eDTlx8w9,Te Hace Falta,2019-12-13,El Ritmo,37i9dQZF1DWVOLXBOylBUZ,latin,reggaeton,0.867,0.844,5,-2.27,1,0.125,0.0947,0.0014,0.0801,0.805,92.015,215430
48Z0RW61tZ8O4jNG6jbGr4,Back To You,Man Cub,20,4HrwRQvoh4Qtb8wYqIY6qx,Back To You,2018-12-14,Fresh EDM | Progressive House | Electro House | Trap | Deep House | Electronic | Future House/Bass,0FCHg9zJMNNiOokh3hVcxd,edm,progressive electro house,0.48,0.908,10,-3.351,1,0.0519,0.00541,2.73e-05,0.0977,0.283,149.97,231400
6bfTktuowT5bIMe87Q5rmp,Never Really Over - Syn Cole Remix,Katy Perry,35,6eZLMbytOZ4xBNKLVqgXyR,Never Really Over (Syn Cole Remix),2019-07-26,Pop EDM Remixes,4aUEH3uhbofktrFkXOOaKj,edm,pop edm,0.68,0.882,1,-2.891,1,0.0647,0.0854,0.000465,0.155,0.462,125.956,188571
2Cp9l9oeQl5DAK2AAS0V1S,City Of Syrup,Big Moe,0,7hfXAZkTDCoZJuobL8phmN,City Of Syrup,2000,3rd Coast Classics,1QJ66s6YBZgxMUaVUyrhbo,rap,southern hip hop,0.893,0.437,9,-10.518,1,0.122,0.0227,1.35e-06,0.602,0.405,104.443,261427
60WI0RpQhFyXuyPvrPPFiH,Blackest Eyes,Porcupine Tree,51,2dAYkfqPYzOTDNxDDVP2vi,In Absentia,2002-09-24,Progressive Rock / Metal - Rock /Metal  Progresivo,7GhTpb4eOp6403Bmgqz3db,rock,album rock,0.498,0.845,2,-5.123,1,0.0373,0.00138,0.00255,0.09,0.137,95.175,263547
31u6rUeIEXGrYVoh10U7eu,Leave It In My Dreams,The Voidz,58,2dMmcXlG8xtRJNlsjIrPWe,Virtue,2018-03-30,permanent wave,3uFyGoayrP71xS6T6Y8Bh2,rock,permanent wave,0.6,0.746,4,-4.696,0,0.0355,0.0226,0.0119,0.109,0.614,118.551,239442
0v9kGNjkKdQUdDoBIuiph4,My Prerogative,Bobby Brown,56,44w4sVYJVQzhH2dN3IwyIK,Don't Be Cruel,1988-01-01,Minitruckin Playlist,0VVH2Nzj6kBVGK3WIUQMAw,rap,southern hip hop,0.753,0.62,9,-10.544,1,0.0524,0.0657,0.0,0.27,0.676,110.172,291560
3QkNkun3dzkeGo1jpkC76S,Use Somebody,Kings of Leon,4,61SxnbmY4W4CaZJFO8aMgF,Use Somebody,2008-11-21,HARD ROCK CAFE,55ybnG2z8rpTIerRfnCsw6,rock,hard rock,0.272,0.735,0,-5.416,1,0.0459,0.00533,0.000648,0.122,0.158,137.173,231800
6tRLpMmyh0DlURAR88cy7A,Dangerous,Shaman's Harvest,49,3I5xN6UDOrAjvyygVNqDhH,Smokin' Hearts & Broken Guns,2014-09-12,Workout Hard Rock,4TG1lzMD9HFvZ9E1Bk6Gnu,rock,hard rock,0.512,0.804,0,-4.063,0,0.0308,0.00142,3.59e-06,0.125,0.245,101.005,243120
0QiF3l617bIKVrkBqgdMHE,Troll Under the Bridge,gizmo,30,0DeTT48tUc3U11wWvWRyHy,Troll Under the Bridge,2018-03-05,< DARK TRAP >,19WuHd4MxWLzE1fpMmw4S4,rap,gangster rap,0.736,0.932,1,-3.726,1,0.271,0.146,0.0025,0.182,0.18,124.514,115775
2vIprOKFrPtsnQtADuVUp8,Echame a Mí la Culpa,Guaraná,45,52cIF30phEVuaLCrsrWMZR,El Efecto Guaraná,2001-02-05,LATIN POP- DJ GIAN,2v3I1zS56Y0cNHYsOAiCGV,latin,latin pop,0.428,0.752,11,-5.535,1,0.0527,0.0972,1.1e-06,0.0513,0.69,75.979,237373
4f7xpneUOcob0RoRyae6ax,Giovane Fuoriclasse,Capo Plaza,0,2zBv7xYTBVSPKdTQXcaj2E,Giovane Fuoriclasse,2017-10-18,Los Cangri,2hTs6GuPwhmg4ApNqxWXLE,latin,latin hip hop,0.555,0.702,1,-5.002,1,0.26,0.518,0.0,0.086,0.0883,133.036,221964
5ESovjf8cOPtYanYJ26gKy,Patience,Guns N' Roses,2,4a92B7gXZWKJopxs6gWgqb,Greatest Hits,2004-01-01,80s / Classic Rock,29dTrOurPDrMcrnio2q6hZ,rock,classic rock,0.453,0.253,6,-14.44,1,0.0313,0.705,0.000308,0.0892,0.344,120.415,356093
4NK49OnNDP3oJcTGs89XSg,Beggar's Song,Matt Maeson,56,3IQhe9N4j1tXTwKlhT2FsL,Bank On The Funeral,2019-04-05,2019 in Indie Poptimism,16RNbqnNCCLlBJti7JU5nc,pop,indie poptimism,0.446,0.456,6,-7.338,1,0.054,0.595,0.0,0.0752,0.27,145.056,235053
5YGLiu7ebWcnqoghFBk3yy,Appetite For Destruction,N.W.A.,50,1RcZMUVcZrMxf1shgPN4o0,The Best Of N.W.A: The Strength Of Street Knowledge,2006-01-01,90s Hiphop / Gangsta Rap,5yGuoOwRQF3o8NVRRlvCj7,rap,gangster rap,0.83,0.795,7,-7.644,1,0.181,0.0348,1.08e-06,0.0864,0.402,105.525,188573
16Of7eeW44kt0a1M0nitHM,You Make Me Feel... (feat. Sabi),Cobra Starship,66,5gXDrzBIzmAhiE0dNKwy0i,Night Shades,2011-08-29,Dr. Q's Prescription Playlist💊,6jAPdgY9XmxC9cgkXAVmVv,pop,post-teen pop,0.668,0.857,7,-2.944,0,0.0535,0.0191,6.71e-06,0.0385,0.748,131.959,215693
32IWnxqoCOeDLas0p3K8Vb,Want More,Kevin Lavitt,24,4wl4TBpwqoxDoj7LXetPPw,Want More,2019-07-12,NEO SOUL GUITAR,0r5ojPhjqGVq21oQR13UJy,r&b,neo soul,0.826,0.506,0,-9.302,0,0.0902,0.708,7.68e-06,0.113,0.623,118.97,173749
1U1VsioVGJkXUckkgOy7XK,Merry Christmas Baby,B.B. King,2,6InNLg8AAjPLxuKq2iyvld,The Best Of B.B. King - 20th Century Masters - The Christmas Collection,2001,Christmas Soul,6FZYc2BvF7tColxO8PBShV,r&b,neo soul,0.538,0.679,2,-4.339,1,0.033,0.65,0.00273,0.124,0.369,117.006,236333
7jsYEwsKHER6YrR5oYcO3O,Солдаты,Местный,0,6dnsTgTQ8GJ2j2NcTfTg8Q,36.6,2018-11-13,Russian Gangster Rap,0u0qLLE8MZc679RZWCk1TT,rap,gangster rap,0.71,0.659,3,-6.271,0,0.348,0.125,0.0,0.137,0.355,104.658,219440
1algWk375QvT1XNJJbRsGM,Demasiado Loco,Paulo Londra,68,0qJkFmVwwNXP6fvSemDZqn,Homerun,2019-05-23,Trap 2020 🔥,37DFLy7lqF3qiR99Ss2ZGR,rap,trap,0.824,0.377,1,-8.859,0,0.452,0.327,0.0,0.121,0.403,85.014,166549
41cJIihaawZaBWzhQGv25i,Cain,EXES,56,0OH4fJB8lAZAxKvVBp1zlX,Cain,2017-06-02,The Sound of Indie Poptimism,7nHgmv7uyIA1KHj6qTttjH,pop,indie poptimism,0.467,0.453,1,-9.703,1,0.0469,0.402,1.28e-05,0.213,0.252,199.79,216000
5OeflTgTzyBrdLxJQtcn0c,Mais Non - 1920 Version,Klischée,45,1WnrAf1vekSKVzhUUiixzO,Mais Non (1920 Version),2017-10-06,Electro Swing,3Dr4NKbsFQ2m7tmPxGRroO,edm,electro house,0.865,0.881,1,-6.812,1,0.13,0.43,0.195,0.314,0.851,128.042,191802
6Bjtr3tPdto5nyuLYf61sN,Cold Water (feat. Justin Bieber & MØ),Major Lazer,58,4SpuU8HT32EymGgFPL08LE,Cold Water (feat. Justin Bieber & MØ),2016-07-22,ELECTROPOP🐹,44p8nNLe4fGfUeArS3MaIX,pop,electropop,0.608,0.798,6,-5.092,0,0.0432,0.0736,0.0,0.156,0.501,92.943,185352
35AG36QH9ytiNtPyx9xwr8,Chemicals,Dean Lewis,64,61G7KL6rpj167r6H4CzS8C,A Place We Knew,2019-03-22,urban contemporary,4WiB26kw0INKwbzfb5M6Tv,r&b,urban contemporary,0.551,0.463,11,-9.683,1,0.0391,0.679,1.3e-06,0.14,0.186,80.922,221707
60TbmViml7n1jUZksLR7Mq,Slob on My Knob,Tear Da Club Up Thugs,54,5ESWD1l5btKzAe9f7zGsJ2,CrazyNDaLazDayz,1999-02-02,90s-2000s Southern Hip Hop / Crunk,5wsWBmQgDtKa8CEg7wTEMi,rap,southern hip hop,0.862,0.668,1,-5.181,0,0.198,0.00605,0.0,0.156,0.532,84.809,120960
3yP0cohcr97BUNJcgvmSVg,The Passenger,Iggy Pop,21,7ynKEunH8LSit4TR3foMVC,Lust For Life,1977-09-09,Workday: Rock Classics,37i9dQZF1DX1lwxXvReaux,rock,classic rock,0.5,0.846,0,-8.098,1,0.0457,0.0797,0.0,0.241,0.738,134.937,284067
54Yce4HmJFORYQVIfnmyLc,Crazy,Aerosmith,28,33lrptYaoQiDsAcZPXKFna,Tough Love: Best Of The Ballads,2011-01-01,80s / Classic Rock,29dTrOurPDrMcrnio2q6hZ,rock,classic rock,0.363,0.859,6,-3.904,0,0.0377,0.0784,0.0,0.254,0.448,162.178,317093
0SMu7ylGvRahZQ0aZocIEY,Andar em Paz,Urias,44,0ThHU5siCmHyHj8EaaQ3WS,Andar em Paz,2019-12-13,Orgulho Tropical,37i9dQZF1DWZ8fJXMbebf9,latin,tropical,0.524,0.276,3,-19.221,0,0.0782,0.64,0.0,0.202,0.499,157.384,215813
6J1R5wtPXiHiwiPstOSI56,Que Va,Alex Sensation,70,1mt3ZuNrHnd6gtRJhSy7Fn,Que Va,2017-08-04,Tusa - Karol G | China - Anuel AA | Estrenos Reggaeton y Música Urbana 2019,0T47pLnihK4xB8Bk9IQ0Dv,latin,reggaeton,0.766,0.827,0,-3.332,1,0.0538,0.148,0.0,0.0518,0.831,91.03,238160
4fY4pwTfUl15tEwDBTCXBO,Melanin,Sauti Sol,47,6D7akJd58wwzXo4Ee3xh64,Afrikan Sauce,2019-01-31,Global X,37i9dQZF1DWUxHPh2rEiHr,latin,latin pop,0.439,0.677,11,-7.319,0,0.125,0.0743,0.0,0.0955,0.759,95.064,267993
7pW81pPhFRm2zcMM8xemyA,Antes y Después De Ti,Ralphy Dreamz,55,0Olb7vGGiBEAkiyDsiRcUt,Antes y Después De Ti,2020-01-09,Tropical Rising,37i9dQZF1DX07X8UDWKEwP,latin,tropical,0.793,0.651,5,-7.308,1,0.0339,0.262,9.19e-06,0.107,0.855,125.001,174961
5daPTPtcS7LZMDRVPbOZwo,Komm ins Cafe 2 (feat. Farid Bang),18 Karat,0,2Fc47OyuDyN1hpagjE44Fm,Komm ins Cafe 2 (feat. Farid Bang),2018-02-09,GANGSTA Rap,5GA8GDo7RQC3JEanT81B3g,rap,gangster rap,0.635,0.756,11,-3.822,0,0.353,0.191,0.0,0.129,0.315,89.465,180240
5wPhERt9izm1T45aFXDWPe,Todavia,La Factoria,69,3oIRbufih3VX2kDgTLnk4X,Exitos,2009-01-01,Reggaeton viejito🔥,0si5tw70PIgPkY1Eva6V8f,latin,reggaeton,0.785,0.901,7,-3.205,0,0.0553,0.0867,0.000271,0.0903,0.6,113.289,203333
1pqiUytktkkaA7bV7ym2vt,Princess,soder.,49,4c0cTwQScPJPdCRaWeJXGT,Dreams of Dawn,2018-11-21,Lush Lofi,37i9dQZF1DXc8kgYqQLMfH,rap,hip hop,0.729,0.266,0,-20.841,0,0.0995,0.947,0.955,0.131,0.34,144.948,118556
1zng9uqqXoPkmU05nsAlsw,Bed Of Roses,Bon Jovi,73,2FbviTPUjgJJUxsGM1sGDq,Keep The Faith,1992-11-03,Permanent wave,0tOy7ZY4E2PadXIyj8zU43,rock,permanent wave,0.309,0.596,5,-5.599,1,0.0293,0.101,0.0,0.21,0.161,164.587,394400
0psKtF4j2UCvtcvnjFBbkC,Uncanny Valley,Atlas For Infinity,19,0V55gVkvbBdweqVBDeyk0o,Uncanny Valley,2019-09-26,Hard Rock Workout,3YouF0u7waJnolytf9JCXf,rock,hard rock,0.372,0.665,0,-7.85,0,0.0564,0.00697,0.000182,0.0861,0.0876,129.962,227370
6ZvLKwgPKlyZtDPkTWjPI7,This Groove,Oliver Heldens,70,6V2cksv4xWiubhZdh2Kb1H,This Groove,2019-01-25,Fresh EDM | Progressive House | Electro House | Trap | Deep House | Electronic | Future House/Bass,0FCHg9zJMNNiOokh3hVcxd,edm,progressive electro house,0.823,0.909,1,-4.508,1,0.0635,0.00779,0.0407,0.126,0.787,124.025,188175
1Q8NiatGDc6YgefNwT7Jgu,Te Perdiste Mi Amor (feat. Prince Royce),Thalía,61,5HDevGeDLIZMhZKvRZLSkI,Habítame Siempre (Bonus Tracks Version),2012-11-19,Latin Pop Classics,37i9dQZF1DX6ThddIjWuGT,latin,latin pop,0.8,0.723,0,-6.404,0,0.0353,0.344,0.0,0.0956,0.916,128.017,220067
2qigEhmxPsUt91eHT8KCTh,Australian Sun,Rob Stepwart,13,246E5OvV4QXhPrGOSj7vdb,Trip Stories,2018-11-27,House Electro 2019,72r6odw0Q3OWTCYMGA7Yiy,edm,electro house,0.956,0.445,7,-10.175,1,0.377,0.00332,0.0842,0.507,0.638,128.007,120000
0Vqap6DWhvILPwGvbtlUi5,The Rhythm,Kwame,29,06T6DizKcAp664U3jLSLqi,The Boy Genius Featuring The New Beginning,1989-01-31,Minitruckin Playlist,0VVH2Nzj6kBVGK3WIUQMAw,rap,southern hip hop,0.928,0.45,4,-19.682,0,0.319,0.79,8.6e-05,0.13,0.908,99.838,231040
0M3ZIWNcizkhYFvn6RuCEz,Music of My Heart,*NSYNC,43,45gbCmUeq5ZMgXiDkPweRD,Greatest Hits,2005-10-25,This Is Gloria Estefan,37i9dQZF1DXarsfY89zXC6,latin,latin pop,0.375,0.556,11,-7.201,1,0.0411,0.398,0.0,0.0956,0.398,111.824,271160
4v0DontD9QPBxyqfvEZyhT,Ghetto Youth,Frenna,62,3qALDskzWLnyo2VX4aUvxK,Ghetto Youth,2019-08-29,🔥🦁 GOOD VIBES ONLY 🦁🔥 // BROEDERLIEFDE || FRENNA || BROEDERS || HENKIE T  || BIZZEY || POKE \\,1d0fonZHpN4LYHTKbmNRbm,latin,latin hip hop,0.813,0.79,5,-4.303,1,0.0897,0.00252,0.0124,0.0552,0.332,93.008,188064
49ATdDBSasXb6wsHdrB2xQ,No Candle No Light (feat. Nicki Minaj),ZAYN,4,5SYsmwLMVdd4dD2SziOHlj,No Candle No Light (feat. Nicki Minaj),2018-11-15,Electropop 2019,4Bi8VLtaSu0JILliif8lH6,pop,electropop,0.612,0.742,5,-4.198,0,0.0519,0.0176,0.000102,0.101,0.431,122.052,193399
5FHXxdJeq1iAE9PjDTEgyd,The World Is Yours,Nas,58,6oSHgr3TZJPCFshYUfBDqE,Illmatic XX,1994,90's Hip Hop Ultimate Collection,4IG024zoaGMurhTFBkMAv9,rap,southern hip hop,0.678,0.794,10,-6.186,0,0.14,0.274,1.68e-06,0.124,0.54,87.374,290573
7stcuQtnHL7C6XdPvpwywv,Vertigo,Khalid,67,4UNwL1B7JoymNUiTFJa52B,Suncity,2018-10-19,indie poptimism,1E5VdGGWkpDQ682gdvJAZH,pop,indie poptimism,0.487,0.458,4,-7.761,0,0.0371,0.552,0.0257,0.117,0.207,115.989,270413
5xMzazov0IHYllrc8U2K6F,Ni Tú Ni Yo (feat. Gente de Zona),Jennifer Lopez,60,5ekcwlR6IVNcv2OMjcuz0G,Ni Tú Ni Yo (feat. Gente de Zona),2017-07-04,latin hip hop,3nH8aytdqNeRbcRCg3dw9q,latin,latin hip hop,0.673,0.907,1,-3.716,0,0.074,0.123,0.0,0.423,0.768,109.04,215880
4Gaco6SiHpZhnPvNsXH6Iy,Yokubou ni michita seinendan,ONE OK ROCK,47,5vG1nA5IR7bIv9mfhjGKNd,Zeitakubyō,2007-11-21,ONE OK ROCK with Orchestra Japan Tour 2018 Setlist,2gt9IfM8ASNiDzqg5jKyR5,rock,album rock,0.554,0.752,11,-5.473,1,0.0303,0.0479,0.0,0.364,0.694,87.985,202200
4ncDAlyP3gmCWefTlj27zp,You should be sad,Halsey,14,0hXbi1NMz8paMkILeQEWW8,You should be sad,2019-11-08,Charts 2020 🔥Top 2020🔥Hits 2020🔥Summer 2020🔥Pop 2020🔥Popular Music🔥Clean Pop 2020🔥Sing Alongs,3xMQTDLOIGvj3lWH5e5x6F,r&b,hip pop,0.591,0.596,2,-6.38,1,0.0278,0.141,0.0,0.11,0.333,111.009,205473
4yEXem27DzCg8xytvvO3E9,Lollipop (Candyman),Aqua,0,2vb252Haz9iX4iOd7vP8kX,Greatest Hits,2009-01-01,90s Dance Hits,50cXvxgMGrvoUeLhkzCyIO,pop,dance pop,0.716,0.981,0,-3.612,0,0.031,0.0317,0.0074,0.171,0.861,139.047,215053
1BMlDJRb0MtjhliYhlofhw,One,Cleo Sol,46,3YU2UjV4qkFNP3fUkiAyIa,One,2019-02-08,I Love My Neo-Soul,37i9dQZF1DX44dZ4p5QLf4,r&b,neo soul,0.432,0.822,7,-4.516,0,0.0551,0.0671,0.0124,0.0965,0.386,153.014,273774
1OycCM0ijoTj1aGdmRlYoS,Waterfall Jungle,The Sleep Specialist,45,3TRoUn8OKRVUcbprXmyGgj,Jungle And Forest Sounds,2017-01-09,Tropical Nights,37i9dQZF1DX0ES2mnOVvai,latin,tropical,0.176,0.274,2,-29.561,1,0.0592,0.00171,0.00124,0.352,0.0338,129.944,316491
2GGhdqZ8yJwgici7ko5sdg,Feed the Wolf,Breaking Benjamin,0,624ZRha8Ur3PQGCedJ5Iss,Feed the Wolf,2018-01-26,Hard Rock Workout,6kXNv8J3HCYztxjOIUzApv,rock,hard rock,0.404,0.982,8,-1.962,1,0.115,3.65e-05,0.000244,0.12,0.397,155.049,198032
64uoVmmhw2CUhFAOhDW1Zb,Cartier,Gino J,39,4cIh5X2VC4bpmJm15UT6Sy,Cartier,2019-08-16,Chixtape 5 - Tory Lanez,0UXwwVDipbBQeEX7h4YuKU,r&b,urban contemporary,0.72,0.635,2,-10.043,1,0.269,0.0319,0.0,0.0441,0.358,105.89,165283
2vcsxeFsY4ZuqL7czWl086,Jailbreak,Thin Lizzy,0,01iw3ZO4AQKvvIjXq5wPEL,Wild One - The Very Best Of Thin Lizzy (Remastered Version),1996-01-01,Hard Rock Cafe Classics,3sv5ViKoPDNnZRsklzEGMN,rock,hard rock,0.618,0.824,3,-6.973,1,0.129,0.515,5.92e-05,0.0547,0.608,144.957,240133
5G704aGDpvefJ6whgkmeR0,Tutankhamun - Original Mix,Borgeous,0,0gNQPOdy4lQ78abliUK7F1,Tutankhamun,2014-12-08,big boom room — TOMORROWLAND EDC EDM BIG ROOM AMF ADE DANCE TRANCE HARDWELL TIESTO,2oalsaFUockoPf1DU3wrL8,edm,big room,0.648,0.891,11,-3.464,0,0.0655,8.75e-05,0.497,0.105,0.183,128.002,203438
1Ovg7mt95a6ICyiWBj2o1n,Blood Dirt Love Stop,The Heavy,31,5MmMomspau1V5YpXjHYJRy,The Glorious Dead,2012-08-17,Sexy Soul 2020,5EMARioe9z9eKOeWIAC2JW,r&b,neo soul,0.474,0.526,6,-7.451,0,0.0323,0.00412,1.95e-05,0.335,0.597,172.084,236254
19SEn5eUuuixwxFPNtrq7D,This Town (feat. Sasha Sloan & Gucci Mane) - Gucci Mane Edit,Kygo,51,7LbyVLGeEWZYOUKCecv3gI,Kids in Love (Remixes),2018-02-14,ELECTROPOP🐹,44p8nNLe4fGfUeArS3MaIX,pop,electropop,0.735,0.463,10,-7.764,0,0.0789,0.508,4.48e-06,0.0998,0.526,147.965,202267
06luxtMuY4HXVpfWIK0rjw,Russian Radio,Red Flag,35,78n5Q1RzXDQWM5F76Z709g,Naïve Art [Special Edition],1989,Permanent Wave CHDB,2foj4ZYVHRGqSd1aMqNPBj,rock,permanent wave,0.705,0.771,2,-11.908,1,0.0436,0.00938,0.788,0.102,0.681,121.994,372427
6UlVoivrSMVoyhdc5S2tVk,Midnight Moon,Oh Wonder,49,37ABUtLPqktcopsBJ7jmXT,Oh Wonder,2015-09-04,Indie/Jazz Poptimism,6OaTudLqBEuTyUMPxRNpZc,pop,indie poptimism,0.681,0.484,1,-9.978,1,0.0563,0.641,0.00631,0.115,0.646,143.044,210756
3Qu4Myn9UbtAEnTmBGbHPa,Home,Hechmann,16,58TCaDjxbSM4qt3pxXctt8,Home,2017-06-16,EDM Trap,7CEEEMKV41x0RlFCXWdvKF,edm,pop edm,0.654,0.684,1,-7.233,0,0.0351,0.65,8.59e-05,0.134,0.617,99.95,228277
16lpdasbawoovaVf0gTbmf,Tentação,Clau,49,5qzUBdGZ67QHpcNioBR2eR,Tentação,2019-09-06,Brisa Pop,37i9dQZF1DX2vsux22VuNL,r&b,hip pop,0.541,0.59,1,-6.303,1,0.158,0.00325,0.0,0.0415,0.776,192.318,156604
5NPv7MhqawQbvqXd0BiJzm,Smartz,Scarface,31,0yEbGVnKvWj4B85rzExJmF,The Untouchable,1997,90's Southern Hip Hop,2NMW1nwQYSVlXd26uLenX6,rap,southern hip hop,0.88,0.456,11,-10.904,0,0.335,0.0278,0.0,0.595,0.588,81.95,305400
7xKAh5QpxJnBZENDjB3xVH,Spaceship Earth,Burningfields,27,3kQQbrDkTztvQi7I31xuas,Spaceship Earth,2019-10-25,INDIE POP! TUNES,0HD4Pc1PK8fsyKQq9e2U2v,latin,latin pop,0.415,0.378,0,-11.633,1,0.0266,0.226,0.0181,0.0961,0.088,81.999,340000
55hCApSPesst6S7XmsBkJH,The Pleasure Principle,Janet Jackson,0,3W2rEBPIwXyogofa5b4e6x,Control,1986-02-04,New Jack Swing,3ykXidKLz1eYPvuGoFlD1e,r&b,new jack swing,0.663,0.685,0,-11.907,1,0.0511,0.431,0.0109,0.146,0.894,116.845,299933
0Sl8C9oeS3b5Kv9bSvTPDr,Loud Places (feat. Romy),Jamie xx,65,0AVPusXNzK1jWwefBiPJ5I,In Colour,2015-06-01,Electro Posé - Discoveries,6nZaTh6K1SwhdELFTmA99C,edm,electro house,0.646,0.631,8,-10.748,0,0.0436,0.00462,0.288,0.122,0.167,109.02,283067
5p1PL2Gz532ziKatpyjSNh,Up & Down,EXID,49,7eXi3jZrvfqIfW3dDSl9Jt,Up & Down,2014-08-28,K-Crazy Michioso Tunes,37i9dQZF1DWUXxc8Mc6MmJ,edm,pop edm,0.713,0.827,7,-2.666,1,0.0353,0.002,1.36e-06,0.229,0.379,112.011,189883
4cMpm4doZKAsfJ7yNe9N3a,Melody,Little Venice,46,3IqXTbANIDZUQjaembgJyk,Melody,2019-07-12,Tropical House 2020,2oivDYqm1dQK4KbwVJTaf6,latin,tropical,0.681,0.761,2,-6.895,1,0.183,0.392,1.9e-05,0.0683,0.424,109.967,212727
0CyB2YIY070vdWLRugLuf5,Gimme de Tu Amor,Soraya,43,5KufSETEIPyEqAGavOnj14,Gimme de Tu Amor,2019-12-27,Latin Pop Rising,37i9dQZF1DX8womvTyUjrN,latin,latin pop,0.75,0.823,7,-4.264,1,0.125,0.206,0.000293,0.0724,0.9,87.997,190914
084ILpH20VSBeamcU7mM4K,Drown,Theory of a Deadman,26,4gyOfLPG6NNBcT5nNwnOnE,Drown,2014-04-22,New Hard Rock,64BvJcehegyvhqQtV82Ddz,rock,hard rock,0.476,0.936,0,-4.906,0,0.0645,2.57e-05,0.000729,0.255,0.385,141.959,221747
2zCW30TJznvDp6tBhAAIHC,Give It All - Vylw Remix,Urban Praise Project,24,4EILMTK13xcHC8pAiq4MLx,Give It All (Vylw Remix),2019-11-15,CHRISTIAN ELECTRO / DANCE / EDM,0MhTMIo1bgH6zzPh7BdChT,edm,progressive electro house,0.771,0.929,0,-3.482,0,0.0702,0.153,0.0,0.106,0.717,121.937,180698
5mNV8Mz59bzyuQ53gTw0c0,Where the Party At (feat. Nelly),Jagged Edge,67,2LFRjzwf61Y7CIl54Kiq8j,Jagged Little Thrill,2001-07-03,The Sound of Urban Contemporary,07zF8MjQPsiYUXiAIGZ5TA,r&b,urban contemporary,0.596,0.661,5,-6.239,0,0.226,0.31,0.0,0.0847,0.86,129.491,232573
1ppOGANOzMT01Cxh9jx4hN,Cool Kids,Olympis,67,1ZmJJdNN2BAnVqoiU4xtZe,Cool Kids,2019-11-01,Pop Remix,37i9dQZF1DXcZDD7cfEKhW,pop,dance pop,0.735,0.5,8,-11.297,1,0.0511,0.415,3.12e-05,0.13,0.119,126.1,139048
3FwSgJI8kdxuBJXHGRLhOi,Hooka,Don Omar,49,3F41BssbVvfFnh6DdDODeO,Meet The Orphans,2010-01-01,REGGAETON VIEJO,31hG19URdBvLEpQWKFYfdD,latin,reggaeton,0.732,0.86,1,-5.09,1,0.16,0.0468,0.0,0.804,0.817,170.012,237960
2WrPfK9mtiMLhWvohO9VNx,Quedate feat. LouisaFer (Original Mix),Cesar Vilo,45,2ANCtX0P2wXFn9qo2bDfV6,Quedate feat. LuisaFer,2008-10-21,ELECTROPOP EN ESPAÑOL,3VfscqF7zq65IGKiYM3FS0,pop,electropop,0.824,0.862,9,-5.213,0,0.0403,0.0027,0.000201,0.0917,0.773,128.001,390791
4t2TNNBH1AJE4Q2ameb0U1,Jumpstarter,TWIIG,26,2QiFsLV9Z1s317dycBy6Ls,Jumpstarter,2017-03-13,BIG-ROOM NEVER DIES !,4QtO2XySphMOJt7pX0yaVi,edm,big room,0.572,0.966,7,-2.31,1,0.0599,0.00134,0.0127,0.113,0.363,127.976,239756
6IH24UGxxo7MM2IKhF3gsx,Te Quiero Amar,Pasabordo,0,4xq9AQFzd0pW6yjYM6uxsx,Paso a Paso,2012-09-15,Latin Pop antiguo,4BmnnqWEQAamNoVjtjrQJP,latin,latin pop,0.759,0.751,1,-6.194,0,0.0612,0.093,0.0,0.132,0.844,109.984,191080
2Z4VK9otSeq3MxWcEgptUa,Si Te Sentis Sola,Duki,3,5ZXbbSLESrhjvQz5dEpfEx,Si Te Sentis Sola,2018-02-23,Trapperz Argentina,37i9dQZF1DWXrVH01e3PIE,rap,trap,0.851,0.657,11,-5.147,0,0.077,0.0395,0.0,0.123,0.388,140.05,178295
4Zau4QvgyxWiWQ5KQrwL43,Radar Love,Golden Earring,64,2qZLEQ9KsfExIhQKJF3VkD,The Long Versions - Part One,2008-10-22,House Of The Rising Sun,1bMYfBHYBCRHY5LGkjlpSy,rock,album rock,0.504,0.719,1,-9.155,0,0.0431,0.00878,0.00149,0.075,0.177,102.144,386707
2I12vOWeJU5ayhr6ha6esf,O Pana!,$uicideBoy$,68,3jud1ryzH2GV7T1qvWiHZx,Eternal Grey,2016-09-11,< DARK TRAP >,19WuHd4MxWLzE1fpMmw4S4,rap,gangster rap,0.8,0.505,0,-6.54,1,0.115,0.0206,2.05e-05,0.198,0.179,114.972,128418
29ikXeGM6kScvhvqfvgiwO,Drunken Truth,Steve Void,56,2BWk9BoPaXaMi93wZsSoXk,The Seed EP,2019-12-20,Dance Room,37i9dQZF1DX2ENAPP1Tyed,pop,dance pop,0.781,0.745,1,-4.942,0,0.0374,0.0814,9.71e-05,0.106,0.498,110.051,158091
3pCc3j2htkGXWJsBmSs0RB,Cuéntame,Gabo Viera,43,3bTCrM9rLEoui7B3CYu5CL,Cuéntame,2019-12-13,Reggaeton 2020 ☀,7xWuNevFBmwnFEg6wzdCc7,latin,reggaeton,0.713,0.848,3,-5.309,1,0.0785,0.568,0.0077,0.544,0.87,90.011,176030
6cREm4bV7V79Yxdilx9HDo,Once In a While,Timeflies,66,7nsWIOWiX7Zt0AdR5imU50,Once In a While,2016-03-18,A Loose Definition of Indie Poptimism,4ZO0wp9G8FA3X6oYNBzda6,pop,indie poptimism,0.786,0.687,0,-5.914,1,0.141,0.00758,0.0,0.619,0.345,105.021,215160
3XrYVxmqDEFU725or3B59w,One More Drink (co-starring T-Pain),Ludacris,0,1S7PHIbeequ4l7Ls6cXIII,Theater Of The Mind,2008-01-01,Southern Hip Hop,4lcyWQDOzPfcbZrcBI3FOW,rap,southern hip hop,0.558,0.773,0,-4.764,1,0.292,0.0647,0.0,0.283,0.593,98.125,220840
3Xfg7AegXaDLoD5GOUMf2e,My Demons,STARSET,70,0Ypo27qP4udOQKGfNT48hn,Transmissions (Deluxe Version),2014,Workout Hard Rock,4TG1lzMD9HFvZ9E1Bk6Gnu,rock,hard rock,0.274,0.652,5,-6.196,0,0.0625,0.00768,6.42e-05,0.108,0.1,173.009,288036
7iORJqhbZUXC8WAXK6geT0,when u come around,Jay-C,35,1wuWBqPi8jbxfrHFOQQo6p,when u come around,2019-07-05,Electropop - Pop,5TiiHps0hNCyQ6ijVkNZQs,pop,electropop,0.851,0.721,0,-6.678,0,0.13,0.0598,2.89e-05,0.134,0.613,126.038,185729
1PfZtxTVlXOM3hblElxXPC,In My Arms,Alexander Popov,27,4FNcuEb4yCywLxBxOiCpZ9,In My Arms,2019-01-11,Big Room 2019,6SrHyxIxWfQx9ISEr6yowk,edm,big room,0.512,0.779,4,-3.806,0,0.0559,0.0403,4.07e-06,0.576,0.264,127.979,202133
6Nn49DQCmWuDD5QuOgqZlG,Outta My Mind,Des Rocs,39,4U2gDBGbemjsJ6Egofn6pm,Martyr Parade,2019-11-22,Modern Indie Rock // Alternative Rock / Garage Rock / Pop Punk / Grunge / Britpop / Pop Rock,1VnvyBDqoV5TCZAnXYferL,rock,permanent wave,0.586,0.841,9,-4.095,1,0.0735,0.0148,0.0,0.522,0.55,102.115,165566
2SLEZrKKVNpOXQJN8UKSxC,Pressure - Valentino Khan Remix,RL Grime,48,006Wgzj2wMz9BX5aPYqjTr,"NOVA (The Remixes, Vol. 2)",2018-12-14,Nasty Bits,37i9dQZF1DX2VvACCrgjrt,edm,electro house,0.674,0.907,2,-0.439,1,0.174,0.000587,0.284,0.0723,0.169,126.012,203810
06EC9TibZK2mACTZ2usK1h,Live Wire,Mötley Crüe,64,6fhebW3x8DvrwbdL2aXCbo,Too Fast For Love,1981,Nikki Sixx's Top Pixx,5d1arTPDEr76KMg9geDinZ,rock,album rock,0.422,0.901,7,-6.655,0,0.0631,9.22e-05,6.78e-06,0.56,0.673,112.445,194587
0VfUUuAT8TbTRKbRmlxMMo,Ryo,Joris Voorn,50,380CczsK4Z1rVXkrVgnOPx,Ryo,2019-05-10,Deep Electronic Music 2020 & Progressive House,5CMvAWTlDPdZnkleiTHyyo,edm,progressive electro house,0.57,0.779,8,-7.85,1,0.0301,0.00525,0.891,0.367,0.206,126.015,389929
63MtsInu01ReWF9M4rl7dq,I'm Me,Lil Wayne,46,2O2R5NCEtf1kaJhvuNyPyT,The Leak,2007-01-01,Southern Hip Hop,57sYMLFXGD4ZqizzcMD7lz,rap,southern hip hop,0.457,0.815,11,-4.327,0,0.273,0.031,0.0,0.244,0.237,150.923,295360
4u6chQOq3h6g03cnPzAxcz,Spirit Of Freedom,Dropgun,45,2NYNdxFqVUDLMTNfJAJbcc,Spirit Of Freedom,2019-01-25,Pop Warmup 130 BPM,37i9dQZF1DX3PIAZMcbo2T,pop,dance pop,0.438,0.914,9,-3.919,0,0.0601,0.0206,0.623,0.12,0.225,128.184,161250
1hQhtw3bZSaFDjhaOCNjkR,You & I,Mercer,23,2gEnADOCHrQSVoGGstdCB7,Neo Disco 2 Ep,2019-04-05,Pop Dance Hits,7eERKCkgNKCCx5GYdeMIZf,pop,dance pop,0.585,0.895,11,-3.836,0,0.123,0.00147,0.547,0.0425,0.438,125.045,196171
04Z8OXrOr1dCPd741ucXLQ,Don't You Want Me,Jody Watley,16,2Fa9jKPOzCGh5Yw74wuSKE,20th Century Masters: The Millennium Collection: Best Of Jody Watley,2000-01-01,New Jack Swing,4nX6BscFtR1CozSCfv2cuR,r&b,new jack swing,0.873,0.767,9,-6.958,0,0.039,0.0516,7.49e-06,0.0678,0.833,111.998,253160
1iRvhKiXRElIH2Uf4gd95P,Dueles,Jesse & Joy,71,6pmTwCb5SeTjV9wdnkbDo3,Un Besito Más,2015-12-04,Latin Pop Classics,37i9dQZF1DX6ThddIjWuGT,latin,latin pop,0.531,0.834,2,-3.944,1,0.052,0.277,0.0,0.131,0.526,142.026,247640
2pDgan1hrEIgjFU21MOLf6,Train Tracks (feat. Struggle),Jelly Roll,56,2Y0q8RgRdv3zyX3mndNSPK,Sobriety Sucks,2016-05-13,Southern soul & hip hop,4xJULuV0P5PLcMe3xP8Pgj,rap,southern hip hop,0.701,0.717,10,-5.66,1,0.0508,0.261,0.0,0.166,0.529,87.978,209969
1ftEENXFLqdOT65iQbECup,Hate N' Love,LIUFO,0,3wOmP3Taz50d4yGK2O5BYY,Hate N' Love,2018-12-26,🔊BASSBOOSTED🔊⚡ELECTRO HOUSE⚡🔥EDM CAR MUSIC2018/2019🔥,4GSiiL8tcMgvoV7K1IADb8,edm,electro house,0.736,0.591,11,-10.594,0,0.241,0.599,0.00128,0.0595,0.184,119.97,187016
3XIIOCu6B8PuGq5j61asEM,The Greatest,Sia,14,77HfZENS166sAS9SUoBwYG,The Greatest,2016,A Loose Definition of Indie Poptimism,4ZO0wp9G8FA3X6oYNBzda6,pop,indie poptimism,0.666,0.723,1,-6.164,1,0.268,0.0109,0.00047,0.0507,0.739,192.024,210893
34UANp5qxDg6YcgrlDeILZ,Dilemme,Lous and The Yakuza,69,1VjhhQkZnPerLURQmPtSj6,Dilemme,2019-09-19,New R&B‏‏​​   ‍,4I6rTSxqKl1LRvES2O9owQ,r&b,urban contemporary,0.841,0.535,5,-7.569,0,0.122,0.0956,0.0,0.119,0.38,145.007,185914
7o92cBTVVzDsDwmtToWU0m,El Chapo - feat. Skrillex,The Game,0,0VLlcnVEGA6u3J4ALuGDCx,The Documentary 2.5,2015-10-16,Urban/Trap - Contemporary RAP,5CK0fshHcik1vWyeCc0zat,r&b,urban contemporary,0.747,0.912,6,-3.324,0,0.262,0.139,0.0,0.271,0.59,127.096,220079
3QgbEaUUK0sQsDzpqsS1No,Stay Up,Gill Chang,43,5XcWme83xWYWbQCYdmfxB6,Stay Up,2019-11-11,Trap Nation,0NCspsyf0OS4BsPgGhkQXM,rap,trap,0.72,0.823,4,-1.253,0,0.0526,0.394,0.0,0.144,0.184,119.969,203615
2SLZ2rX5773RS16mcqBxG7,Peaches and Cream,112,66,6QlbqTqKJt1UnuH3PLz9mb,Part III,2001,The Sound of Urban Contemporary,07zF8MjQPsiYUXiAIGZ5TA,r&b,urban contemporary,0.677,0.52,4,-6.255,0,0.334,0.00277,0.0,0.0532,0.768,203.862,193093
4FWmE1B9LaE0qta4mHikD1,Don't Let Me Be Lonely Tonight,David Sanborn,26,0P1WjVgs6MWJ5PtGVFP16Z,Closer,2005-01-01,Neo-Soul / Soulful R&B,4F3xAxHxeBwXhK6k6GPnrW,r&b,neo soul,0.539,0.279,2,-9.138,0,0.033,0.852,5.6e-05,0.0787,0.241,94.004,366413
2Pph0CUJ8uksCBzV6iyuQF,Lost,Blake Rose,69,16A6HpMW9UMCB3GNA0Es7a,Lost,2019-02-08,2019 in Indie Poptimism,16RNbqnNCCLlBJti7JU5nc,pop,indie poptimism,0.595,0.687,4,-6.536,1,0.0486,0.216,0.0,0.107,0.508,94.73,234623
2OnE9BINkDVzKC8ssN8M5K,I Like The Way You Work,Blackstreet,0,3VYLCiqzrWiQPXSSddpYqk,Blackstreet,1994-01-01,90's NEW JACK SWING,0dmInkymNnOTWvEFamSNzb,r&b,new jack swing,0.814,0.827,5,-2.969,1,0.111,0.107,0.0,0.118,0.624,95.272,284133
53CNDHcrOI23OATSulqwJz,Deeper Love,Covenants,32,6ZhqPgy1NLqC8hRlGV0d1Z,Deeper Love,2020-01-10,Pop Dance Hits,7eERKCkgNKCCx5GYdeMIZf,pop,dance pop,0.666,0.8,6,-5.454,0,0.0659,0.00562,7.64e-05,0.381,0.868,121.955,146557
5AS7FLo2cPNO1r9SdYn0r3,"Rain Again - Part I, II, & III",Abel Ganz,4,12XHXtRDd5bHcHzGgXhwpE,The Dangers of Strangers : 20th anniversary edition,2008-01-01,Progressive Rock / Metal - Rock /Metal  Progresivo,7GhTpb4eOp6403Bmgqz3db,rock,album rock,0.337,0.579,5,-8.65,1,0.0378,0.0937,0.000399,0.288,0.0934,133.171,493880
7DgZYNDiiOcbXUC7xOy3kb,Shakalaka (Instrumental),Rex Stax,22,78FDYhNkIWSmRfUQAjIJfX,Mas (feat. Risiko),2018-05-25,Electro Vibes,0wHHL0TLztL3muzXLCDTQP,edm,electro house,0.766,0.64,1,-12.512,0,0.0607,0.000404,0.872,0.0775,0.152,127.97,143906
3hC1y7tJyOOIt4PpxTslmq,Tus Juegos,Pochin Mirkin,42,3kVdmx5ST4d4uuPUbIorPM,Tus Juegos,2019-12-20,Pop Inglés (2020 - 2010s)💙 Música En Inglés 2010s,4QAzO1Z92yqqD6Mf3mOANu,pop,dance pop,0.839,0.848,11,-4.954,1,0.0314,0.229,1.28e-05,0.0611,0.808,109.985,181156
5g2cx0mZFmCNp4GexaifFl,Como Tu No Hay Dos,Buxxi,2,4TpoCBLJg3RtGcQFFkcuvM,Como Tu No Hay Dos,2011-10-31,MIX LATIN POP°,6IS6XTdbS9qJZgfjNKgpB8,latin,latin pop,0.592,0.896,6,-5.406,1,0.0818,0.0347,0.0,0.312,0.781,125.988,226952
4abUFnHLBPsJBsZbUcqnM9,Ah Yeah - Original Mix,Will Sparks,0,5t9aQQaUBD7ZxhNvKlxq1e,Ah Yeah,2013-04-29,Gym (Melbourne Bounce/Progressive House),5BqOZpVEqRDfZScvW1QUyA,edm,progressive electro house,0.824,0.756,7,-3.538,0,0.0835,0.0109,0.904,0.04,0.762,127.981,204375
4Sir1bXEwLvZDjz7h0LZIP,Salvation - Remix,Gabrielle Aplin,41,6wjWOQEfbc5IvbhLYbn0HK,Salvation (Remix),2016-02-12,Chillout & Remixes 💜,4NlAd9NpIa92IjErMyAriM,pop,indie poptimism,0.531,0.729,4,-6.934,1,0.0493,0.008,0.000234,0.141,0.084,124.086,210814
16X5gBguFn1dOffBAjUrR0,No Estaba en Mis Planes,Marissa Mur,38,4XMZdIcRn1Fz6oCNhAEYlg,Amores,2019-04-26,Paraíso Tropical,2v41efarffe6iY8qpMK5Gj,latin,tropical,0.677,0.504,7,-9.499,1,0.0806,0.491,0.0,0.154,0.532,98.106,162573
0iRk0TRxGqhQT9FTTGDQlb,Find My Way,From Inside,19,0nZ9esZ3QKb0rEquzgFLnm,Find My Way,2016-04-25,Rock Hubspot,5hvf4yL105Rw6cvCP6AMjM,rock,hard rock,0.405,0.92,7,-3.975,0,0.0529,0.00132,0.0,0.213,0.407,140.059,224207
3OUApyz3jDB3syGUNGqB1d,How You Gonna Act Like That,Tyrese,60,3skbBjGnAOqfy6ndwwOT4G,I Wanna Go There,2002-12-01,The Sound of Urban Contemporary,07zF8MjQPsiYUXiAIGZ5TA,r&b,urban contemporary,0.733,0.521,3,-3.657,0,0.0457,0.107,0.0,0.0692,0.525,112.913,294693
1SDLrgSkAw2LcdXfWArPgs,Crash My Car,COIN,10,7gpJnk67Ft1A5KJfVjaLqa,Crash My Car,2019-06-13,"Indie Poptimism (PUBLIC, The Band CAMINO, lovelytheband)",69yb02k0ZOmukYaxJXwp76,pop,indie poptimism,0.244,0.645,5,-5.863,1,0.0456,0.00178,0.00574,0.301,0.529,183.577,188307
0SUih4u16BlTsIDyB7J0SU,Waves - Guitar Acoustic,Dean Lewis,53,2hrk8YSXUJJrhTnTTF8Bqw,Waves (Guitar Acoustic),2017-06-23,Urban contemporary,0qOJuaqHeg4u1i6gjPKnxE,r&b,urban contemporary,0.412,0.285,11,-9.918,0,0.0444,0.935,0.0,0.11,0.377,151.739,248427
0SQ8yalm13UIJuebuZkQlH,Wild Wild West (feat. Gunna),Offset,60,6bPpXqJRpjwy0hLyUGtzYc,FATHER OF 4,2019-02-22,Chixtape 5 - Tory Lanez,0UXwwVDipbBQeEX7h4YuKU,r&b,urban contemporary,0.902,0.621,9,-5.315,1,0.199,0.0841,0.0,0.138,0.497,114.007,236300
0oKP5nVFcxxFO6wfj4JMvU,Freeloader - Spencer & Hill Radio Edit,Dave Darell,0,44kqpKqn5nyt1EXKe7oLn5,Freeloader,2009-02-27,Electro/Progressive/Club House,1HtnPDj2V126xB9tJP786P,edm,progressive electro house,0.656,0.842,7,-6.453,1,0.0647,0.0169,0.821,0.182,0.73,131.982,211031
3oqWr0jDWNXxWufNogGREp,Crimen,Gustavo Cerati,70,7KHNK7l8peO0t95I1v7BmP,Ahí Vamos,2006-04-04,②⓪①⑨ mixed,2bOjjgN1S3Gqd8vSMyafvJ,rock,permanent wave,0.537,0.502,4,-8.406,1,0.025,0.44,0.0709,0.199,0.288,80.511,232027
7qIICzwgm3eu1Ic3ufPGJf,Thick And Thin,LANY,5,7qj0DUUeZjpbHIkNFQxSkb,TAT / IDWLYA / TTT,2018-09-12,Indie Poptimism,21nxmipQe5xtXoHHPaYfnY,pop,indie poptimism,0.686,0.564,5,-6.063,0,0.03,0.0599,0.0,0.0914,0.266,99.968,212429
20Q0qLW27rm9Pq2pO1bwzK,Won't Stop Rocking,R3HAB,58,1hxiEVPiDLAPn4vRasJkel,Won't Stop Rocking,2015-11-06,Big Room Beast,3PNyCpkY7NAXyhopBpj7vc,edm,big room,0.593,0.869,7,-3.454,0,0.0575,0.0945,0.00428,0.184,0.173,128.003,187500
326jVYfqtef7U87YaqOFfC,It's Alright Now,Rahsaan Patterson,0,6GtaYxDbmVdxM4L7FbtRPz,Love In Stereo,1999-01-01,Neo Soul Music,78RRvktrPMSqAoCI21mNOe,r&b,neo soul,0.594,0.503,7,-8.112,1,0.0372,0.0558,0.000552,0.0233,0.394,79.996,334693
0Ytxje4D5iXTHN3MOCC5jS,"Together In Electric Dreams - Remastered / From ""Electric Dreams"" Original Motion Picture Soundtrack",Phil Oakey,62,2VL7fCZeDWVJAWpIhlRoDm,Philip Oakey & Giorgio Moroder,2003-01-01,Permanent Wave CHDB,2foj4ZYVHRGqSd1aMqNPBj,rock,permanent wave,0.705,0.524,3,-14.051,1,0.026,0.236,1.3e-05,0.0767,0.798,129.847,232667
0FuTx2s3YH1ppmtiM6l0zI,September Song,JP Cooper,22,4PtHrEv5SyIVsdbMKi6Vkg,September Song,2016-09-16,Tropical House Run 190 BPM,37i9dQZF1DWSTc9FdySHtz,latin,tropical,0.623,0.654,0,-5.675,0,0.0372,0.0545,0.0,0.0838,0.401,95.921,220291
0LEIjyWS7ByxvVKEIlg4mH,I Don't Wanna Lose You Tonight,Brian Dunne,39,4DPLwzYWd6QMdD0MgxYQeu,Songs from the Hive,2015-02-17,②⓪①⑨ mixed,2bOjjgN1S3Gqd8vSMyafvJ,rock,permanent wave,0.617,0.271,9,-7.843,1,0.028,0.113,0.0,0.0937,0.499,106.362,266307
7JqF4AHCyokdICrFYF91zE,Last Man Standing,Yung Felix,61,5H0Yol1Ha5hYb2dIfhb3P8,Last Man Standing,2019-03-08,🔥🦁 GOOD VIBES ONLY 🦁🔥 // BROEDERLIEFDE || FRENNA || BROEDERS || HENKIE T  || BIZZEY || POKE \\,1d0fonZHpN4LYHTKbmNRbm,latin,latin hip hop,0.951,0.702,1,-4.999,1,0.101,0.373,0.000246,0.159,0.763,124.976,190140
5mpibPxO6AWUhl2RiHpOGe,I Want You,MØ,49,52c2O1mvqnfAVjX9QNC5yd,Forever Neverland,2018-10-19,POPTIMISM,6lWMi4lPiiPwDqn8ZpeyAY,pop,indie poptimism,0.708,0.683,2,-5.249,0,0.0917,0.204,0.0,0.158,0.651,108.039,196196
0uIRrkPowPK1VLCKA8WVfe,No Más,Emilio Rojas,44,58rOKIAYd4MrpQgp92aQnB,No Más,2019-11-06,Urbano: Latino Vibes,0VsVywryrqLhHmsVFVcOAg,latin,latin hip hop,0.816,0.541,6,-9.028,1,0.144,0.0886,0.00467,0.147,0.657,100.004,213600
1wkoUfVkyqldOTu9t27gaf,Groundhog,Scott Krokoff,31,0zncLba3ZJp29RkbTHeVfd,Groundhog,2019-09-06,"Classic Rock 70s 80s 90s, Rock Classics - 70s Rock, 80s Rock, 90s Rock Rock  Classicos",3Ho3iO0iJykgEQNbjB2sic,rock,classic rock,0.514,0.706,4,-7.8,0,0.0328,0.398,0.0496,0.117,0.225,83.964,238722
1vxu8vMNshg5J8z3oA7QJZ,Parabola,TOOL,63,5l5m1hnH4punS1GQXgEi3T,Lateralus,2001-05-15,2000's hard rock,0EmGNFBBgqLmvdQGPbgiMp,rock,hard rock,0.314,0.93,9,-6.237,1,0.105,2.01e-05,0.501,0.139,0.294,100.935,363680
6RRNNciQGZEXnqk8SQ9yv5,You Need To Calm Down,Taylor Swift,86,1NAmidJlEaVgA3MpcPFYGq,Lover,2019-08-23,Intro to Post-Teen Pop,6o6MNYZqHSkMAKcCHPNu7K,pop,post-teen pop,0.771,0.671,2,-5.617,1,0.0553,0.00929,0.0,0.0637,0.714,85.026,171360
3C4KPCcAUNRviPtazWy39H,Trampa (feat. Zion & Lennox),Prince Royce,71,65L6jdghKTMq9d5Sf2VTDL,Trampa (feat. Zion & Lennox),2019-11-15,Flow Selecto,37i9dQZF1DX4OjfOteYnH8,rap,trap,0.762,0.829,7,-5.684,0,0.0889,0.00996,9.35e-05,0.111,0.857,100.064,211222
0gVzoccE87SIDksf9FuPTI,Mala (feat. Nio Garcia & Casper Mágico) - Remix,Reykon,40,1dWwPj18D1ZaQsfYhrwGre,Mala (feat. Nio Garcia & Casper Mágico) [Remix],2018-07-20,Reggaeton 2020 😍 🔥,03sDEv7FN58Mb9CJOs1Tgn,latin,reggaeton,0.783,0.771,5,-3.804,1,0.122,0.162,0.000471,0.0782,0.86,171.953,294419
6FP4peicCGnib7asns71fs,The Launch - Radio Edit,DJ Jean,53,2mf2kFapmGUkmAVWvjjzr0,The Launch,1999-02-02,90s Dance Hits,50cXvxgMGrvoUeLhkzCyIO,pop,dance pop,0.739,0.998,11,-5.669,0,0.137,0.0622,0.922,0.266,0.259,136.513,220360
1xWH8zYtDeS9mW1JJG23VZ,R.E.M,Ariana Grande,69,3tx8gQqWbGwqIGZHqDNrGe,Sweetener,2018-08-17,Post Teen Pop,2Aud8PXoTGcyY5esHu4Aaz,pop,post-teen pop,0.831,0.485,10,-6.677,0,0.15,0.375,1.47e-05,0.118,0.622,80.022,245667
7DGIv9rjJSL7Bfls23QMeh,I Didn't Mean To Turn You On,Robert Palmer,0,7k4OkVUV9POKeujFb1UXH0,Best Of Both Worlds: The Robert Palmer Anthology (1974-2001),2002-01-01,80s Pop & Rock Hits and Album Tracks,0XOIK4m26aeYSD61E5nSVW,rock,album rock,0.696,0.634,5,-11.172,0,0.0498,0.121,0.654,0.297,0.967,120.689,217467
5YjxMnQx0pEdgkzwDyeXGQ,Nothing Matters,Christian Gregory,0,2R3Z0WXcC2SEZkW8h5nr0G,Count on You,2014-08-19,NEO FUNK AND SOUL,2WbTrS5D0V2TW6DiDkJBru,r&b,neo soul,0.683,0.549,6,-8.087,0,0.0384,0.392,0.136,0.353,0.938,143.635,258603
3NBDgwEAGMj0aKRsU8zoO9,Rivers,Thomas Jack,57,0lpByNVVfNDqTes37JjvoA,Rivers,2015-07-10,Tropical Beats,37i9dQZF1DX1bDvyV0IkZ3,latin,tropical,0.574,0.809,0,-5.787,0,0.0565,0.149,6.99e-06,0.129,0.471,122.005,207833
32FD8hyKXzhkt2wyBCUxGs,Dame la Luna,María Barracuda,23,2LhAnqMlxgmMs8FOqOtOqb,Dame la Luna,2019-04-05,ELECTROPOP EN ESPAÑOL,3VfscqF7zq65IGKiYM3FS0,pop,electropop,0.238,0.656,5,-7.493,0,0.0364,5.98e-05,0.0,0.112,0.51,74.994,220275
7HK8ucZ2YGocZBdijlhql7,Rock the Nation - Remastered,Montrose,20,6eGLvyPfn5dQ6scbvm0UCu,The Very Best Of Montrose,2000,70s Hard Rock,6pZlZ20vt3aDjIKw98aBtQ,rock,hard rock,0.445,0.96,9,-5.6,1,0.049,0.0483,0.00113,0.191,0.618,137.905,183107
5Ce9z7GqSknXccyppRxNLY,Thief,Ookay,64,1TEDJMksfymmVbEpa3pG26,Thief,2016-09-02,Trap Nation 🔊,5aPwKjwNHr6dnCejLcPTVx,rap,trap,0.57,0.797,6,-2.954,1,0.0609,0.00476,0.00833,0.11,0.212,149.926,239711
1wKXq2v6jbWPM2hH2uj0bx,Down For My Niggaz,C-Murder,37,0knL5fTAXqq9oq4Yeyibc8,The Best Of Snoop Dogg,2005-01-01,Dirty South Rap Classics by DJ HOTSAUCE,0tLHH1C4HkWEUCXXSSjbOe,rap,southern hip hop,0.819,0.835,6,-3.788,0,0.263,0.0485,0.0,0.278,0.53,90.992,225653
72RFLY7sigTDszBRAKg9Mf,Like A Bitch - Extended Mix,Zomboy,53,0OooME7xUZgSSkBKwzl5X4,Neon Grave,2016-03-11,Trap Nation 🔊,5aPwKjwNHr6dnCejLcPTVx,rap,trap,0.592,0.988,6,-0.846,1,0.0997,0.000767,0.707,0.0847,0.268,149.985,264000
6LfwUHqd9XiRKVbmVXqVd0,High,Brytiago,1,4ZSaA7Nr5oJUacEkFe2WvH,High,2017-10-20,Trap Rewind,37i9dQZF1DX0JcH25923HT,rap,trap,0.817,0.693,0,-3.971,1,0.111,0.583,0.0,0.117,0.656,75.0,189467
38Mzy2BNRAAHQ1kzMdoyGw,Al Desnudo,Erre XI,38,0PKXKZ0k8BPkxT4nOVFESl,Luny Tunes Presents ERRE XI,2008-01-01,Reggaeton De Ayer,37i9dQZF1DWWU6Rfto8Ppm,latin,reggaeton,0.801,0.896,7,-4.448,0,0.105,0.057,0.0,0.26,0.696,100.006,188547
7o3FMIu6KldnAwXaA8MO8x,Ya No Tiene Novio - Remix,Sebastian Yatra,58,5DhvMwwdPorHfK7Aihfrc3,Ya No Tiene Novio (Remix),2018-11-23,VidaLoca - Latin / Raggaeton / Hip Hop ©,7EPbNmUW9nkRplDLSN9te4,latin,latin hip hop,0.669,0.797,7,-3.269,0,0.145,0.0424,0.0,0.0536,0.702,182.101,212053
0EqtsCvcDjEz6svFsaV5HN,Save Me,Aimee Mann,56,6jbjx0LGKl11H6UtrgS2nV,Magnolia (Music from the Motion Picture),1999-12-07,The Sound of Permanent Wave,4EYSGTuqe9cVfSVpX4gtGv,rock,permanent wave,0.616,0.346,10,-10.438,1,0.0304,0.604,0.00232,0.0914,0.344,143.351,274493
7jVqCPyq6XJrVkWqDPakor,Can't Front on Me,Pete Rock & C.L. Smooth,27,2AgTKAULjbHpqqtyI53hdp,Mecca And The Soul Brother,1992-05-26,90's Hip Hop Ultimate Collection,4IG024zoaGMurhTFBkMAv9,rap,southern hip hop,0.679,0.783,4,-11.118,0,0.0861,0.243,0.000418,0.343,0.785,92.847,256840
767fgY7pkWxWry1qjDlXcg,Drinking Alone,King & Joker,39,5STUc0nyM2CtgKRr28R2dD,Drinking Alone,2019-07-12,Tropical House 🏝 2020 Hits,2SRbIs0eBQwHeTP7kErjwo,latin,tropical,0.699,0.526,2,-9.629,1,0.0666,0.483,6.67e-06,0.116,0.554,120.013,168211
2ef6K7WCV8khtntJW81S7R,SEXTOU,Cacife Clandestino,51,0yDH8uVkxzzPIw2fyZ3I1F,SEXTOU,2017-08-17,Trap Funk,37i9dQZF1DWTGaQ84g8alz,rap,trap,0.689,0.659,9,-6.731,0,0.438,0.465,0.0,0.0928,0.669,129.967,214154
3jMxlXdAYNh41Eo6biUeXR,Feel the Bass III,DJ Magic Mike,36,5ETRyaU0iOoKu8FoWCWFIZ,Ain't No Doubt About It,1991,Minitruckin Playlist,0VVH2Nzj6kBVGK3WIUQMAw,rap,southern hip hop,0.647,0.193,6,-17.181,1,0.0529,0.0274,0.867,0.0974,0.262,170.535,304467
5ze2tIC1kKvaFFf0nP9iNR,"No Pain, (No Gain)",Betty Wright,45,71IwMI1hVyRQEIATOqyKK0,Mother Wit,1988-01-01,Southern Soul BBQ Mix,3nTS97zUqxJBQeiXNRs963,rap,southern hip hop,0.752,0.448,10,-13.427,1,0.0764,0.0573,0.0,0.0978,0.58,145.968,312840
340sV0G2e1h5jWsMyDRmc9,Safe and Sound - Radio Edit,NLSN,4,28AKutXX5V1KwEJHWSyDRL,Safe and Sound (Radio Edit),2016-09-09,Tropical House,37i9dQZF1DX0AMssoUKCz7,latin,tropical,0.793,0.722,1,-3.928,0,0.0383,0.000601,0.00287,0.0914,0.644,120.012,181000
0HsVEzGLqUHpj6EEhxOcp5,Deadly Sins,Clika 1,40,5sSftACfD3pIDZHcHyn8g2,The Best of Clika One,2008-09-30,Chicano Rap,3o3xRXWMtBMezk0E3wmtGI,latin,latin hip hop,0.673,0.729,7,-7.177,1,0.519,0.00992,0.0,0.259,0.824,178.373,162440
2rpW6YlfARNrITNWJbqCgM,Torn Apart,Eredaze,39,1kXS8tVaqosE1e3HWpM5h4,Torn Apart,2019-12-08,Sad Trap,7kzKtw5vug3IIxKfLadi8A,rap,trap,0.653,0.505,10,-11.587,1,0.0422,0.0747,1.62e-06,0.114,0.114,92.999,186000
2xIC6uINg7ThWUrUXPA70q,Livin' On The Edge,Aerosmith,24,33lrptYaoQiDsAcZPXKFna,Tough Love: Best Of The Ballads,2011-01-01,80s / Classic Rock,29dTrOurPDrMcrnio2q6hZ,rock,classic rock,0.339,0.874,2,-4.346,1,0.0361,0.0021,0.00697,0.319,0.26,84.493,381240
2CqnpBHeQGfgj8FDB7zuTv,Solo (feat. Demi Lovato) - Wideboys Remix,Clean Bandit,51,4buTKHbBsvpZBBS1Z5Z0N5,Solo (feat. Demi Lovato) [Wideboys Remix],2018-05-25,Pop EDM Remixes,4aUEH3uhbofktrFkXOOaKj,edm,pop edm,0.659,0.946,11,-3.73,0,0.211,0.219,0.0,0.143,0.498,122.045,188852
3j1fOrxmfuym91Cf9v397b,Warpaint,88rising,58,6YFBWwUDdot8IjBZSYOacB,Head In The Clouds,2018-07-20,PROJECT: Contemporary,6HaCi9bqaiuSZEDfCEmwyo,r&b,urban contemporary,0.68,0.658,1,-5.356,1,0.0535,0.082,0.0324,0.109,0.278,128.921,213788
0NzzaQ0u505zpG8IAZQyT7,Helix,KRMA,38,4IOsvVbAF9s2moKSORe6XK,Helix,2019-09-25,Trap Mojito,37i9dQZF1DX1OIMC8iDi74,rap,trap,0.659,0.454,9,-7.189,1,0.337,0.022,0.201,0.328,0.196,75.036,179200
7cFpB4ozcSwXuhqjvNbrbP,Good Times,Styles P,60,4LmiDfIReR290PQm026KNF,A Gangster And A Gentleman,2002-01-01,Hip-Hop Drive,37i9dQZF1DWUFmyho2wkQU,rap,hip hop,0.697,0.761,11,-7.647,0,0.302,0.157,0.0,0.789,0.666,81.728,211493
2RAPJgBZ030ZNSMyLrfA6N,La Manito,Martina La Peligrosa,43,4L4mUvbDbYXxluBgmDTuQ4,La Manito,2019-12-12,Latin Pop Rising,37i9dQZF1DX8womvTyUjrN,latin,latin pop,0.857,0.737,0,-5.451,1,0.13,0.174,0.000509,0.121,0.831,94.009,153652
2dpQ5MOgkbZOC7JZdguPrq,On & On,Lonely in the Rain,52,4BfZu0FRpso3VxEfCMeUMd,On & On,2019-09-06,Electro Posé - Discoveries,6nZaTh6K1SwhdELFTmA99C,edm,electro house,0.627,0.495,10,-11.236,0,0.127,0.4,3.48e-05,0.0714,0.305,120.088,212101
5l3CML2OnzfNs5RfVgbcLt,Talk Dirty (feat. 2 Chainz),Jason Derulo,67,1OdcBxCNY52OXH0r4odXqP,Tattoos,2013-09-10,Electropop - Pop,5TiiHps0hNCyQ6ijVkNZQs,pop,electropop,0.76,0.652,6,-7.321,1,0.232,0.0348,0.0,0.307,0.759,100.315,177685
4BiiOzZCrXEzHRLYcYFiD5,Hope,The Chainsmokers,74,6ZvDJs17O3woQirttKRYCG,Sick Boy,2018-12-14,Electropop 2019,4Bi8VLtaSu0JILliif8lH6,pop,electropop,0.773,0.699,1,-5.982,0,0.0958,0.488,3.6e-06,0.0814,0.513,104.941,180120
1r2N0b4VRjrO2OAc5KXMR1,Bite,Fickle Friends,34,7LdUzhm4SloDil5y0sRen0,You Are Someone Else,2018-03-16,Indie Poptimism,21nxmipQe5xtXoHHPaYfnY,pop,indie poptimism,0.691,0.875,6,-4.573,0,0.035,0.0275,7.68e-05,0.0891,0.821,123.998,208267
37i6z8YqVrsvlx9jAaF6Rf,Suite: Judy Blue Eyes - Remastered,"Crosby, Stills & Nash",35,3m7nQ3mxkpE61tzgH8l1XD,"Crosby, Stills & Nash [Digital Version]",1969-05-29,Classic Rock Greatest Hits,6TeyryiZ2UEf3CbLXyztFA,rock,classic rock,0.451,0.364,9,-13.126,1,0.0436,0.469,0.0,0.197,0.298,154.206,444053
4QE7rcOeNErdz87pgSZ823,I Got You,Mike Williams,56,2Hg9HeNSQG4ysmKYxz7D1f,I Got You,2019-01-25,Epic Bass Drops | Best House Mixes,4IS7o1utOzhimFEFnj9gmu,edm,progressive electro house,0.597,0.832,5,-3.865,1,0.0782,0.114,1.16e-06,0.7,0.374,126.069,176190
4rWZxGhyaNnKwkxkTlxfhg,Young,Brieuc,33,4KsRjLXPKmKIJvJQP7398Y,Young,2019-05-10,Pop Dance Hits,7eERKCkgNKCCx5GYdeMIZf,pop,dance pop,0.724,0.798,0,-5.37,0,0.0367,0.229,0.0507,0.0846,0.238,124.974,199159
7f2zGbGUnghatkHLiOSoRf,Pizza,Anti Up,46,3heaSwNvzyXG35gDh1EQ2m,Pizza,2018-06-29,Dancefloor Beats,6mMk6QCzEgT3QGaCV1R4S5,edm,big room,0.699,0.837,6,-5.159,0,0.0492,0.000676,0.00217,0.0962,0.62,125.987,133909
3i0kc7JRQjU25HP1CybBYU,Game Over,Tom Crusher,17,1Kgjn7HOe5PtiQJtPUuT1K,Game Over,2018-10-19,Big Room EDM,3S03NWbWkrR1e7DPH9rf9Z,edm,big room,0.722,0.955,7,-5.303,1,0.0775,0.00169,0.692,0.348,0.369,127.988,155625
7qeWNGBqqagdwf4KnjRzGZ,U Played (feat. Lil Baby),Moneybagg Yo,70,6Wq84YPRzpAIY8CEeluUlv,Time Served,2020-01-10,Hip-Hop Central,37i9dQZF1DWY6tYEFs22tT,rap,hip hop,0.874,0.847,2,-3.574,1,0.233,0.00341,0.0,0.29,0.881,134.965,164754
0P4wupoasH0Pj0cuvwaIwN,Tired Of Ballin,Tela,35,5iR4qrdJn0age8w8rqBUfR,Piece Of Mind,1996-11-05,Dirty South Rap Classics by DJ HOTSAUCE,0tLHH1C4HkWEUCXXSSjbOe,rap,southern hip hop,0.596,0.506,9,-10.08,1,0.355,0.0129,0.0,0.102,0.688,87.761,301107
1DgVEOwweNRGPdYWsfLDXz,Young & Reckless,Jason Thurell,48,5YDuNasOMJyDJNAgxCmhhH,Young & Reckless,2019-01-04,Tropical Vibes,37i9dQZF1DXd8Gn5cSmvFy,latin,tropical,0.805,0.694,1,-6.78,1,0.0581,0.166,0.000116,0.109,0.611,120.022,190000
6e7hIhOLH9zvb3zP5O5gt0,BOY BYE,BROCKHAMPTON,72,1jToVugwBEzcak8gJNZG2f,GINGER,2019-08-23,Alternative Hip Hop,37i9dQZF1DWTggY0yqBxES,rap,hip hop,0.869,0.747,9,-7.143,1,0.151,0.512,0.0,0.124,0.784,124.932,142187
6lNaBQgHjNtrTmQK8nJGIp,"Mind, Body, Soul",Road Kahan,39,4DrrXtLo61rfIfE4r7ya3T,"Mind, Body, Soul",2019-11-08,Waves Pop and EDM,64k01l4j6QtnZ8jMaI84AA,edm,pop edm,0.631,0.671,10,-7.15,0,0.0331,0.0301,0.624,0.0952,0.035,114.011,192187
4fVdtkBSTaOuecdWKcXmRX,Careless Whisper,George Michael,2,59x2pzuxQaaLEf9ujqQGq9,Ladies & Gentlemen...The Best of George Michael,1998-11-09,80's Songs | Top 💯 80s Music Hits,65HtIbyFkaQPflCa4oW8KO,pop,electropop,0.575,0.634,2,-8.822,0,0.0348,0.144,1.68e-06,0.314,0.79,153.217,300093
0UZIq5MBtALBLrYZhD2vyN,Not the Same,twuan,48,4iYj54yk9kiCPZsBu6I5aP,Days Come N Go,2018-08-28,Lush Lofi,37i9dQZF1DXc8kgYqQLMfH,rap,hip hop,0.76,0.19,5,-21.736,0,0.393,0.963,0.738,0.112,0.666,113.012,131681
03m9WRVBzoxyTeKblvLvpR,You Got The Love,Keanu Silva,62,14B4NCJRvKpfyQBAGBCJT4,You Got The Love,2019-10-04,Electro House Top Tracks,1G0q0NK7g3C0XerNqq7GbL,edm,electro house,0.744,0.925,1,-4.312,1,0.0558,0.0394,0.000306,0.295,0.7,124.046,164446
1MtUq6Wp1eQ8PC6BbPCj8P,I Took A Pill In Ibiza - Seeb Remix,Mike Posner,73,1Tz3Ai1guEFf4hV3d9i17K,"At Night, Alone.",2016-05-06,"post-teen alternative, indie, pop (large variety)",1y42gwI5cuwjBslPyQNfqb,pop,post-teen pop,0.663,0.713,7,-6.647,0,0.112,0.0353,7.68e-06,0.0843,0.69,101.965,197933
6jmtQXRzJSaryAZQyK8cCI,Donna,The Inoculated Canaries,19,0vnsHdYHbiaIm3Mhn84PLU,Donna,2019-09-20,"Classic Rock 70s 80s 90s, Rock Classics - 70s Rock, 80s Rock, 90s Rock Rock  Classicos",3Ho3iO0iJykgEQNbjB2sic,rock,classic rock,0.452,0.726,7,-5.433,1,0.0508,0.00275,0.00285,0.375,0.811,176.132,246093
4hvDzMIyNEHd4nxRhxMnTV,Better With Time,11:11,36,0hNhtPyP6NlJLa8SoTM3uD,MOOD,2019-09-13,Neo-Soul,1eqVgsNjaX6mxDPoefhocT,r&b,neo soul,0.552,0.629,9,-6.784,0,0.239,0.178,0.0,0.108,0.331,151.543,190081
5pBYQ1AU4eKfd5kwRukfo0,Se Acabó,Sanluis,0,4L9ZvWtDxpUgE0uWIk9qsQ,Se Acabó,2015-10-21,MIX LATIN POP°,6IS6XTdbS9qJZgfjNKgpB8,latin,latin pop,0.71,0.881,0,-5.938,1,0.0637,0.212,2.74e-06,0.158,0.759,99.953,207727
7jlGVKeRzOz7fGk6pSiPlb,Grupo bom,UM44K,59,18d9vGhP809nhvWbrTLOeD,Grupo bom,2018-11-23,Brisa Pop,37i9dQZF1DX2vsux22VuNL,r&b,hip pop,0.79,0.566,1,-6.402,0,0.0413,0.685,0.0,0.0886,0.587,121.948,180669
5PffvGLh1Wubwf8p4TuPRF,Good Times,Sidney Charles,23,7gdI0SWyxuT8SR3iagN3Hq,Rawelution EP,2017-10-27,Selected House,2JPzPB9jnvJLAYtmCbvZy8,edm,progressive electro house,0.794,0.96,7,-11.18,1,0.0624,0.00597,0.283,0.0936,0.437,123.015,441831
4pP59HlzHAwxIynUHCegzv,Mammon's Mantra,Deca,39,0B9tBeEWRc2gwTzvUhzRI3,The Way Through,2017-10-24,Smooth Hip Hop,7ozFIvz1bE1HPgQTUl5qfT,r&b,hip pop,0.843,0.852,2,-5.0,1,0.21,0.132,9.42e-05,0.0993,0.522,125.01,222798
62XCV3AmCMkPa9X5mCim8O,All ‘Bout The Money,FAULHABER,51,3droSng2pOwou8B3UlZVHW,All ‘Bout The Money,2019-10-18,Dance Room,37i9dQZF1DX2ENAPP1Tyed,pop,dance pop,0.721,0.779,6,-4.239,0,0.0606,0.142,0.0,0.143,0.327,110.026,169964
1wF2QB0bAAYQdPUIn0L0VE,Outside Looking In,Jordan Pruitt,40,3ZN6vRXDZhoYf9Zdc5ubpE,No Ordinary Girl,2007-01-01,The Sound of Post-Teen Pop,10FCW9lj0NdeoYI5VVvVtY,pop,post-teen pop,0.69,0.29,5,-6.544,1,0.0282,0.676,0.0,0.109,0.42,95.976,159467
4dMnt9B6xYOzpdjoxC9YJC,Swingin' Together - C@ in the H@ remix,Elle & The Pocket Belles,28,0803esk64gFD5U27RJxirF,Swingin' Together,2015-03-11,Electro Swing Top 100,5M7xLCQTYJL0lbKIrUn3a4,edm,electro house,0.733,0.857,1,-5.22,0,0.0774,0.0141,0.0195,0.097,0.963,119.952,231655
5TKuvTO4jj4trnmMnqEpoJ,London Town,Branco,67,3WTJeB0dk8TBDKnCn23tN5,London Town,2019-10-04,DK rap,37i9dQZF1DXdhDukKQ88Cc,rap,hip hop,0.857,0.541,1,-7.272,0,0.283,0.419,1.36e-06,0.108,0.565,101.913,173934
6Hav2JJShJxEVq34t80hkA,Shoot Shoot - 2007 Remastered Version,UFO,0,2AzpWa5Xuh5zJlSu2vPqfF,The Complete Studio Albums (1974-1986),2014-02-21,70s Hard Rock,6pZlZ20vt3aDjIKw98aBtQ,rock,hard rock,0.475,0.912,2,-7.023,1,0.058,3.78e-05,2.25e-05,0.0806,0.592,137.805,219893
7sL7EmugTVz0IBnK1aJGOC,Lovers + Strangers - GATTÜSO Remix,Starley,27,1EwfUHQZACENpkbKaa2Cbt,Lovers + Strangers (GATTÜSO Remix),2019-11-15,Dancefloor Beats,6mMk6QCzEgT3QGaCV1R4S5,edm,big room,0.649,0.821,10,-4.952,0,0.0472,0.017,0.000347,0.0655,0.394,125.977,203968
40EDOraCqoiMf14TzODihf,No Te Veo - Digital Single,Casa De Leones,61,2gSW9jTCv7OZgx8JKlkyE7,No Te Veo,2007-06-12,Fiesta Latina Mix 🎈🎉💃🏻🕺🏻☀️🏖,2kY6lVc5EcVfI5WNKmPQQG,latin,latin pop,0.847,0.873,8,-4.805,0,0.0804,0.0558,3.21e-06,0.325,0.966,116.007,255987
4oROqjxNSBrVxrcSaW77Mc,Perros Salvajes,Daddy Yankee,57,6Hu1DObY1WeKWxHfeaOcFg,Prestige,2012-01-01,REGGAETON ANTIGUO 🔥,42E6uFhL4e2nXmbmeigwXb,latin,reggaeton,0.806,0.804,6,-4.84,0,0.146,0.0615,0.0,0.115,0.766,88.018,190311
5giBWdb2pJwFl3avFUKGXj,Fabricando Fantasías - Salsa Version,Tito Nieves,52,3ZdJph6HFGqyiyv80cC87S,Oro Salsero,2010-01-01,Paraiso Tropical,37i9dQZF1DWYey22ryYM8U,latin,tropical,0.714,0.855,9,-3.523,1,0.0413,0.26,0.0,0.0936,0.931,91.291,274653
2xyx0o4xNOLLjBSbOOdcbA,Playing Games (with Bryson Tiller) - Extended Version,Summer Walker,80,1qgJNWnPIeK9rx7hF8JCPK,Over It,2019-10-04,Pop - Pop UK - 2019 - Canadian Pop - 2019 - Pop,46Cl6dmeiylK6TRGXr7hHe,pop,post-teen pop,0.726,0.408,11,-6.606,0,0.0614,0.603,0.0,0.225,0.459,115.918,143227
59PL9AwYjIrIpP04n9gmMR,Ride Out,Kid Ink,62,7hTMaPfK488vRcC1Ar4bOm,Furious 7: Original Motion Picture Soundtrack,2015-03-17,HIP&HOP,5DyJsJZOpMJh34WvUrQzMV,rap,southern hip hop,0.696,0.801,5,-5.641,0,0.0952,0.0469,0.0,0.502,0.536,93.003,211909
1NJel5c5LSc9Ac7UAeoJtp,Centipede,Killstation,37,6zxlBNvj5r5fHc1Ryg6G61,Centipede,2016-06-03,< DARK TRAP >,19WuHd4MxWLzE1fpMmw4S4,rap,gangster rap,0.668,0.479,10,-7.321,0,0.0436,0.0612,0.408,0.12,0.102,162.12,128888
2jUoKSWTHduXxUL3JomwhB,Bikini Porn,Tove Lo,63,5UXDFt3Oh4AEgjG7Dv9rVm,Bikini Porn,2020-01-15,The Pulse of Indie Poptimism,5qFXOOxrQVyS4UCq3UilZN,pop,indie poptimism,0.919,0.687,9,-5.793,0,0.0774,0.0839,1.1e-05,0.052,0.675,100.997,162947
1dVbC0XoM4VxpDkrv1tcjf,Catching Fire,Ryos,44,4HMuUkqnzXtG4c9CVe0WiR,Catching Fire,2020-01-10,Electro House Top Tracks,1G0q0NK7g3C0XerNqq7GbL,edm,electro house,0.63,0.906,3,-4.877,0,0.155,0.0776,2.09e-06,0.175,0.343,128.096,204375
5P0FaLdSqCpFolBHv4M8ig,Tell Me,Dru Hill,37,3R50GvGH8MAPLR6svNy6zz,Dru Hill,1996-11-19,"Swingbeat (old skool), New Jack Swing, R&B, Hip Hop, Urban",3krpccUV68nBGAQbvHEZDC,r&b,new jack swing,0.735,0.301,6,-9.889,1,0.0312,0.203,0.0,0.125,0.544,130.134,252507
2idEuX7ElWNgZJ6OjSThKs,The Science of Myth,Old Man Markley,0,4TOez7MFAxliVyAj4zlAta,For Better for Worse,2010-10-26,Bluegrass Covers,37i9dQZF1DX56crgoe4TG3,r&b,hip pop,0.494,0.959,4,-6.808,1,0.0735,0.0399,0.0,0.167,0.655,137.825,232147
7uvy7tfAaKKhLbEisnll6j,Latin Thugs - Explicit Album Version,Cypress Hill featuring Tego Calderon,26,6n5hMjdvN7IABuYHFyzv0t,Till Death Do Us Part,2004-03-23,HIP-HOP: Latin Rap ['89-present],5fWgI0IJ1el5NB1sZ0Egsx,latin,latin hip hop,0.685,0.811,6,-5.908,0,0.309,0.0549,3.04e-05,0.534,0.712,93.016,225880
3w6SuEVkg0jFo8FG0YBELz,Hint,Karan Aujla,61,2eVTGM2wPlyHZ5ryYXowOM,Hint,2019-11-06,Hip Te Hop,37i9dQZF1DWTqYqGLu7kTX,rap,hip hop,0.665,0.581,0,-6.557,1,0.074,0.0445,0.0,0.262,0.314,176.057,227762
3EwnwCYCO2mnCoYj5NLhER,Ni Gucci Ni Prada - Remix,Kenny Man,65,1p35WYGgGG62zt2e4Mydcb,Ni Gucci Ni Prada (Remix),2018-12-21,Latin Village 2019,3JcJCsvBnRsA6oc7eUYDSB,latin,latin hip hop,0.81,0.756,2,-6.07,1,0.0969,0.245,0.0,0.358,0.919,105.005,212693
1PXsUXSM3LF2XNSkmIldPb,Little Black Submarines,The Black Keys,64,5DLhV9yOvZ7IxVmljMXtNm,El Camino,2011-12-06,Permanent Wave,5Go0Jsxj1UnsU7Om841BEo,rock,permanent wave,0.365,0.466,2,-7.514,1,0.0418,0.161,6.68e-06,0.106,0.487,95.163,251267
1EPtSITu19y0DQvbIvs6Jz,Zweistellige Haftstrafen,Capital Bra,55,186E5XovNHY19VgZPNjHJs,BLYAT,2017-09-29,GANGSTA Rap,5GA8GDo7RQC3JEanT81B3g,rap,gangster rap,0.742,0.714,11,-3.882,0,0.336,0.135,0.0028,0.253,0.481,179.756,174547
1xEcsGNqeAeeB5Yx2gmFRJ,No Fucks (feat. Sueco The Child and AzChike),1takejay,63,6WqkUen7Q863S7xVtLKaKp,No Fucks (feat. Sueco The Child and AzChike),2019-11-15,Hip-Hop Central,37i9dQZF1DWY6tYEFs22tT,rap,hip hop,0.923,0.473,5,-8.641,0,0.407,0.151,0.0,0.0978,0.531,100.018,136800
2dRnGmGZa6rBEjryEQjS9W,Espejo,Bipo Montana,44,4GYsCybIfBte0IMW4OCK1I,Espejo,2019-09-12,Arena Hip-Hop,37i9dQZF1DWVFZbCNivv6B,rap,hip hop,0.86,0.455,5,-12.304,0,0.533,0.484,2.34e-05,0.081,0.842,85.076,177882
6orfSH8KcGkjSGCDHmyndP,Offbeat Swag - Maroy's Deep Drums Remix,Bryan Dalton,4,6E4YOSluMa5u73W8gC0Oed,Offbeat Swag,2014-03-27,Latin Village 2019,3JcJCsvBnRsA6oc7eUYDSB,latin,latin hip hop,0.797,0.881,11,-4.799,0,0.181,0.00506,0.392,0.189,0.352,126.005,358100
7BLFY8GsDyUkaARTv0uwKH,John Dee,Ghostemane,56,11Ru2GeXZmOgXAjwtAAtSk,John Dee,2016-12-27,< DARK TRAP >,19WuHd4MxWLzE1fpMmw4S4,rap,gangster rap,0.936,0.474,1,-9.694,1,0.393,0.0213,0.0,0.111,0.168,129.999,166910
1hZJcuz9iMoz6tLkFlIaUy,Take My Breath Away,Berlin,60,1gwQ8OK1YHKpzIxLKuc1MQ,Take My Breath Away,2007-01-01,80's Songs | Top 💯 80s Music Hits,65HtIbyFkaQPflCa4oW8KO,pop,electropop,0.578,0.477,1,-8.119,1,0.0228,0.448,0.00031,0.124,0.511,95.892,264213
6qFgnBl61gOLopro18g1SH,If I Ever Fall In Love,Shai,26,7jDlB4QoyT7B2Yl8QXkoew,20th Century Masters: The Millennium Collection: Best Of Shai,2001-01-01,New Jack Swing - 90s R&B fused w Hip Hop,79xd4wnVuKZK4rJMsL2wPa,r&b,new jack swing,0.632,0.299,10,-12.242,0,0.0347,0.1,0.0,0.289,0.179,128.064,289067
00vtorKibdqs6d1yZ9jR4Z,Came to Play - Original Version,Colin Cooper,41,0dTBK0fuhjXBf9YPNFvZrF,Came to Play,2019-07-19,PAROOKAVILLE - Big Room,6vbHQdtfmexb0ptmBSpemm,edm,big room,0.579,0.74,2,-9.111,1,0.184,0.0248,3.13e-05,0.0681,0.285,103.67,175695
2lZtKMrV9IVZL5pbItZzlM,Stone Cold Gentleman (Rizz's Interlude),Ralph Tresvant,31,59xCSAdPeDW21sCrkE6B6c,Ralph Tresvant,1990-01-01,New Jack Swing/ R&B Hits: 1987 - 2002,4sji14lrB5bgcr51lPALYH,r&b,new jack swing,0.728,0.708,9,-10.443,1,0.0547,0.196,0.0,0.102,0.405,105.55,369429
5n0CTysih20NYdT2S0Wpe8,Trouble,Cage The Elephant,72,0nW0w37lrQ87k7PLZvC4qJ,Tell Me I'm Pretty,2015-12-18,Indie Poptimism,7Ic1UwucK3ozdycPBIPVSR,pop,indie poptimism,0.47,0.623,0,-5.655,1,0.0302,0.392,0.000453,0.0992,0.298,77.861,225973
4B3UHhdjB6dkOtjalFQREm,Gusto Ko Lamang Sa Buhay,Itchyworms,51,4t3FtECyV1gClHmpBhXSfB,When I Met You,2008-07-28,Pinoy Classic Rock,37i9dQZF1DWYDQ8wBxd7xt,rock,classic rock,0.505,0.836,2,-6.197,1,0.0389,0.00963,0.0,0.161,0.684,146.108,279280
4xmq2DFdbkwVqimOKQGZU7,The World Is Mine,Samm Henshaw,47,5g8JqJiCJig4cHawcL65Py,The World Is Mine,2019-08-15,Contemporary Urban,6wyJ4bsjZaUKa9f6GeZlAO,r&b,urban contemporary,0.565,0.905,6,-4.396,1,0.149,0.108,0.0,0.377,0.789,98.038,175627
1xU2QZ40MY4Ex2pfczZa9U,Stack It Up (feat. A Boogie Wit da Hoodie),Liam Payne,76,3R4bm24vpp2UiKr567EtAD,Stack It Up (feat. A Boogie Wit da Hoodie),2019-09-18,Most Popular 2020 TOP 50,1fqkbjEACMlekdddm5aobE,r&b,urban contemporary,0.743,0.812,7,-3.069,1,0.132,0.153,0.0,0.0642,0.606,100.047,166406
4m5OcDvGWDEDOWMQnxOh9N,Maybe Next Time,Esbie Fonte,16,0VfCAj2vRWDHfYsVkDgqPw,Maybe Next Time,2019-09-13,POPTIMISM,6lWMi4lPiiPwDqn8ZpeyAY,pop,indie poptimism,0.674,0.73,8,-6.204,0,0.0671,0.379,0.2,0.131,0.201,145.004,215172
2UKPAH82dhYC4bJgAGd1d7,MALDIVERNE (feat. KESI),Carmon,54,3CBaf3se6LKHHaluRWxgsC,TÅLMODIGHED,2019-09-27,DK rap,37i9dQZF1DXdhDukKQ88Cc,rap,hip hop,0.685,0.698,11,-4.395,0,0.168,0.116,0.0,0.149,0.462,95.905,167540
0VhE5PCtSiJzk7v4a8qZj8,we'll stay inside when it rains,Rook1e,57,1zVjp6YzG1fOT89sKxFUkH,we'll stay inside when it rains,2019-11-20,Lo-Fi Beats,37i9dQZF1DWWQRwui0ExPn,rap,hip hop,0.7,0.134,9,-17.898,1,0.0771,0.592,0.845,0.107,0.435,160.033,130586
3TXs81YKTl1IRAeajsgyaJ,Hand Hold Hero,Laura Marling,30,1JeRvTLK1MjFk7VSO0LSyQ,LUMP,2018-06-01,Electropop And Play,7p30DzTAgW6OhspSXHTI88,pop,electropop,0.709,0.434,11,-12.089,1,0.0668,0.519,0.0323,0.112,0.345,87.968,326061
6ny4Y3Iy6d5m6zJYD8ziY7,Ain't Gon Let Up,DG Yola,37,37ghGrKmmNWD8AZ5bWesjh,Ain't Gon Let Up (Digivinyl),2006-06-27,Dirty South Rap Classics by DJ HOTSAUCE,0tLHH1C4HkWEUCXXSSjbOe,rap,southern hip hop,0.785,0.709,11,-4.337,0,0.134,0.25,0.0,0.207,0.705,150.016,193560
2QR08Otsqnpo8dTv2ekNAk,You Are Like Nobody Else - Original Mix Edit,Swanky Tunes,0,65aLP84Pi2gpHhk8X7a3VD,You Are Like Nobody Else,2013-05-01,♥ EDM LOVE 2020,6jI1gFr6ANFtT8MmTvA2Ux,edm,progressive electro house,0.483,0.826,4,-2.973,0,0.0687,0.00814,0.000406,0.547,0.103,124.99,222980
4jyT77UqVTx5vbP6VYV46v,Prestige,Danni,51,11vi9SXao8VygSpcHp0IO0,Prestige,2020-01-10,DK rap,37i9dQZF1DXdhDukKQ88Cc,rap,hip hop,0.707,0.589,5,-8.347,0,0.288,0.108,0.0,0.102,0.641,148.154,150742
5G126blI4eRnbpb8PbPSH2,Infected Brain,Levianth,20,3KC2c4cj1nMKvW5PfeWD9a,Infected Brain,2020-01-17,Trap Nation,0NCspsyf0OS4BsPgGhkQXM,rap,trap,0.301,0.824,9,-5.921,0,0.202,0.0592,0.000951,0.137,0.134,149.737,156817
1JWog4dILZKJyg8o57Ew7p,Feelin' Inside,Bobby Brown,22,6HDAmq44l2v1QUObhZQjJE,Forever,1997-01-01,90s R&B - The BET Planet Groove/Midnight Love Mix,7LjRWGUdOmBdPG1W1bga4i,r&b,new jack swing,0.684,0.673,11,-6.957,0,0.0974,0.147,0.0,0.132,0.798,82.988,249307
1d33rv3YwKEoc7rtTVWCqt,September Song - Indian Summer Mix,JP Cooper,39,2Gq7KJ5yRicUfoDL4LR3K1,September Song (Remixes),2017-03-24,Pop EDM Remixes,4aUEH3uhbofktrFkXOOaKj,edm,pop edm,0.614,0.802,0,-3.872,0,0.0306,0.023,0.0,0.0589,0.666,96.026,215031
19WjxdfHudPXG4MAIHaux0,Sureno Vida,Brownside,0,3cEvHsfPMIglHCXxcdEBhn,Payback,2003,Chicano Rap,3o3xRXWMtBMezk0E3wmtGI,latin,latin hip hop,0.699,0.553,11,-15.691,1,0.0942,0.129,0.0,0.289,0.534,92.788,242267
1louJpMmzEicAn7lzDalPW,No Promises (feat. Demi Lovato),Cheat Codes,73,6301sWkK7hVwcrhcEwKPcH,No Promises (feat. Demi Lovato),2017-03-31,ElectroPop 2020,4frhr6RQM2fMOm2mpvOVo6,pop,electropop,0.741,0.667,10,-5.445,1,0.134,0.0575,0.0,0.106,0.595,112.956,223504
5Jc3DzT6kfUQE5rZ076fpR,That's Just Me,blackwave.,38,7wBFAwlNweZXefYOzi0Lod,Mic Check,2017-05-12,Saxophone in Hip Hop - R&B Lounge - Jazz Rap,2ujrP2rPxu8ao7wNeG1ZOY,r&b,neo soul,0.79,0.594,5,-9.831,0,0.0604,0.308,0.00111,0.114,0.547,122.929,182800
22DHmfJa31hKpc2Lg0gVBV,Mad,Solange,57,3Yko2SxDk4hc6fncIBQlcM,A Seat at the Table,2016-09-30,Urban Contemporary,4Pbs84EQbuAblxlp6Chz0d,r&b,urban contemporary,0.827,0.477,0,-5.025,1,0.254,0.101,4.15e-05,0.0908,0.599,119.807,235493
1OMPuhoPpUNvFviKOhbEaM,YOU & I,VRSTY,43,5N4nX3ipDaPnmIPUWgiTUr,Blck Deluxe,2019-12-20,Rock Hubspot,5hvf4yL105Rw6cvCP6AMjM,rock,hard rock,0.469,0.983,5,-4.756,0,0.188,9.43e-05,5.53e-06,0.337,0.37,102.953,238835
2LbkpJUH052AvFcNIgjHTO,Mony Mony - Downtown Mix / 24-Bit Digitally Remastered 2001,Billy Idol,52,0XGgMqKNcQgd0i9YHFiPei,Vital Idol,1985,Classic Rock Radio,4lIywN6kXl9KPm3OQ8u8G7,rock,classic rock,0.742,0.743,10,-6.293,0,0.0508,0.00935,0.0,0.22,0.485,135.012,301800
4b8hQaPTM7FhpOOAkKBj5A,Brioschi,Franco126,61,5f2LuFGKudyDDp9d93Qvvc,Stanza Singola,2019-01-25,Musica Italiana 2020 - Playlist Pop & Hip-Hop (Canzoni Italiane 2020),6kVFIQBhLT4003iw2WWEv1,r&b,hip pop,0.768,0.562,5,-7.79,0,0.215,0.472,0.0,0.102,0.737,92.013,219293
5prP1NvIHkdUD2GumKKJDF,Good Idea,SLATIN,38,1cxZvoNpttCR2aaclqUM6d,Good Idea,2019-02-08,Nasty Bits,37i9dQZF1DX2VvACCrgjrt,edm,electro house,0.861,0.83,8,-4.528,1,0.159,0.003,0.0467,0.0525,0.805,122.015,198720
2NVt7fxr5GsqTkGwYXcNTE,"Flex (Ooh, Ooh, Ooh)",Rich Homie Quan,63,7GqQiRft9pHtZukB37mc6c,"Flex (Ooh, Ooh, Ooh)",2015-02-10,The Sound of Southern Hip Hop,18jT9NMRZifv6cMtK2jWD4,rap,southern hip hop,0.676,0.615,6,-7.534,0,0.0496,0.0384,0.0,0.341,0.883,163.993,176675
6xugsC41ONHG1QzuIA0Oxw,Love Letter,Giggles,31,7E4FS3eSJtdjI00NBbtnDY,Freestyle's Best Extended Versions Volumes 1 & 2,2003,80's Freestyle/Disco Dance Party (Set Crossfade to 4-Seconds),1oReEujyWpQv2OX68BVPPA,latin,latin hip hop,0.807,0.699,10,-9.27,0,0.0517,0.0122,0.626,0.061,0.859,115.231,372333
0zx2Dq4YeAAjKcbPSS2DaQ,Retaliate,VNV Nation,31,3hAZztS27bPvpEH8XPEPMR,Transnational,2013-10-04,Gothic / Industrial / Mittelalter / EBM / Futurepop / Gothik / Electropop,53CmFroG6MWR5reOOXJX6B,pop,electropop,0.572,0.928,11,-5.141,0,0.0651,0.000202,0.722,0.155,0.479,119.989,282827
6h9xi8i9zVOXk5FqGqcBNH,We Own The Night - The Chainsmokers Edit,The Wanted,39,2wtNwzvBanX2qlunqJav1p,We Own The Night,2013-01-01,♥ EDM LOVE 2020,6jI1gFr6ANFtT8MmTvA2Ux,edm,progressive electro house,0.602,0.839,8,-3.561,0,0.0389,0.0141,0.0083,0.0897,0.402,126.001,228987
2EjnH55mnsEjYMoZ9Q6rSe,"Promises, Promises",Christopher Williams,32,4dLgkv57BXdrsFVTDY7eOl,Adventures In Paradise,1989-01-01,New Jack Swing/ R&B Hits: 1987 - 2002,4sji14lrB5bgcr51lPALYH,r&b,new jack swing,0.632,0.655,9,-10.853,1,0.0657,0.297,0.0,0.103,0.535,154.004,320027
4R0sTxCaskwCPbzkfXHfWg,Santa María (Feat. Busy Signal),Bad Gyal,65,44I3wnIjshc9lxW23HXMW6,Santa Maria,2019-07-05,Todo Éxitos,2ji5tRQVfnhaX1w9FhmSzk,pop,dance pop,0.764,0.603,0,-6.951,1,0.328,0.0538,0.0,0.097,0.427,142.465,154933
2EtlSsk2sN9vp83G64C8nx,Me Gustas,La Banda Baston,58,6mYPeWZNIB2MY1aPX5AmSH,Todo Bien,2015-03-13,HIP-HOP: Latin Rap ['89-present],5fWgI0IJ1el5NB1sZ0Egsx,latin,latin hip hop,0.762,0.813,5,-4.851,0,0.116,0.0633,3.75e-05,0.211,0.91,100.157,208000
1UK5Vib6AaWEUUk2qUia25,Paranoia,Frijo,54,0OJs51fLWyQazcw4INyohI,Paranoia,2019-08-26,Trap Argentino - Trap Argentina,6ltss0ThreZ3uIMn5mr4Tm,rap,trap,0.831,0.583,5,-7.156,0,0.146,0.0783,1.3e-06,0.116,0.656,119.967,194940
0LigJnwiA8OXeDp5qEDlTc,Lighthouse - Radio Edit,Nicky Romero,1,02O7PX6ypIu0rH431o4rEZ,Lighthouse,2015-06-22,"Electrónica, Progressive House, Electro House y más 🎧",0o5gKmuET7F3lQnpFxvPO8,edm,progressive electro house,0.604,0.699,11,-5.805,1,0.0624,0.0208,0.0,0.341,0.367,128.056,186562
5O6ZKhH3DdUtDNrElPHJN6,Aftermath,Supacooks,21,1jI8m2NBK8p4AAS94PmsKi,Scales / Aftermath / Our Last Days,2017-08-21,Selected House,2JPzPB9jnvJLAYtmCbvZy8,edm,progressive electro house,0.807,0.846,8,-7.814,1,0.0646,0.000199,0.833,0.0183,0.299,123.011,368000
058LC5qOG4VDaa4scqYc6v,Motownphilly,Boyz II Men,1,0hizzarWYWhBfygpvfFOnt,Cooleyhighharmony - Expanded Edition,2009-01-01,New Jack City,6RLvj5OnEuPzI1P02KwnzK,r&b,new jack swing,0.707,0.942,2,-5.32,1,0.105,0.0057,1e-05,0.177,0.832,114.173,235265
5Bge1Dsqjc14hhGguYML5w,Why Do You Feel So Down,Declan McKenna,68,3HJiLDJgWA9Z0MvCxlzHYQ,What Do You Think About the Car?,2017-07-21,indie poptimism,1E5VdGGWkpDQ682gdvJAZH,pop,indie poptimism,0.545,0.907,7,-5.852,1,0.0416,0.0583,0.0,0.102,0.44,114.523,220707
0wnYyajXGbkkbNLWDSVOj6,Love Poison,Pete Kingsman,30,0QUhCUTFycLh0UmSYPkOfU,Love Poison,2018-12-14,Big Room House / Bigroom,2EnVd4ugXUybVQoQrarICY,edm,big room,0.596,0.859,3,-5.351,0,0.0321,0.177,2.7e-06,0.324,0.756,144.007,186893
5zBfEZ36QRKjkU0eqNuM8d,Hit It! - Original Extended Mix,Sidney Housen,4,7o1mHnz9g99IvQMnCcShpj,Hit It! (Original Extended Mix),2014-02-17,Fitness Workout Electro | House | Dance | Progressive House,6KnQDwp0syvhfHOR4lWP7x,edm,electro house,0.604,0.656,7,-6.703,1,0.048,0.0138,0.0516,0.0794,0.198,129.982,373385
2dWuF9P2H0JtmQdX87RPz3,Give It to You (feat. Musiq Soulchild),Meelah,0,68wheSasg3eIg6fFMX9Lvj,Give It to You (feat. Musiq Soulchild),2014-05-07,Neo Soul Music,78RRvktrPMSqAoCI21mNOe,r&b,neo soul,0.551,0.488,9,-7.537,0,0.0529,0.516,0.0,0.318,0.324,80.041,231053
4PxVSYOpsYTI9gx6ZP9IM4,The Ghost in You,The Psychedelic Furs,44,1MrtCjOTI9e3tC6WrtHRK1,Mirror Moves,1984-09-05,Permanent Wave CHDB,2foj4ZYVHRGqSd1aMqNPBj,rock,permanent wave,0.586,0.51,10,-13.541,1,0.0284,0.0792,2.17e-06,0.0969,0.723,123.481,256000
2iGtdYI4lI0jDpnxJOqZRw,Hey Jude - Remastered 2009,The Beatles,39,3GmCXW10kLxmZrEY0JpRlw,Past Masters (Vols. 1 & 2 / Remastered),1988-03-07,Classic Rock Greatest Hits,6TeyryiZ2UEf3CbLXyztFA,rock,classic rock,0.399,0.573,10,-9.44,1,0.0253,0.0293,2.83e-05,0.0914,0.649,147.114,429933
5Y07b3xtlYJdahK8TAlCel,Ambrosia,TIMIAN,34,0L8KhhMuWtZhDDbRxskbJo,Ambrosia,2019-11-14,The Edge of Indie Poptimism,5vIdb67lQcdFwoVkE4UMep,pop,indie poptimism,0.38,0.333,9,-10.511,0,0.0354,0.709,0.000766,0.365,0.0377,110.298,270545
38ydcsbayM4oX21Hhu84DT,Every Time the Sun Comes Up,Sharon Van Etten,63,0F1pMhF8Vy74nKkQeLBfrd,Are We There,2014-05-27,Ultimate Indie Presents... Best Indie Tracks of the 2010s,37i9dQZF1DWTHM4kX49UKs,pop,dance pop,0.663,0.522,1,-8.741,1,0.0374,0.392,5.41e-06,0.197,0.301,99.765,262520
7zkhXNN6zIevhWwGZzIz2O,Animals (feat. Moa Lisa) - Alora & Senii Remix,Charlie Who?,27,0rtMyxEdReRusNpAhHLgYo,Animals (feat. Moa Lisa) [Remixes],2019-12-06,New House   ‍,54XvQQsViMBwjO1ws2o2wx,edm,electro house,0.63,0.886,5,-7.573,0,0.0281,0.202,2.49e-05,0.0708,0.877,123.974,166457
0g1PeFbTUlMVnFTTlMSRCQ,Heart,Notalike,27,2MbmGeZPPv6Z6VTyH3WKe8,Heart,2019-04-05,Trending EDM by Nik Cooper,4N1ipiKR3xla8UXtE12XBm,edm,progressive electro house,0.669,0.984,7,-3.679,1,0.292,0.0122,0.0577,0.39,0.262,128.01,140634
6zmRoCPjIZA9ysAVBYiU9Z,Don't Let Go (Love),En Vogue,47,6ABqEktNUuYULXWUubkHKg,The Very Best Of En Vogue (Digital),2001-08-21,90s R&B - The BET Planet Groove/Midnight Love Mix,7LjRWGUdOmBdPG1W1bga4i,r&b,new jack swing,0.618,0.688,5,-5.867,0,0.0477,0.409,6.32e-06,0.3,0.561,78.311,291880
6pPdSiA17dUM773DCRFhUx,Scootaloo,Jobii,56,6bFbqW19wGg6rdrrMkHowW,Sheep Rotation,2019-03-29,Sunny Beats,37i9dQZF1DXbtuVQL4zoey,latin,tropical,0.731,0.424,7,-6.664,0,0.259,0.36,0.000834,0.19,0.604,84.995,147110
1afAuu13OoyHaNqVRgNm92,We All Die One Day,Obie Trice,0,5g2neeRLuedoLAU2kFKxbj,Cheers,2003-01-01,Gangster Rap | 100 % Gangster,2e0d7otcM1oyecfi3zZPWk,rap,gangster rap,0.803,0.875,4,-2.837,1,0.24,0.0229,0.0,0.368,0.356,93.958,329427
7l3E7lcozEodtVsSTCkcaA,ZEZE (feat. Travis Scott & Offset),Kodak Black,37,7DER9glBF0SYJU2R54Ipte,ZEZE (feat. Travis Scott & Offset),2018-10-12,Hip-Hop Mixtape,37i9dQZF1DWVdgXTbYm2r0,rap,hip hop,0.861,0.637,8,-5.692,0,0.24,0.0515,3.35e-06,0.0967,0.474,98.044,228654
1GLzCv2crATQgyUGdN94c3,No Scrubs (feat. Jon Santana),Cappa,1,5as05Dv2Svm5DJzh3gzKfX,No Scrubs (feat. Jon Santana),2015-11-05,Chillout & Remixes 💜,4NlAd9NpIa92IjErMyAriM,pop,indie poptimism,0.575,0.485,8,-9.247,0,0.0302,0.153,0.523,0.0934,0.345,172.17,214894
25RxRBQozMjDnKryWpnDKh,Whyamisosadallthetime,Molars,8,0MBOMQ5NHLt3ZmbA0bkR7g,Whyamisosadallthetime,2019-11-01,Modern Indie Rock // Alternative Rock / Garage Rock / Pop Punk / Grunge / Britpop / Pop Rock,1VnvyBDqoV5TCZAnXYferL,rock,permanent wave,0.569,0.892,11,-5.887,1,0.0534,0.00168,0.00098,0.175,0.366,88.952,173000
17DFL1ATHDLnvmjEwBqdI9,Hand Of The Devil,8Ball & MJG,26,2UBBDl07r4miPVFPp0OMCX,On Top Of The World,1995-10-31,90's Southern Hip Hop,2NMW1nwQYSVlXd26uLenX6,rap,southern hip hop,0.783,0.828,5,-6.825,1,0.128,0.0309,0.0,0.089,0.754,155.965,298173
2vNmPvzN8fgyhJG5nKfbt8,Dissolve Me,alt-J,50,7HOzvP7Ta2lLueojdlJtdZ,An Awesome Wave,2012-05-28,Indie/Jazz Poptimism,6OaTudLqBEuTyUMPxRNpZc,pop,indie poptimism,0.39,0.618,2,-8.14,1,0.0409,0.0914,0.0594,0.0835,0.115,105.585,239013
0By6lqHxAy8aKnbcmRqkBU,Derp,Bassjackers,0,67AGNKIQaoBFL6HO44Mz6S,Derp,2014-04-28,Jeff Seid Electro House,2Tisn6NZbeofpc57Oc6MGo,edm,electro house,0.648,0.973,6,-4.392,1,0.0872,0.000644,0.656,0.133,0.223,127.95,279375
68mzU8iAvNnF3PCidY66K0,Is This Love,Sye Elaine Spence,38,29zRwYNrzdVkRra1P9aRix,Bloom,2014-02-12,urban CONTEMPORARY,1nFfDHtp8RY3obgen8KODl,r&b,urban contemporary,0.547,0.126,10,-14.574,1,0.048,0.948,0.000326,0.206,0.195,98.879,223920
2iO0lEdYJHf5hzEAdAvrJU,Колибри,Kavabanga Depo Kolibri,53,7w2Qs6LB9WvM8HVO2o6gmN,KDKin,2015-03-16,RUSSIAN Gangster Rap,0Jw0HckkxCfIrOvpN081eV,rap,gangster rap,0.571,0.519,2,-6.027,0,0.285,0.837,0.0,0.111,0.779,155.823,272353
1NHEUZMpoReYeWLOICMQyl,Everlasting,Chris Howland,23,5ab9iRTLVObnWEsKkk4KHU,The Sound of His Nation Vol. 1,2017-07-07,CHRISTIAN ELECTRO / DANCE / EDM,0MhTMIo1bgH6zzPh7BdChT,edm,progressive electro house,0.725,0.848,1,-4.189,1,0.0431,0.083,0.000246,0.0804,0.438,126.013,184881
3Qa944OTMZkg8DHjET8JQv,Woods,Mac Miller,72,5sY6UIQ32GqwMLAfSNEaXb,Circles,2020-01-17,permanent wave,3uFyGoayrP71xS6T6Y8Bh2,rock,permanent wave,0.779,0.362,0,-10.847,1,0.0474,0.135,0.206,0.111,0.46,85.011,286387
7tTefbZ03QoHk8tK4wJmWV,Лучший друг,Sasha Chest,28,2JUtzfbY1nM4EZQmkf4FYR,Лучший друг (feat. Тимати),2015-10-07,Russian Gangster Rap,0u0qLLE8MZc679RZWCk1TT,rap,gangster rap,0.665,0.89,7,-5.424,1,0.185,0.076,2.07e-05,0.143,0.281,139.912,187101
0OzwLNVnzfG43IyQB2RMPH,Don't You (Forget About Me),Simple Minds,5,0HiLSEd3yuvK6ZTN67CZ0V,Glittering Prize 81/92,1992,Classic Rock Greatest Hits,6TeyryiZ2UEf3CbLXyztFA,rock,classic rock,0.669,0.697,2,-10.091,1,0.0274,0.141,0.0142,0.328,0.696,111.1,260933
4fQMGlCawbTkH9yPPZ49kP,Green Onions,Booker T. & the M.G.'s,64,2aGFVLz0oQPa3uxCfq9lcU,Green Onions,1962,Supernatural Classic Rock,6oghIlByD49KFGNmNU8GSH,rock,classic rock,0.816,0.514,10,-8.741,1,0.0339,0.767,0.949,0.0899,0.912,136.837,176333
4466tjT4xLDhIdmsMymUHk,Body 2 Body,MK,61,7kNBaJubrbgmTJR8LUjB0N,Body 2 Body,2019-05-10,Dance Pop Tunes,4SdfG4cPG3skmTiQLozZGh,pop,dance pop,0.68,0.771,0,-5.406,1,0.0421,0.0161,0.0,0.388,0.67,122.023,145574
2dXotVqm26NHYLp5oORx50,Love Like This,Faith Evans,18,3Ylej0lROm52wdSN8SfuWy,Never Knew Love Like This (Remix),1995-09-21,R&B 80's/90's/00's,2Ey63yNQeC9Yto7JwX9BGJ,r&b,new jack swing,0.767,0.551,0,-7.328,1,0.0616,0.00364,0.0,0.0451,0.796,100.904,275707
79MkICDim0ROZ6IhUjSpVi,Represent Dat G.C.,Kurupt,35,7kQHV1Onzl869swTQVHVqQ,Tha Streetz Iz A Mutha (Digitally Remastered),2012-10-24,Southern California Hip Hop Primer,206vi9Q0p3juAU73flxPsz,rap,southern hip hop,0.957,0.524,1,-7.418,1,0.241,0.00842,0.0,0.122,0.516,105.107,306467
2MPxWQdCMjdZheBI4ytaW6,Limitless - Radio Mix,BURNS,0,0vk33KY9foKnZ2gjeE9Cjw,Limitless,2013-07-05,Vocal House,5PCAWKfUWAUj8VeY8G7xRQ,edm,progressive electro house,0.545,0.901,0,-2.683,1,0.0801,0.00945,2.84e-06,0.27,0.302,125.069,225867
2vk5VPlYfltzVbUmqjaYqC,Outro,Chico DeBarge,0,5NXBYIr7OScDZfI02pIAKD,Long Time No See,1997-11-18,90s R&B - The BET Planet Groove/Midnight Love Mix,7LjRWGUdOmBdPG1W1bga4i,r&b,new jack swing,0.848,0.748,4,-5.899,0,0.119,0.0797,0.0,0.285,0.63,127.949,244467
5PQSCIKSPuvkDIrvxG9sFY,As I Sleep (feat. Charlee) [BODÉ Remix] - Club Mix,Tobtok,36,6ERya2o7qA53aUn3uKFpbf,As I Sleep (feat. Charlee) [BODÉ Remix],2018-07-27,Pop Dance Hits,7eERKCkgNKCCx5GYdeMIZf,pop,dance pop,0.606,0.621,1,-7.939,0,0.0551,0.000485,0.0691,0.091,0.516,123.945,280826
29ZXwWOOLz9t5fa3eT3i7T,223's (feat. 9lokknine),YNW Melly,77,5xq6RMHNIBA73qld03dR6V,Melly vs. Melvin,2019-11-22,GANGSTA RAP,3DUkl93JjPdOyX83SJr5ms,rap,gangster rap,0.932,0.547,0,-7.787,0,0.333,0.0388,0.0,0.0924,0.695,94.998,176640
2dy3TKVDEbIeWxeIb8JWqZ,La Mejor Versión de Mi - Remix,Natti Natasha,80,0OChMQnL4dpFZQH93uPb1d,La Mejor Versión de Mi (Remix),2019-10-04,Paraiso Tropical,37i9dQZF1DWYey22ryYM8U,latin,tropical,0.735,0.712,11,-5.119,0,0.0326,0.732,0.0,0.302,0.894,131.938,229333
0XmTCQWHgf6dOXJeLjXrzr,Lately,Tyrese,48,1srJ4xgMWliQdwquG81ObA,Tyrese,1998-08-31,"Back in the day - R&B, New Jack Swing, Swingbeat, RNB..etc.",3a9y4eeCJRmG9p4YKfqYIx,r&b,new jack swing,0.541,0.701,7,-7.287,0,0.102,0.0761,0.0,0.0763,0.334,80.057,266533
09QZAEmdbq28OaNyqTOEvY,Icky Thump,The White Stripes,59,1Mu6HgmdfdiQTOZ8mPEyFU,Icky Thump,2007-06-15,The Sound of Permanent Wave,4EYSGTuqe9cVfSVpX4gtGv,rock,permanent wave,0.424,0.632,9,-7.243,1,0.0922,0.021,0.0117,0.0545,0.356,97.694,254533
2wm3tJarIFNydVe0lRiBN9,GfC,"Albert Hammond, Jr.",33,5VdOzZmXRZtDbzIW2wg8XK,Como Te Llama?,2008-07-08,permanent wave,3uFyGoayrP71xS6T6Y8Bh2,rock,permanent wave,0.606,0.817,0,-5.666,1,0.0331,0.0171,0.258,0.137,0.369,129.999,188960
2ERoiswcZQdXztyYNODB4z,Better Man,Little Big Town,0,0gyi7ZVpddN6C6NzElesLx,Better Man,2016-10-20,random playlist that can't decide its genre so go ahead jam along with these catchy tunes,49qyKvg6UAQAvIMUIGMnP3,pop,indie poptimism,0.53,0.768,5,-4.178,1,0.0354,0.127,6.42e-06,0.238,0.432,143.902,260933
655ph5p7eDKMQwbdoQkQHk,X2UO,Honors,21,50gdWQb0nQBxEJcbqUQLad,X2UO,2018-06-29,Groovy // Funky // Neo-Soul,0JmBB9HfrzDiZoPVRdv8ns,r&b,neo soul,0.417,0.475,9,-8.414,0,0.184,0.0688,0.0,0.095,0.338,84.334,192302
1RKZvaLj3UPhGjZkaIrFm7,Que Calor (feat. J Balvin & El Alfa),Major Lazer,76,5AKSUA3pizhoVgfjW1ijVC,Que Calor (feat. J Balvin & El Alfa),2019-09-11,Latin Hip Hop & Rap Playlist 2019,6hIDPF658AhRbxr8HN7OeA,latin,latin hip hop,0.795,0.885,8,-4.13,1,0.0713,0.0375,0.00638,0.292,0.46,126.037,169998
6xM8oBy40nK1rOd8WmoOPx,Last Request,Paolo Nutini,67,6L2FiSnFMisCgbhbag4KTl,These Streets,2007-01-30,L' ALBUM ROCK,0jilq2XZP9F2fwzp2k6iXK,rock,album rock,0.605,0.704,5,-6.564,1,0.0476,0.241,0.0,0.137,0.4,80.925,220413
0bwYqc07M1jtLVpyALQzZp,Rebound,Seth Hills,31,040wLaMu0nE3vvNV84VNTF,Rebound,2019-09-25,Electro House,6k45gxiQhfVqACfIdqONsC,edm,electro house,0.703,0.924,1,-6.696,0,0.0639,0.039,0.804,0.38,0.245,126.017,141905
5n1dxunU8DEoQJ59n6P0bq,Cambias Mi Amor,Juan Ingaramo,49,5rflYd4uDX5m38aTG29PYS,Cambias Mi Amor,2019-12-25,Latin Pop Rising,37i9dQZF1DX8womvTyUjrN,latin,latin pop,0.681,0.658,4,-5.303,0,0.0568,0.0508,7.89e-05,0.0935,0.734,158.053,185615
2AhV6GW8sUFpcEuDy5EOln,Puppet Theatre,Claptone,55,2ZDWGFPWueua1EHWvAAwzD,Charmer,2015-10-16,Mix ElectroPop//ElectroHouse// DeepHouse 2020,23swqzpOZwW1NhPiZ7iyFI,pop,electropop,0.936,0.648,7,-6.72,1,0.0404,0.0753,0.0509,0.104,0.663,115.026,254641
6DZXAEPQgwEHiyqG2QlsaY,We Can Change (Infinity),Trobi,49,1yHbkxqUIcBf5fyRaxCxoM,We Can Change (Infinity),2019-01-11,Fresh EDM | Progressive House | Electro House | Trap | Deep House | Electronic | Future House/Bass,0FCHg9zJMNNiOokh3hVcxd,edm,progressive electro house,0.583,0.817,11,-3.431,0,0.0584,0.00411,0.0,0.321,0.305,125.93,162857
38mwJAySCI0sxFWJvN3KbC,Großstadtdschungel,Miami Yacine,43,4jXwUasl1CdFixsX4uufE2,Großstadtdschungel,2017-09-08,GANGSTA Rap,5GA8GDo7RQC3JEanT81B3g,rap,gangster rap,0.778,0.712,2,-5.824,1,0.244,0.212,1.59e-06,0.111,0.181,117.944,229880
1dE08km59Ya16RCgPjq6ya,Between The Lines,Amtrac,46,1W1iFvg0sk24eiSrBcFWSf,Between The Lines,2019-12-13,Dancefloor Beats,6mMk6QCzEgT3QGaCV1R4S5,edm,big room,0.495,0.928,2,-8.416,1,0.0436,0.0114,0.708,0.114,0.0374,140.012,277717
7hKnJYr6Pi237IknfXRn5K,Cold Heart,Luh Kel,60,7GqNIGlSGCAzM1bhFKYwqW,Cold Heart,2019-09-27,New R&B‏‏​​   ‍,4I6rTSxqKl1LRvES2O9owQ,r&b,urban contemporary,0.756,0.588,3,-7.617,0,0.0551,0.253,0.0,0.173,0.637,129.882,134689
1Oof977AMg2ZHlTPrLAIgI,La Evolución,David Blanco,11,3YTH4U8b7uHTRjK7MHB0aA,La Evolución,2009-09-21,Cuban vibes only,6VWXakL2ojgiVC01I271e2,r&b,urban contemporary,0.808,0.965,10,-3.679,0,0.0317,0.0028,0.0,0.536,0.974,120.012,228000
2B8eAzF1rlTOLynq5zgXsG,Never Say Goodbye - Radio Edit,Hardwell,42,6xFpIEFIAyQyiFmrOgzh3D,Never Say Goodbye,2013-06-21,♥ EDM LOVE 2020,6jI1gFr6ANFtT8MmTvA2Ux,edm,progressive electro house,0.426,0.841,1,-3.529,0,0.0546,0.0192,0.0,0.421,0.05,129.982,204942
0Js9hB2I66nJliPIJxzn2R,Higher Ground,TNGHT,55,4e0s9NinQo02X4exDDmW65,TNGHT,2012-07-23,Trap Nation 🔊,5aPwKjwNHr6dnCejLcPTVx,rap,trap,0.711,0.761,6,-7.267,1,0.233,0.598,0.127,0.134,0.526,160.738,199343
1qcyw35R6PiMBYfSSK7gDm,Say It (feat. Tove Lo) [Illenium Remix],Flume,4,2iLqYd2dBKqvDe6XCymoE4,Say It (feat. Tove Lo) [Illenium Remix],2017-01-13,EDM TROPICAL,3pS63EDS40FVGYL41zAcU4,latin,tropical,0.482,0.769,6,-4.473,1,0.0549,0.0343,0.00498,0.0953,0.427,149.69,267200
70RrIIfbY4OjEdX9xnVr3X,Freedom,Zucchero,51,3QN87swnHCsFxDUi4vkQpC,D.O.C.,2019-11-08,Musica Italiana 2020 - Playlist Pop & Hip-Hop (Canzoni Italiane 2020),6kVFIQBhLT4003iw2WWEv1,r&b,hip pop,0.536,0.673,5,-5.879,0,0.0549,0.0025,0.0,0.131,0.415,97.981,242337
1OklZefA3QDQIocxzTbpRQ,Special Eyes,Xavier Omär,0,3VNIJ6bgo7qw5gtcQ8dZyI,The Everlasting Wave,2016-10-14,Groovy // Funky // Neo-Soul,0JmBB9HfrzDiZoPVRdv8ns,r&b,neo soul,0.658,0.539,8,-6.831,1,0.0546,0.347,0.000404,0.194,0.455,110.982,198573
7Fxb0J8kBJ0H4IDxvhamhp,Can't Stop Now,White Arrows,24,5lphR8biw5eYgG7W0QvZsW,In Bardo,2014-09-16,Indie Poptimism!,4hKPJNFIhdAg4pAksn78FJ,pop,indie poptimism,0.474,0.794,2,-6.292,1,0.0476,0.000989,0.709,0.218,0.231,139.024,190973
50VJbcihiDPUOOg7mGbbH4,Renegade (Original Mix),CAZZETTE,0,3MZ5hMy89OUFVvonMKkXEV,Eject pt. III,2012-11-13,Vocal House,5PCAWKfUWAUj8VeY8G7xRQ,edm,progressive electro house,0.403,0.84,0,-1.832,0,0.038,0.00311,0.0,0.256,0.389,159.921,230918
7HZKPjrStKgnQSigwWEvia,Perdoa,ANAVITÓRIA,63,3xe8Wut7JdhvJEgOQ9V0n6,Perdoa,2019-03-29,Orgulho Tropical,37i9dQZF1DWZ8fJXMbebf9,latin,tropical,0.676,0.41,7,-10.014,0,0.0734,0.722,0.0,0.144,0.62,149.948,222041
4KGMWul1fFHccT8SWhaGYp,A Little More,Moosh & Twist,36,487GIpv2vpP6VClb7riVfc,A Little More,2019-10-18,Gangster Rap,5joQabz9ys3XPGbSx5CaKv,rap,gangster rap,0.769,0.776,1,-2.559,0,0.0393,0.0603,0.0,0.229,0.184,126.077,233838
2E1V6nbjINpLpiMaWMSYZ4,Can't Back Down,Demi Lovato,43,0w57XnlENgJWxQmK2iiKKa,Camp Rock 2: The Final Jam,2010-01-01,Post teen pop,7jQHOrErpLMStcUUSavQWR,pop,post-teen pop,0.636,0.839,8,-4.384,1,0.096,0.0847,0.0,0.1,0.658,120.031,199907
6LsAAHotRLMOHfCsSfYCsz,If I Can't Have You,Shawn Mendes,84,1J2BrRxtQjVUa7X9Ne99xD,If I Can't Have You,2019-05-03,indie poptimism🕺🏻,6MQeEHHDs6HQkN5Dlj3oKo,pop,indie poptimism,0.692,0.809,2,-4.198,1,0.0602,0.524,0.0,0.147,0.864,123.911,190800
6suCI1pLqqvVVLLvLzjoKc,Saturday in the Park,Chicago,45,5qWGV0fd7hpdptJYI4G9Dd,Chicago IX: Chicago's Greatest Hits,1975-11-10,Soft Rock Drive,37i9dQZF1DX6TIU4D13lOY,rock,classic rock,0.679,0.601,7,-11.758,1,0.0313,0.0894,0.0,0.0617,0.668,114.388,235800
7w8ny8jC7EtDyl5g35JmZX,Trippin',Becoming Young,38,0atoxidEfawrlp74fUJ8wy,Trippin',2019-09-27,a taste of the mainstream,4gbXqmZDUFHqlaYjf4uVyS,pop,post-teen pop,0.832,0.493,1,-5.924,0,0.0759,0.056,0.0,0.349,0.831,114.034,222535
0yyZN5ASdrYu0XYWFzfxUu,3 A.M.,Jesse & Joy,71,6DAFWiPpok2nZEtjdSZO3X,3 A.M.,2017-08-18,Latin Pop Songs,5uOMV7g6vp8WxoqXfkzKaw,latin,latin pop,0.702,0.84,0,-3.547,1,0.0879,0.0112,0.0,0.119,0.624,101.99,183573
6ry1D09ztAEoE11tS6rGBv,Martin Eden,Nekfeu,0,5KbSOGYUOgDnva9JwYUibW,Feu,2015-06-08,Urban/Trap - Contemporary RAP,5CK0fshHcik1vWyeCc0zat,r&b,urban contemporary,0.808,0.643,10,-6.168,0,0.279,0.242,0.0,0.105,0.346,86.044,295213
2ex8jWyy3ewSdlytVPdjhk,HIT THE LOTTO,GAWVI,0,5FRZz6mm4PSd50Mhmr9EAB,HIT THE LOTTO,2017-12-15,CHRISTIAN ELECTRO / DANCE / EDM,0MhTMIo1bgH6zzPh7BdChT,edm,progressive electro house,0.704,0.581,5,-7.048,0,0.0903,0.273,7.03e-06,0.234,0.421,124.875,229606
3QC33AxvY2sdxq22ym3aSL,Wild Wild Son,Armin van Buuren,57,3ZNgupDRFynxar0tTeyYE4,Wild Wild Son,2018-10-12,Pop Warmup 130 BPM,37i9dQZF1DX3PIAZMcbo2T,pop,dance pop,0.446,0.573,3,-5.081,1,0.0279,0.0416,0.0,0.108,0.167,135.96,213707
6GAhe3wXCDJP1RK5lZLyjX,Came Up,Flosstradamus,61,7wl99zAh84VuSvF6Cu3tSy,Came Up,2016-07-29,Trap Mojito,37i9dQZF1DX1OIMC8iDi74,rap,trap,0.613,0.879,6,-4.649,1,0.0729,0.00908,1.66e-06,0.108,0.497,76.966,214929
4TgYcx5TPQF7xC79b6v4hP,Tears In The Rain,The Weeknd,43,2FgMWuwMeTgJArP2RF3upF,Kiss Land,2013-01-01,Urban Contemporary,4Pbs84EQbuAblxlp6Chz0d,r&b,urban contemporary,0.655,0.636,1,-7.84,1,0.0453,0.109,0.237,0.0842,0.185,160.01,444653
2N0rHlYG5N4fN9HnVis9yj,Old Fashioned,Bruno Major,62,4hS6YtCIkN95pOeGLDsGI0,Old Fashioned,2019-02-19,Neo-Soul Guitar,0aS9YCNTNrDiMNa9tT49RG,r&b,neo soul,0.74,0.242,2,-9.003,1,0.0472,0.736,0.00156,0.0972,0.331,131.987,199904
0iOsLardygHDqlTMExp9ak,Coronamos,Lito Kirino,0,2hbo1db1yz5EsQ1Rcefc7c,Coronamos,2016-04-13,Mexican Gangsta Rap,28Ke4pXWqF2A5b2GfQ1pQt,rap,gangster rap,0.709,0.617,10,-6.847,0,0.216,0.0936,0.0741,0.795,0.423,141.815,199602
6t0fYRoZlM5kQ9qT19JnbZ,Me Gustas Tu,Manu Chao,10,6V5K77ZC7Gq3I1GgOVSoVs,Próxima Estación: Esperanza,2001-06-01,Latin Pop antiguo,4BmnnqWEQAamNoVjtjrQJP,latin,latin pop,0.657,0.734,11,-6.817,0,0.075,0.649,0.299,0.215,0.914,176.033,239987
2cECvldC3qtMue7yH9BxGO,The Illest - DEORRO Remix,Far East Movement,0,7dHsCVaCfi4dqtfxkmsT0d,The Illest (Remixes),2014-01-01,Fitness Workout Electro | House | Dance | Progressive House,6KnQDwp0syvhfHOR4lWP7x,edm,electro house,0.809,0.947,1,-3.73,1,0.0576,0.0022,0.136,0.343,0.711,127.939,215613
1NxHgM5nOnmqi3KUVLbaIw,Leaving My Love Behind,Lewis Capaldi,70,2wiPF3m0ylst0JSk1IvZL8,Divinely Uninspired To A Hellish Extent (Extended Edition),2019-11-22,Pop Hits 2020,5TDtuKDbOhrfW7C58XnriZ,r&b,hip pop,0.409,0.446,2,-4.836,1,0.0317,0.65,0.0,0.0862,0.135,75.638,210213
0LKErfBZ5FbBiLB4OcZRbL,El Clavo,Prince Royce,63,3zENKfQeGaeCgA55Qq3dNo,El Clavo,2018-03-16,Reggaeton Rewind,37i9dQZF1DXco4ODkIraMD,latin,reggaeton,0.827,0.78,11,-3.315,0,0.133,0.0435,0.0,0.133,0.658,80.015,172749
07L6tEZIfCX3GZAWCpGj0e,22,TINI,74,5NfpwctBSlT9eLTrYuC8Qq,22,2019-05-03,LATIN POP 2020 🔥 Pop latino actual,2kKzN3kRYDzBctlaWs7CP2,latin,latin pop,0.704,0.643,1,-4.705,0,0.0903,0.00807,0.0,0.0895,0.806,176.038,159188
6phmKeRhJUsiSBJgMkgjg8,Alwayz Into Somethin',N.W.A.,61,3OSID3YChn6nOjfUAlSXQZ,Efil4zaggin,1991-05-28,GTA San Andreas Radio Los Santos,6m0BqpJfSP2m5xCOFjDRHw,rap,gangster rap,0.709,0.874,7,-4.522,1,0.193,0.0114,0.0,0.213,0.832,88.546,264960
79JBjIq90BrQ8Ws0pUhlzD,Mad Love,Mabel,77,6fwNMnwzVoclK4zOwl3ou0,Mad Love,2019-06-07,Global Top 50 | 2020 Hits,1KNl4AYfgZtOVm9KHkhPTF,latin,latin hip hop,0.622,0.796,0,-2.999,0,0.172,0.667,0.0,0.106,0.62,197.705,169813
392GJeq135q5wX2JO13dl1,I'd Rather Be Your T.H.U.G.G - Remix,Malow Mac,26,45FWYvXY172hGrnWmKtm70,Soldiers Love,2012-06-30,Chicano Rap,3o3xRXWMtBMezk0E3wmtGI,latin,latin hip hop,0.677,0.667,2,-5.259,1,0.3,0.328,0.0,0.0801,0.683,84.024,240040
2Nl1RhZ7BP2gP8l7SlUyI3,DJs Gotta Dance More - Illyus & Barrientos Remix,A-Trak,0,5tz14TKiic043C9dwM1jjo,DJs Gotta Dance More (Illyus & Barrientos Remix),2018-09-14,💊ELECTRO-HOUSE-TECH💊,0AFYmoSuoMQiGGjzvBwr6u,edm,electro house,0.775,0.82,7,-5.313,1,0.0949,0.000585,0.114,0.204,0.649,123.001,328087
6zdFOrqnrLzd8r99ZnMJSC,Mamma Mia,Tokyo Tav,17,6ZvnGti1Jt8vlJUAqOL6RZ,Mamma Mia,2019-11-29,ELETRIC POP & DANCE,7316uT3vVzTidCI8cinBUv,pop,dance pop,0.691,0.939,9,-4.06,0,0.279,0.0202,1.08e-05,0.558,0.794,124.753,172810
2oX46s90nkZtTbCowHiWVs,You Give Me Something,Jamiroquai,9,2M50cB74zAc1lQNlrlYHxY,A Funk Odyssey,2001-09-03,NEO FUNK AND SOUL,2WbTrS5D0V2TW6DiDkJBru,r&b,neo soul,0.639,0.69,7,-10.047,1,0.264,0.0265,0.000551,0.146,0.579,119.63,199600
0naWmO0bE2itsfHCuDwf4N,Dust In The Wind (Acoustic Guitar Solo) - Live acoustic guitar solo,Kansas,33,6lxd4fqldvSnCehHPkmEBU,Two For The Show (30th Anniversary Edition),2008-07-01,Unplugged Hits 📣,5NTm3injIRkUMROsZr3C2O,latin,latin pop,0.377,0.408,9,-13.634,0,0.0485,0.763,0.0049,0.377,0.216,115.919,377560
6wU8XNHA98WAzNiLqiQiru,I'm OK (feat. Shaylen),Manila Killa,43,3q406HgWkEOEED6Jnpf0Qg,I'm OK (feat. Shaylen),2017-04-28,Indie Poptimism,2QiMewRbSavfZ9MSAYz2h6,pop,indie poptimism,0.665,0.595,1,-7.036,0,0.0518,0.227,0.0,0.217,0.593,96.971,204076
4qKcDkK6siZ7Jp1Jb4m0aL,Look Alive (feat. Drake),BlocBoy JB,79,7GGoJfKFOwDNuiLjjfzyCS,Look Alive (feat. Drake),2018-02-09,GTA San Andreas Radio Los Santos,6m0BqpJfSP2m5xCOFjDRHw,rap,gangster rap,0.922,0.581,10,-7.495,1,0.27,0.00104,5.86e-05,0.105,0.595,140.022,181263
51mcuqQpPcsMRZ5KW0A0In,cherry,Tom Doolie,52,1wTr0NeYZivAevFTP2gU6a,cherry,2019-12-09,Jazz Vibes,37i9dQZF1DX0SM0LYsmbMT,rap,hip hop,0.59,0.427,4,-10.999,0,0.186,0.476,0.00059,0.352,0.343,118.925,126055
0Zh5U48tZNeAzzLTV1CVBE,Forgot About Dre,Dr. Dre,16,5csXMdS69VOvh8MjyfwkjB,2001 (Explicit Version),1999-01-01,Gangster Rap,5joQabz9ys3XPGbSx5CaKv,rap,gangster rap,0.925,0.737,8,-1.292,1,0.0777,0.092,0.0,0.169,0.603,133.946,222240
1QObH6m6jPyOHBLW2RLEpo,Color Me Badd,Color Me Badd,19,17mrdLXkhmlY36jRm9cUbw,C.M.B.,1991-07-23,80s-90s R&B / New Jack Swing / Funk / Dance / Soul,3X4HmijjKdwwLonCrOOEAZ,r&b,new jack swing,0.904,0.512,4,-9.664,1,0.0487,0.00328,0.0,0.276,0.788,107.886,245693
3zoYQLfNEvJ7UvQ4em2vsT,La Vida Es Un Carnaval,Celia Cruz,57,0mRmiLA56DuwKyIl8ybSUL,Exitos Eternos,2003-01-01,School Dance 2019 (Squeaky Clean),0SqaMfNsngZCpPw0UuelA7,latin,latin hip hop,0.813,0.735,0,-4.982,0,0.0776,0.482,0.00187,0.285,0.853,104.056,277000
5kz9GDBTX846OXwqWoyKzF,We Got The Beat,The Go-Go's,57,1L4HE00En7eNK74voVZums,Beauty And The Beat,1981-01-01,The Sound of Permanent Wave,4EYSGTuqe9cVfSVpX4gtGv,rock,permanent wave,0.587,0.994,2,-5.61,1,0.045,0.155,0.0734,0.0319,0.481,151.941,153133
16DbWJjXzgIW1NPgy8hHqO,Gruv Select - Original Mix,Demarkus Lewis,24,3k8Y4tlZkT5AK4MziHl9Tc,Gruv Select,2016-09-12,House/Electro/Progressive/Disco/Lofi/Synthwave,42jbIN5Zj0UUPdtmqxQRKF,edm,progressive electro house,0.804,0.603,2,-6.618,1,0.0606,4.3e-05,0.0422,0.0669,0.685,125.001,399360
7HdHOGbA7uyepn1jbPKqOx,Roads,Vargas & Lagola,66,3ltAYQxLWZzfUmMPKMZeMr,Roads,2018-02-09,Pop Warmup 130 BPM,37i9dQZF1DX3PIAZMcbo2T,pop,dance pop,0.527,0.806,2,-5.639,0,0.0323,0.000598,0.0,0.358,0.534,131.882,234680
08fDeQNLTu0bZnT6tRcXUP,Osiris,Matstubs,48,0NRoW86T5THLIDeb1lZSKJ,Destined,2020-01-07,Trap Nation,0NCspsyf0OS4BsPgGhkQXM,rap,trap,0.301,0.626,8,-7.418,0,0.104,0.0693,0.554,0.0895,0.217,82.265,189257
4okba5wu9mMLXx79DXLKi3,La Rompe Corazones,Daddy Yankee,6,7pyHLzYSyH7A4VW3tOFxNk,La Rompe Corazones,2017-01-13,Reggaeton Classics,37i9dQZF1DX8SfyqmSFDwe,latin,reggaeton,0.685,0.859,5,-2.595,0,0.0553,0.116,0.0,0.317,0.891,176.018,204520
5Zjge6yCThuBMdnJdOBp9A,Easy Breezy,chelmico,42,2vkXnSLOX1bp1Ue7ZWJ6T4,Easy Breezy,2020-01-17,Dance Pop: Japan,37i9dQZF1DXahYFr91pFvG,pop,dance pop,0.655,0.993,2,-2.026,1,0.0862,0.507,0.0,0.392,0.62,93.021,208376
1aWV3uY3SIEZVbmv45oFWS,Creep,TLC,66,5eg56dCpFn32neJak2vk0f,Crazysexycool,1994-11-15,90s/00s Hip Hop & RnB,0Ar0Ng9DlAWZtSPBvOQgOa,r&b,hip pop,0.811,0.458,5,-9.688,0,0.0402,0.0193,1.41e-06,0.0526,0.797,92.94,268533
1bCmvezFg5MRcENzCGG1Cy,Chelsea Dagger,The Fratellis,67,7avNT7QnpWXl1Khqnsguaw,Costello Music,2006-01-01,"Muse Radio - (Uprising, Starlight, Supermassive Black Hole, Madness)",0dAbaJtkS9st5o0cBe1Zcu,rock,permanent wave,0.511,0.815,7,-3.14,1,0.144,0.0491,0.0,0.0826,0.586,154.514,215307
2AUHVjR5lhg6GcztbGvRkc,Lick It,Valentino Khan,60,6mDIIT6OQKpvdzmPV4Xn82,Lick It,2018-03-16,EDM 2019,1T0ed6Mg0QIruHvcoWWIKy,edm,pop edm,0.798,0.837,4,-2.531,1,0.0582,0.00737,0.121,0.0942,0.662,124.994,215040
3cUxncrTWSA9lhlQbuIwUY,Stuck on the puzzle,Alex Turner,63,3OqRGywivnQ0IeClUeUa4n,Submarine - Original Songs From The Film By Alex Turner,2011-03-14,②⓪①⑨ mixed,2bOjjgN1S3Gqd8vSMyafvJ,rock,permanent wave,0.58,0.682,4,-8.523,1,0.0332,0.0792,0.0316,0.161,0.774,77.53,211053
7ldlgbsVshuUnFWyimgBxn,Paris - VINAI Remix,The Chainsmokers,40,0UQImHE9yd0s8ieOeIMwKo,Paris (Remixes),2017-02-17,EDM - pop remixes,0cvVad4XizGbOS0vlwZYS5,edm,pop edm,0.532,0.822,2,-3.309,1,0.0432,0.0648,0.0,0.356,0.335,99.962,218787
3fIBfeXyOYgGUumsk1Kjno,No Lo Pienses - Remix,Ñejo,43,2kyQH3suTd0r47TnP9FaAq,Objetos Perdidos,2019-11-22,Reggaeton 2020 ☀,7xWuNevFBmwnFEg6wzdCc7,latin,reggaeton,0.801,0.934,7,-4.418,0,0.0675,0.0802,0.0,0.505,0.87,93.033,217089
2acGrERwIyVXsbJvvqS9h3,Veneno,BB Nobre,49,5LwwgRfM4Z8LniVII7HFVj,Por Fin - EP,2019-11-22,El Ritmo,37i9dQZF1DWVOLXBOylBUZ,latin,reggaeton,0.779,0.821,2,-2.823,1,0.0568,0.246,0.0,0.162,0.224,95.982,172146
4Ld00UQYL3aPcK4yOnv0JP,Rainbow In The Dark,Dio,2,5OpZ8IOIhUYaD6gX7USOfk,Dio / Rock Legends,2007-01-01,Classic Hard Rock,1gAeQGQ7hr2q7IYmaejDW6,rock,hard rock,0.511,0.917,9,-8.052,0,0.0378,8.57e-05,0.5,0.0418,0.652,117.564,252920
7fLCvzXRYVJWbxQ0q55kFN,Tuesday's Gone,Lynyrd Skynyrd,0,4vAJUpmfYPk9YscfJnXG9B,Lynyrd Skynyrd,1991-01-01,70's Classic Rock,76lrxCrKrGDkDDf3SVPnl3,rock,classic rock,0.255,0.545,9,-11.364,1,0.0287,0.00905,0.00796,0.0624,0.569,145.57,453200
2ueKL2MWoyfg1FnBpHOfbH,You And I - Deadmau5 Remix,Medina,47,7zLXnrozg2n7TrsnwHFLKF,You And I,2009-10-09,Selected House,2JPzPB9jnvJLAYtmCbvZy8,edm,progressive electro house,0.944,0.56,2,-5.456,0,0.0869,0.0081,2.23e-05,0.0613,0.922,127.99,379800
4Z4ZLBzCXSlHSCaxZ3WS7p,Run to the Hills - 1998 Remaster,Iron Maiden,48,0SmIkzc7YgxqBV0V5RcbPt,Somewhere Back in Time (The Best of 1980 - 1989),2008-04-07,Hard Rock Classics 1967-1991 (Party Edition),1NIX36ZFWEtgXSbSNghoue,rock,hard rock,0.225,0.951,0,-4.654,1,0.0924,0.00837,0.000225,0.219,0.471,173.241,233947
0Q5uZEhL7k1MsYvZt0Ft2W,Ella Me Beso - Remix,Elvis Crespo,38,30ABYWgdltvV36K9uldGNC,Ella Me Beso,2019-05-10,Latin Pop 2019,5wONX0lVyQE5XTxqjTUiUd,latin,latin pop,0.783,0.921,0,-3.254,1,0.202,0.214,0.0,0.0736,0.887,120.054,188075
1pYNSCvnguhc0VMPxWqEwV,Pajarito,Sotomayor,39,4lv6sqE4r1OScgwFWFI65E,Salvaje,2015-03-10,Vibra Tropical,37i9dQZF1DX3fXJqxGjuEP,latin,tropical,0.703,0.8,1,-6.786,1,0.0653,0.00361,0.795,0.08,0.519,104.986,206707
3760Ge809Qt37dtRMHsG1f,Expectations,Arrested Youth,41,3sNTCjyuwEF5suVqmIx2Yg,Sobville (Episode I),2019-11-01,"Classic Rock 70s 80s 90s, Rock Classics - 70s Rock, 80s Rock, 90s Rock Rock  Classicos",3Ho3iO0iJykgEQNbjB2sic,rock,classic rock,0.672,0.857,9,-4.638,1,0.0628,0.0791,0.0,0.184,0.712,154.966,196280
2DHHKsZ1ejniF4qGlGNz3z,Motel Hours,Kid Tarô,51,25IJFYG1sOVf7N2TeJUPbO,Motel Hours,2019-12-06,Jazz Vibes,37i9dQZF1DX0SM0LYsmbMT,rap,hip hop,0.66,0.317,8,-9.809,1,0.0686,0.651,0.925,0.118,0.291,166.093,119422
3n6f0eBOjEqOdcPVSl0ixs,I Like You,CØDE,28,3t3DnNj0aHv0It9c8Xlark,I Like You,2019-05-03,EDM Trap,7CEEEMKV41x0RlFCXWdvKF,edm,pop edm,0.596,0.657,2,-5.834,1,0.0915,0.155,0.0,0.0855,0.581,149.929,134938
2sZGmtVUX89JIhO0JIyryO,Geronimo,Max Lean,37,5H4BGZVySMTbGXxjutWAyL,Geronimo,2019-05-24,Tropical House 2020,2oivDYqm1dQK4KbwVJTaf6,latin,tropical,0.577,0.688,10,-4.86,1,0.0582,0.25,0.0,0.432,0.539,122.86,161982
3c3yFXZw7ECjgyTzqiAVyM,Cruisin' - Radio Edit,D'Angelo,4,6kdaBN7lOYDLZfCAGiSecr,Ultimate D'Angelo,2008-01-01,Neo Soul,2YPP7fiYu5pIcp2yyHvw4A,r&b,neo soul,0.437,0.583,1,-9.841,0,0.177,0.251,0.000162,0.25,0.365,76.583,238827
5vzFnlJE4MSKmV24u2F89j,Ich muss gar nix,Grossstadtgeflüster,46,2PusFImwQTKH0OzX3lYZnW,Muss laut sein,2006-01-01,Gothic / Industrial / Mittelalter / EBM / Futurepop / Gothik / Electropop,53CmFroG6MWR5reOOXJX6B,pop,electropop,0.787,0.945,4,-5.34,1,0.0324,0.121,5.6e-05,0.134,0.855,126.122,184267
5AdIEMVaS9pZEE6is0mdqm,Bigfoot,W&W,41,2K1Xt4CF4p2ruVJXLOyiJG,Bigfoot,2014-02-24,Big Room House | Festival Bangers,5Bx5niVgi3qGQQw06C0RKq,edm,big room,0.612,0.926,5,-3.952,0,0.0546,0.00131,0.577,0.238,0.145,127.959,175313
2yPNn7KSfUMMu2jSRwYjae,Everything Goes Black,LOOPERS,31,0z8X628LgCAb69O55bbToJ,Everything Goes Black,2018-11-09,Electro House,6k45gxiQhfVqACfIdqONsC,edm,electro house,0.789,0.795,5,-4.72,1,0.0676,0.0246,0.617,0.0938,0.67,128.043,188728
6RCCs5jOIu7ylHAEv8u2U9,Pełnia,Smolasty,54,2ZW3jW3AYNaiwy5qSVNuRa,Pełnia,2020-01-10,Global X,37i9dQZF1DWUxHPh2rEiHr,latin,latin pop,0.567,0.899,8,-5.486,0,0.362,0.553,2.79e-05,0.168,0.78,179.949,171333
4TtxmfeohehULwapPlFTFt,Thunderstruck,Cirez D,0,4ieYe7UuPNOvb34IsgpasJ,Thunderstuck / Drums In The Deep,2013-11-24,Underground Party | Hypnotic | Minimal | Acid | Big Room | Tech | Liquid,29jj7pQlDqnWclbHQk21Rq,edm,progressive electro house,0.74,0.994,6,-6.182,0,0.0742,0.000178,0.656,0.378,0.137,127.0,492006
0BjvqQdUUB2WzUncxxvIRh,entheogen,Nohidea,52,1wHWgiK24ERtcIGFN0eBK3,Departures,2018-08-18,Lofi Hip-Hop,37i9dQZF1DX36Xw4IJIVKA,rap,hip hop,0.32,0.428,10,-10.338,0,0.0621,0.258,0.0075,0.134,0.0853,78.305,108942
417Lz9vsyAlnPkOZFMiJib,No Te Vayas,Don Omar,56,4SFhOkDuVdKbNaTHAwg07U,No Te Vayas,2019-11-22,Reggaeton 2020 ☀,7xWuNevFBmwnFEg6wzdCc7,latin,reggaeton,0.759,0.692,10,-6.759,1,0.0382,0.171,3.77e-05,0.0864,0.652,93.95,238733
7vFv0yFGMJW3qVXbAd9BK9,Your Body Is a Wonderland,John Mayer,77,3yHOaiXecTJVUdn7mApZ48,Room For Squares,2001-08-16,Permanent Wave,2ExyzXAbukW7I8bDqdGvPB,rock,permanent wave,0.647,0.729,5,-6.251,1,0.0236,0.0206,0.0489,0.134,0.687,94.01,249627
12pdXFcruNcPUbZypKUDgz,Love Is Mystical,Cold War Kids,61,7ivgZAxvcUXk33Jk4Hi7On,LA DIVINE,2017-04-07,Indie Poptimism,7Ic1UwucK3ozdycPBIPVSR,pop,indie poptimism,0.567,0.863,7,-5.158,0,0.037,0.00462,4.77e-05,0.207,0.722,106.03,214360
1aRbxVtn3PPV8qclAb8Hov,Me Matas,R.K.M & Ken-Y,0,4vA7xAvAjn3wIKHXuQjlm6,Masterpiece,2006-01-01,Reggaeton viejito🔥,0si5tw70PIgPkY1Eva6V8f,latin,reggaeton,0.774,0.75,9,-5.939,0,0.0727,0.0633,0.0,0.448,0.573,92.978,196360
4mqKn7ewOLvVTJvGMRB5cp,Buttermilk,Beau Diako,40,2fKkJ6Q0hte7h1OmkKx8kV,Buttermilk,2019-08-30,NEO SOUL GUITAR,0r5ojPhjqGVq21oQR13UJy,r&b,neo soul,0.608,0.548,2,-7.829,1,0.0346,0.594,0.000342,0.132,0.397,88.034,205143
39qSXklPEyvZRzMwU1yZkg,"My Moment (feat. 2 Chainz, Meek Mill and Jeremih)",DJ Drama,54,5qpXengyG9MHYWsRHY8bbK,Quality Street Music,2012-10-02,RAP Gangsta,1Z1gW89x4MSBjkvVjGg7DQ,rap,gangster rap,0.456,0.76,1,-3.015,0,0.0988,0.0337,0.0,0.228,0.189,148.063,198920
2K2B8GdtUfpYfbhOdYxICk,Lullaby,Sigala,34,1AbiKpOQMasm092LWTQ28N,Lullaby,2018-10-03,Best of 2019 Dance Pop: Japan,37i9dQZF1DXdOtZGKonFlM,pop,dance pop,0.767,0.78,8,-4.085,1,0.0442,0.303,2.86e-05,0.069,0.716,120.03,203569
3A2OHirUAlQp2x73BJlEDA,"Perfect Pint (feat. Kendrick Lamar, Gucci Mane & Rae Sremmurd)",Mike WiLL Made-It,62,0jqcY0azNzkluuC8hxNGlw,Ransom 2,2017-03-24,"🔥💵 Hip Hop, Rap, Heavy 808's - New School",3jPkaExIWXQWklcmmF5180,rap,southern hip hop,0.741,0.562,4,-5.474,0,0.165,0.172,0.0,0.0751,0.292,180.068,240926
1Jt4VUK3aUpfVbvVV02PLt,De Los Besos Que Te Di,Sandronyc,39,5BzCjWOGovfEA4Jsl0SHNe,De Los Besos Que Te Di,2019-10-11,Tropical Rising,37i9dQZF1DX07X8UDWKEwP,latin,tropical,0.778,0.79,1,-4.859,1,0.0428,0.0629,0.0,0.0929,0.916,118.992,222101
1RnOgWJEFnbWZk8Gv0I4FR,Stuck on U,Lizzyloo,3,7CNezMHoQWUQDwWtTF8RZT,Stuck on U,2019-12-20,Waves Pop and EDM,64k01l4j6QtnZ8jMaI84AA,edm,pop edm,0.6,0.648,0,-5.247,1,0.0367,0.0608,0.0,0.138,0.28,120.006,206771
2SyOC3U8VQiFq51jiBRxGz,Tú No Ajaunta (Checkmate) - Spanish Edit,Cypress Hill,34,7u6yoSRjIBM2EI52DJLMkZ,Los Grandes Éxitos En Español,1999-10-07,HIP-HOP: Latin Rap ['89-present],5fWgI0IJ1el5NB1sZ0Egsx,latin,latin hip hop,0.859,0.829,4,-9.921,1,0.126,0.0753,0.0347,0.0747,0.768,111.063,209893
4irhLbic5EfTly8TBXFb8Y,Rompe,Daddy Yankee,1,1tKekEPavF4kU60E0DMf8B,Interscope Presents: Club Bangers [International Version (Explicit)],2006-01-01,REGGAETON ANTIGUO 🔥,42E6uFhL4e2nXmbmeigwXb,latin,reggaeton,0.754,0.805,11,-5.974,0,0.0416,0.0471,1.6e-05,0.0715,0.475,88.032,186853
02UCGTLUpezK4xMFGYsa4q,Moon Light Feels Right,Starbuck,0,3o641iCcELeRBqXWhuSn6V,No Coffee Here - [The Dave Cash Collection],2011-05-09,70s Pop & Rock Hits and Deep Tracks,1uKFRCQYci8kVgMy3xzTVH,rock,album rock,0.73,0.643,7,-12.809,1,0.0317,0.775,0.176,0.179,0.96,120.59,220867
5WlhjJZckyKyKxxcWbTelR,So In Love,Ballin Entertainment,0,5L1xcowSxwzFUSJzvyMp48,Ultimate Freestyle Mega Mix,2008-04-20,Latin Hip Hop/Freestyle,2MYEUjX0YAI9dxrBDzoCK7,latin,latin hip hop,0.751,0.598,7,-13.437,1,0.11,0.00804,5.3e-05,0.306,0.78,129.725,129541
2pwTzYUTIiwF7Pn8ygXD91,California Love (remix),2Pac,55,4CzT5ueFBRpbILw34HQYxi,All Eyez On Me,1996-02-13,Southern California Hip Hop Primer,206vi9Q0p3juAU73flxPsz,rap,southern hip hop,0.635,0.843,5,-4.197,1,0.0767,0.00654,0.0,0.495,0.657,91.634,385880
0RhxIDb2s9UgXeEBMmKdQ5,Time to Fly,Emma Clair,32,4VUhMC4myKRvUkfa8nWRB1,Time to Fly (Electro Swing),2019-11-08,Electro Swing Top 100,5M7xLCQTYJL0lbKIrUn3a4,edm,electro house,0.88,0.806,1,-6.589,1,0.0727,0.0338,0.297,0.0683,0.894,124.988,219092
4BdPYaw5KvboXSej5XZpAW,Bad Religion,Godsmack,51,1w7vC8hjYXhK1fS5cM2fUM,Godsmack,1998-01-01,2000's hard rock,0EmGNFBBgqLmvdQGPbgiMp,rock,hard rock,0.463,0.842,7,-5.657,1,0.114,0.00185,3.66e-05,0.107,0.668,154.351,193267
09Oj9xexrJ5N5hzMoOHgh5,This Is The Shack,Warren G,20,6SaKWgfQSk31X0OMLkt1hU,Regulate...G Funk Era (20th Anniversary),1994-06-07,Southern California Hip Hop Primer,206vi9Q0p3juAU73flxPsz,rap,southern hip hop,0.584,0.791,7,-6.514,1,0.245,0.057,0.0,0.323,0.692,180.183,245360
2JS1iE5A5RHvUPH5Zl9jlF,Run to the Hills - 1998 Remastered Version,Iron Maiden,16,6q5MEna6Fg46powSoeZJe3,The Number Of The Beast (1998 Remastered Edition),1982,Workday: Rock Classics,37i9dQZF1DX1lwxXvReaux,rock,classic rock,0.221,0.956,0,-4.641,1,0.0876,0.0103,0.000523,0.195,0.432,173.254,233960
7axJj8BJF6UFqQIQfROvlN,So F**kin' Romantic - Tim Gunter Remix,Matthew Koma,30,1SeQSCM5UqOtrst4p7iuYV,So F**kin' Romantic (The Remixes),2015-08-14,Indie Poptimism!,4hKPJNFIhdAg4pAksn78FJ,pop,indie poptimism,0.669,0.798,11,-4.72,1,0.0591,0.00701,0.017,0.0755,0.483,139.938,234857
5TUfKOVdzg2jZmFd7HpVi4,Another Beautiful Day,Felly,0,5uS0Li0XPo0Ccpka77IMdV,Waking up to Sirens,2014-05-04,Saxophone in Hip Hop - R&B Lounge - Jazz Rap,2ujrP2rPxu8ao7wNeG1ZOY,r&b,neo soul,0.727,0.467,5,-8.943,0,0.501,0.701,0.0282,0.593,0.569,83.997,162474
35Iy0Neh1ewQapV6n0td6X,Dial My Heart,The Boys,35,3WMVkT6uIvpSxX7154sf9H,Messages From The Boys,1988-05-26,Kenny B's Ultimate New Jack Swing Mix,7bdhfXlbfml9CuNn5c7372,r&b,new jack swing,0.733,0.65,11,-11.793,0,0.0694,0.0288,0.0432,0.0558,0.811,100.567,264840
4raBRzwLKKRLRZF62nisLq,Mamo,Florian Picasso,0,1uxy1LBaXYy0zSkeJeGntK,Mamo,2016-08-29,Jeff Seid Electro House,2Tisn6NZbeofpc57Oc6MGo,edm,electro house,0.663,0.969,9,-1.968,0,0.119,0.0026,0.233,0.285,0.38,128.059,213750
2vytyWClpsahqcL6NibSE3,Gangstas Make The World Go Round,Westside Connection,41,5VCY0uIkkoaaji9ciCLS0D,Bow Down,1996-01-01,90's Gangster Rap,1g3APxk2mLVNU2TuHCPli0,rap,gangster rap,0.754,0.575,9,-8.22,1,0.366,0.0977,0.0,0.474,0.561,180.389,272834
7bcsSzt2HasMWL2Kr7iyfH,Wanna Be A Balla,Fat Pat,0,2rzVFboUmXKVqSr0WDHmGR,Greatest Hits,2001,Dirty South Rap Classics by DJ HOTSAUCE,0tLHH1C4HkWEUCXXSSjbOe,rap,southern hip hop,0.87,0.608,10,-8.91,0,0.281,0.303,0.0,0.156,0.649,92.314,356987
4PzovBqgnSHKd8opsP7IVM,Everyday We Lit (feat. PnB Rock),YFN Lucci,66,3rC6vGpgXntVIsIkrw1tol,Long Live Nut,2017-03-03,Hip pop,1Sc7bobknESH7SXQcnmoX5,r&b,hip pop,0.758,0.646,7,-4.701,1,0.112,0.128,0.0,0.0778,0.589,155.955,197171
7aGqzztb8FoK1wI27EUtGP,Lick It Up,KISS,1,018E4Cu0mlyMNR1IZcYMx6,Lick It Up (Remastered Version),1983-09-18,Hard Rock Classics 1967-1991 (Party Edition),1NIX36ZFWEtgXSbSNghoue,rock,hard rock,0.686,0.765,2,-5.998,1,0.0513,0.18,1.25e-05,0.246,0.582,120.26,236640
6HTJZ0TQJVMSKkUGzAOe2h,Old Thing Back (feat. Ja Rule and Ralph Tresvant),Matoma,69,4v55njNe2owBsm6VuEiTLe,Old Thing Back (feat. Ja Rule and Ralph Tresvant),2015-02-17,Tropical House 2020,2oivDYqm1dQK4KbwVJTaf6,latin,tropical,0.805,0.858,0,-3.067,1,0.105,0.194,7.89e-06,0.256,0.523,97.033,321649
3t2wpXOjT12d41UkqUlfwo,The Oasis - Radio Edit,Talla 2XLC,39,4sdDjaiK4UkeWdCkpl7vVl,The Oasis,2019-06-14,Trance Party 2019 by FUTURE TRANCE,2yofeyPwe0ZNmJHTrGz2Qt,edm,big room,0.411,0.98,3,-5.563,0,0.247,0.00113,0.602,0.394,0.0929,140.03,210000
6XeMrBUyR2aNGI93l9Z27u,Somebody Out There,Lost Kings,54,5UBzIfCY1kn7YW83C4AyWa,Somebody Out There,2019-10-18,Pop / Dance,6mXh8CUBMBsBUu88a4eAQV,pop,dance pop,0.716,0.664,1,-6.629,1,0.0396,0.0163,0.000795,0.212,0.356,101.997,218978
4x241uAmPrxKZdCZKt2r5t,Out For Blood,Sum 41,57,1HpntKICUDQq2auvGXclE4,Out For Blood,2019-04-24,Rock Hard,37i9dQZF1DWWJOmJ7nRx0C,rock,hard rock,0.553,0.868,6,-4.186,0,0.048,7.35e-05,0.0359,0.0934,0.5,140.047,216571
5rUJMReNdG8ppsTdBusoBO,Lay It All on Me - Robin Schulz Extended Remix,Rudimental,31,1tXOtm6NxeO25LCdtFe86j,Lay It All on Me (The Remixes),2015-11-20,EDM - pop remixes,0cvVad4XizGbOS0vlwZYS5,edm,pop edm,0.734,0.654,6,-7.785,1,0.0437,0.00535,0.00265,0.0426,0.513,121.994,381802
79zGYOcAe2VmJsyQiJX31a,Gone - The Wild Remix,Charli XCX,57,2QVWSdvejmRHBaK1mroxPL,Gone (The Wild Remix),2019-08-09,Pop Remix,37i9dQZF1DXcZDD7cfEKhW,pop,dance pop,0.64,0.838,6,-4.203,1,0.0416,0.0588,1.99e-05,0.0424,0.587,124.081,193861
5HCMxtjQaeLrNQOT5qRksq,Oasis - Kyco x Barkley Remix,The Him,56,2gmSA30jmMKTSdWhndnHxh,Oasis (Kyco x Barkley Remix),2017-11-24,Big Room House / Bigroom,2EnVd4ugXUybVQoQrarICY,edm,big room,0.814,0.755,4,-8.523,0,0.0751,0.013,0.0026,0.0889,0.55,122.981,163171
5ohL55vbPhN999ETafibnk,Glad You Came,VIZE,68,6SibxReAC5CS2r5lHcHkgw,Glad You Came,2018-06-15,🔊BASSBOOSTED🔊⚡ELECTRO HOUSE⚡🔥EDM CAR MUSIC2018/2019🔥,4GSiiL8tcMgvoV7K1IADb8,edm,electro house,0.757,0.758,2,-5.82,1,0.0426,0.0204,0.000717,0.107,0.287,126.07,198095
1DBtVHYl2lwLQswEUvkIEv,Feels Good,Tony! Toni! Toné!,0,2uVO5O1PyNn9RbjTOR9dYK,R&B Gold II,2007-01-01,1987-1997 OLD SKOOL JAMZ,0WicovBbxeB0nvQC6IfuaT,r&b,new jack swing,0.84,0.924,2,-6.676,1,0.137,0.124,1.66e-06,0.154,0.651,116.978,301360
5YtYYDkzPA8b11RbazpYND,Somebody - Modern Machines Remix,Natalie La Rose,22,38wtEC94H8DGzZZimFuaXU,Somebody (The Remixes),2015-05-19,Pop EDM Remixes,4aUEH3uhbofktrFkXOOaKj,edm,pop edm,0.645,0.729,9,-6.4,0,0.0808,0.00191,0.0,0.179,0.0563,129.055,248547
2TB24lCBq8JwTkFk9QjjmF,I Guess You Missed My Call,Tvbuu,12,4SkBa04NKqqKNVH2J2kZ9O,Thorn 6,2019-03-15,Rap Party 24/7 Radio / Gangsta Rap,4sGnz2x5tbHE2YlW1nemfb,rap,gangster rap,0.796,0.497,4,-6.802,0,0.0464,0.183,0.000726,0.378,0.348,125.972,133662
68LU6iCy4H9j83fge97fGI,Life,Uche,33,0bKmdXXPThMEsuldZUtPd1,Life,2019-08-29,EDM 2019,1T0ed6Mg0QIruHvcoWWIKy,edm,pop edm,0.781,0.873,7,-7.043,1,0.0433,0.0711,0.00106,0.113,0.0948,118.964,177479
3yZAuRxvWRQHl79e7Vc6Vw,Better Than Yesterday - Club Mix,Sidney Samson,0,06WvKsEoWCEPNpaLcc2y5N,Better Than Yesterday,2013-01-07,Vocal House,5PCAWKfUWAUj8VeY8G7xRQ,edm,progressive electro house,0.611,0.471,4,-7.004,0,0.0402,0.000598,0.00928,0.0944,0.155,127.958,309387
1UcVr8cmBFNc7kcRPH7xWd,Boomin,Moosh & Twist,31,5bHfRDNUGkDO7ZEgJt4tvF,Boomin,2019-08-02,Gangster Rap,5joQabz9ys3XPGbSx5CaKv,rap,gangster rap,0.825,0.541,10,-5.31,0,0.0599,0.0259,0.0,0.696,0.151,149.922,180113
3jK7Phs5IsCWndQVGD4NZz,Space Cadet,beabadoobee,41,14dX5gXAHZFHWmOlOmdxO9,Space Cadet,2019-10-14,Modern Indie Rock // Alternative Rock / Garage Rock / Pop Punk / Grunge / Britpop / Pop Rock,1VnvyBDqoV5TCZAnXYferL,rock,permanent wave,0.571,0.874,4,-5.2,1,0.0273,0.00383,0.0282,0.0621,0.742,127.046,264013
7CZyCXKG6d5ALeq41sLzbw,Take What You Want (feat. Ozzy Osbourne & Travis Scott),Post Malone,87,4g1ZRSobMefqF6nelkgibi,Hollywood's Bleeding,2019-09-06,Pop - Pop UK - 2019 - Canadian Pop - 2019 - Pop,46Cl6dmeiylK6TRGXr7hHe,pop,post-teen pop,0.499,0.8,1,-2.665,0,0.0502,0.0906,0.0,0.147,0.272,139.919,229573
54eZmuggBFJbV7k248bTTt,A Horse with No Name,America,77,0E5IKYhiKgbYQkmfsFonbZ,America,1972,70s Pop & Rock Hits and Deep Tracks,1uKFRCQYci8kVgMy3xzTVH,rock,album rock,0.654,0.506,11,-17.18,0,0.0535,0.686,0.0155,0.155,0.831,123.179,252240
4F8DMoCuGvaa5kVMZOetWX,Isi Agboncha,The Semi Colon,10,34D88uX2koESycju2ROiAV,The World Ends: Afro Rock & Psychedelia in 1970s Nigeria,2010-11-23,Afro Psychedelica,37i9dQZF1DWVyizF9BJ61m,rock,classic rock,0.736,0.717,9,-7.432,0,0.0436,0.0239,0.208,0.0925,0.872,135.009,327347
4ej94zqr9xYLbWphCH3TcD,Beauty & Essex (feat. Daniel Caesar & Unknown Mortal Orchestra),Free Nationals,60,2HZuNcdyDP2IA2T7MtTWcv,Beauty & Essex (feat. Daniel Caesar & Unknown Mortal Orchestra),2018-10-10,Urban Contemporary,4Pbs84EQbuAblxlp6Chz0d,r&b,urban contemporary,0.552,0.741,11,-5.419,0,0.0542,0.284,8.2e-05,0.334,0.718,69.709,277046
62V2Wdw9YsFRXYy3SR4Gtp,Scars To Your Beautiful - NOTD Remix,Alessia Cara,1,6hCL37zhty1HQTuMj4TKYF,Scars To Your Beautiful (Remixes),2016-10-21,EDM - pop remixes,0cvVad4XizGbOS0vlwZYS5,edm,pop edm,0.677,0.826,0,-4.88,1,0.0474,0.0139,1.91e-06,0.109,0.167,101.992,199560
6gj08XDlv9Duc2fPOxUmVD,Lips Are Movin,Meghan Trainor,67,5W98Ab4VvQEuFEE4TIe5fE,Title (Deluxe),2015-01-09,Post Teen Pop,2Aud8PXoTGcyY5esHu4Aaz,pop,post-teen pop,0.775,0.825,7,-5.402,1,0.0464,0.0506,1.03e-06,0.111,0.95,139.091,182667
7k5lLjCSnyUB4S1LRvD3I4,Here We Go Again! - Extended,Portrait,13,6DKXPsDRHLJeGDqjSnVNFi,Portrait,1992-01-01,New Jack City,6RLvj5OnEuPzI1P02KwnzK,r&b,new jack swing,0.67,0.679,6,-10.108,1,0.0439,0.000105,0.267,0.0643,0.563,104.883,321027
1ULa3GfdMKs0MfRpm6xVlu,We Dem Boyz,Wiz Khalifa,67,2pl9PVgr8QFKRGY0HY69GI,Blacc Hollywood (Deluxe),2014-08-19,HIP&HOP,5DyJsJZOpMJh34WvUrQzMV,rap,southern hip hop,0.717,0.862,8,-4.736,1,0.054,0.00689,0.0,0.321,0.52,130.021,224933
57MflfPN3ObQQAQtPUp0WF,Romeo and Juliet,Dire Straits,54,7yTjsInNdNQJAlXAboi1nh,Making Movies,1980-10-17,Classic Rock Retrogamer,6gUFdcGzKAHyDXY9TKC6cP,rock,classic rock,0.602,0.574,5,-8.169,1,0.0278,0.437,0.00415,0.0751,0.486,87.318,361395
1106NpuH96tUmf53qlKsoA,Tire Loma da Nigbehin,Monomono,35,1wmnnD0JYdybQhfmis8CxK,Tire Loma Da Nigbehin,2011-07-17,Afro Psychedelica,37i9dQZF1DWVyizF9BJ61m,rock,classic rock,0.571,0.645,11,-8.012,0,0.0526,0.621,0.000317,0.0953,0.733,108.311,288707
0D1mT1OcWVqqFg629clZZc,Monsters in Your Bedroom,Tertia May,3,0T38BbSP8f30R1Fq54Sx2h,Monsters in Your Bedroom,2018-04-20,Neo-Soul Guitar,0aS9YCNTNrDiMNa9tT49RG,r&b,neo soul,0.649,0.514,10,-7.448,0,0.045,0.076,1.41e-05,0.182,0.233,52.654,164051
5som7RgLrVXCadUrHxCIIF,La Grange - 2005 Remaster,ZZ Top,24,49D5PPfPX1k8jg9DUI2gHT,The Complete Studio Albums (1970 - 1990),2013-06-07,70s Hard Rock,6pZlZ20vt3aDjIKw98aBtQ,rock,hard rock,0.545,0.64,4,-9.937,0,0.224,0.00249,0.0304,0.196,0.606,80.544,230480
4P0EVqfv3bAlghLra4ueOv,Cada Dia Que Pasa,Guayacán Orquesta,55,0MMzGqy6fMEb6ktGTuxEm2,Sentimental de Punta a Punta,1990-01-01,Paraiso Tropical,37i9dQZF1DWYey22ryYM8U,latin,tropical,0.705,0.809,10,-5.779,0,0.0377,0.139,1.27e-06,0.123,0.567,89.966,297509
2Ig1hAuqb0dsBJ20cRd6EK,Wish You Well (feat. Trove),Famba,46,1jJWXm6BHBuTHlTXJmNLiI,Wish You Well (feat. Trove),2018-10-19,Electropop 2019,4Bi8VLtaSu0JILliif8lH6,pop,electropop,0.487,0.778,7,-4.914,1,0.137,0.0763,0.0,0.0434,0.584,100.039,181295
4VzCNmuj3f8RtWpSKFZiLp,Who Shot Ya? - 2005 Remaster,The Notorious B.I.G.,47,7zg9ZSOQtYLjWnvSawflg6,Born Again,1999,Gangsta Rap/90's Hip-Hop,39IFMVQdRNdb7kVfyTvHjM,rap,gangster rap,0.845,0.744,7,-4.886,1,0.277,0.194,0.0,0.549,0.645,91.693,228040
7KudYmtzoot2YcLltfM5Md,To Dago From LA,Proper Dos,11,60g28Cfk91fz5SUfLvcjT3,Overdose,2003,Chicano Rap,3o3xRXWMtBMezk0E3wmtGI,latin,latin hip hop,0.531,0.641,10,-7.105,0,0.438,0.714,0.0,0.119,0.551,90.058,232280
0I0CVZi0p78WJMDftfXeGM,Big Area,Then Jerico,0,7BhkuQP8sVujyP3BaFNwhN,The Big Area,1990-06-12,"Maxi Pop  GOLD (New Wave, Electropop, Synth Pop...)",2nRWtTI9a2LWjJ9Wy3JZs5,pop,electropop,0.578,0.821,10,-10.521,1,0.0354,0.128,0.000462,0.16,0.421,120.37,289933
4IYxcqhcFFJ025qfWJeulF,Ella Fuma,Plan B,71,7mtCJw2RCX3F6GlllYrDMX,Ella Fuma,2018-08-03,Latin Hip Hop & Rap Playlist 2019,6hIDPF658AhRbxr8HN7OeA,latin,latin hip hop,0.8,0.729,9,-2.897,0,0.144,0.101,0.0,0.316,0.836,171.976,271515
4wzscvBb9JkSfiet1A8UQu,Drugs,Anderson .Paak,41,2DOiha5oI19Dmw5M9ryHD8,Venice,2014-10-28,Urban/Trap - Contemporary RAP,5CK0fshHcik1vWyeCc0zat,r&b,urban contemporary,0.543,0.813,6,-6.194,0,0.0485,0.000663,0.0,0.308,0.328,174.07,292989
65SjaqhfKeFhmXprzlzyn4,Nostalgic,A R I Z O N A,69,1qnAzDoa24ZYCZDzmP74sL,ASYLUM,2019-10-11,2019 in Indie Poptimism,16RNbqnNCCLlBJti7JU5nc,pop,indie poptimism,0.691,0.538,0,-9.952,1,0.103,0.246,0.163,0.178,0.329,99.972,182668
6W7rpcXo9vWeDKY0HWM2e6,La Prision,Nengo Flow,63,4OeFISi4p063YN00yfbhxz,La Prision,2019-11-29,Flow Selecto,37i9dQZF1DX4OjfOteYnH8,rap,trap,0.563,0.783,10,-7.121,0,0.281,0.00836,3.97e-06,0.319,0.9,90.118,197347
4jirEQHdBMt94FCiRFR4wh,Saving This,HBz,34,1qD8c49b0ZrwFV5wjJSO9W,Saving This,2019-10-04,Bounce United,08QTrfsYYouffgnPjmllAQ,edm,big room,0.746,0.66,6,-7.396,0,0.247,0.00893,0.0166,0.139,0.285,128.066,170322
65iyI1iybyv5ecsfBHSdUf,Gangsta Nation,Westside Connection,66,2fsMp83A31t6nqp1TvV7OB,Terrorist Threats,2003-12-09,Southern California Hip Hop Primer,206vi9Q0p3juAU73flxPsz,rap,southern hip hop,0.843,0.7,9,-3.249,0,0.26,0.127,0.0,0.876,0.675,95.05,293053
0OsylRd3BPdrqKcy06am1w,A Little Less Conversation (feat. The Great Escape),Nebbra,57,5tJxQoBo8Gup2M4JLxzEYC,A Little Less Conversation (feat. The Great Escape),2019-12-06,Trap Nation,0NCspsyf0OS4BsPgGhkQXM,rap,trap,0.44,0.71,5,-6.093,0,0.131,0.567,0.000196,0.212,0.837,93.147,171474
0gH8MrEnV16R2YGzTHJpCZ,AMOR,Jonna Fraser,47,5otMiiTCoXNJlvOWnQNV2X,LION,2018-11-02,🔥🦁 GOOD VIBES ONLY 🦁🔥 // BROEDERLIEFDE || FRENNA || BROEDERS || HENKIE T  || BIZZEY || POKE \\,1d0fonZHpN4LYHTKbmNRbm,latin,latin hip hop,0.824,0.712,0,-6.797,1,0.0818,0.183,0.0,0.0958,0.553,89.971,183680
3t6j6WNv2OSn6qm5Vxynub,GPS,Maluma,65,391Aef4X78Ta4Y7XpRJw6q,GPS,2017-11-24,Trap Luv,37i9dQZF1DWTLxOkM7PwUb,rap,trap,0.841,0.629,4,-3.033,0,0.114,0.188,0.0,0.346,0.676,143.949,216307
4M1McbiEQSJmMyaGjWDXJm,Visa,TACONAFIDE,56,5OGcPC39VfTatSWprS0RGe,"Soma 0,5 mg",2018-04-13,Trap strefa,37i9dQZF1DWY3UKS6jvnxr,rap,trap,0.786,0.671,1,-6.65,1,0.175,0.32,0.0,0.105,0.351,94.992,208296
1foA2rJVr7vaBfFIDVeexw,Cake,Lloyd Banks,0,1WE6euIy0nzX0pULze37bY,Rotten Apple,2006-01-01,Gangster Rap | 100 % Gangster,2e0d7otcM1oyecfi3zZPWk,rap,gangster rap,0.553,0.862,9,-5.521,0,0.506,0.158,0.0,0.109,0.716,123.743,166253
5wBLDkxVvclanSitx5jq8e,Undead,Hollywood Undead,66,2UYxjXHKm1JDT6JA7OSeR6,Swan Songs,2008-09-02,Hard Rock Workout,6kXNv8J3HCYztxjOIUzApv,rock,hard rock,0.512,0.943,2,-5.185,0,0.106,0.0138,0.0,0.261,0.485,163.128,265053
3gy6JIMU5Z7e9Yswdv49fG,Decision (feat. Tyler Carter),ONE OK ROCK,47,5yyxuxoqWqmYIJcORvvnpL,35xxxv (Deluxe Edition),2015-09-25,ONE OK ROCK with Orchestra Japan Tour 2018 Setlist,2gt9IfM8ASNiDzqg5jKyR5,rock,album rock,0.364,0.912,2,-5.136,1,0.105,0.00116,0.0,0.0917,0.201,160.008,224667
3FS2e59gXFXrcg7sN2mL5z,Shots & Squats,Vigiland,10,4Vae2gJonOoTfqckhobNH1,Shots & Squats,2015-06-05,Epic Bass Drops,49EXQVXh5k1t8SOhmUeyU7,edm,big room,0.818,0.819,1,-5.052,1,0.116,0.00824,0.000392,0.225,0.279,128.02,171799
2XifeT4RLQS1HaqdgiXzd7,Walk Away,Tony Junior,0,4lHQ6yV9lTn0wtdwFt5Hi3,Walk Away,2016-07-11,BIG-ROOM NEVER DIES !,4QtO2XySphMOJt7pX0yaVi,edm,big room,0.66,0.853,8,-3.456,0,0.12,0.0517,0.0756,0.0382,0.507,128.007,172031
7HDpgbWMVzI8bEbdldw3cs,One Way (feat. T-Pain) - Bonus,6LACK,64,7iwGw8ob3YLqZrbKzGFnHi,FREE 6LACK,2016-11-18,PROJECT: Contemporary,6HaCi9bqaiuSZEDfCEmwyo,r&b,urban contemporary,0.425,0.406,4,-8.911,0,0.176,0.73,3.59e-06,0.107,0.124,184.061,286957
4D9QMZ3n8OupOPdxU0MMBS,Make A Move,EMMA WAHLIN,45,2wyItp4YIkkGJa3NqL0hoh,Make A Move,2019-02-06,Best of 2019 Dance Pop: Japan,37i9dQZF1DXdOtZGKonFlM,pop,dance pop,0.822,0.591,9,-6.615,0,0.0515,0.0133,0.147,0.114,0.384,124.015,189147
0bxIveXLEDuH8W9fQL9xap,Tsunami,DVBBS,34,7q4BBfHikW3y7CvjQK3QGL,Tsunami,2013-09-07,Big Room House,7vJOXFe40axY7qS39vGDyH,edm,big room,0.699,0.839,4,-5.353,0,0.0481,0.0483,0.655,0.0897,0.264,128.026,236706
00i0O74dXdaKKdCrqHnfXm,La Mordidita,Ricky Martin,69,375cUd86z58eqXN2yW3Do9,A Quien Quiera Escuchar (Deluxe Edition),2015-02-10,Fiesta Latina Mix 🎈🎉💃🏻🕺🏻☀️🏖,2kY6lVc5EcVfI5WNKmPQQG,latin,latin pop,0.725,0.903,0,-2.955,1,0.0658,0.0344,0.0,0.183,0.946,142.006,211680
2APxijdVoN8AIrS1AuCMAT,Dirty South,Upchurch,55,5zs0aZqLLGTCZFgRa0idoI,Creeker,2018-02-12,Southern soul & hip hop,4xJULuV0P5PLcMe3xP8Pgj,rap,southern hip hop,0.583,0.459,9,-8.422,0,0.0304,0.239,0.0,0.111,0.357,99.809,169506
5IQ3uotT6Xs3AegNedhZfL,Booti Call,Blackstreet,0,3VYLCiqzrWiQPXSSddpYqk,Blackstreet,1994-01-01,90's NEW JACK SWING,0dmInkymNnOTWvEFamSNzb,r&b,new jack swing,0.87,0.92,9,-2.858,0,0.0538,0.00819,0.000838,0.083,0.852,99.123,266493
32B1GPGcPvCSF6hjlp2fzL,Lentamente,J Alvarez,15,7G14teUPX7nLpBNidbh4nh,De Camino Pa' la Cima Reloaded 2.0,2015-01-27,REGGAETON VIEJO,31hG19URdBvLEpQWKFYfdD,latin,reggaeton,0.638,0.731,2,-6.211,0,0.0596,0.224,0.0,0.155,0.456,172.11,227120
5oUg1GpldQiHaMlfAV05tL,Kadak Ban,Emiway Bantai,51,7ALI8MWskeKM2KqzFF48DJ,Kadak Ban,2018-07-27,RAP 91,37i9dQZF1DX1ct2TQrAvRf,rap,hip hop,0.675,0.689,1,-11.481,1,0.407,0.00898,0.0,0.154,0.789,197.891,134500
32Kmk71OPA0laee858aZoV,Love Da Way,JonEcks,37,0RheOpJbtpT1A7SDPbprEl,Hearing Colors Tasting Sounds,2019-01-31,Viral Southern Hip Hop,0DdGqNa18DwYyfIR05OrW1,rap,southern hip hop,0.836,0.377,2,-4.731,0,0.289,0.0446,0.000536,0.311,0.67,94.838,141505
5yEwEUGYpCWsSOC0rm8gFJ,Lido Shuffle,Boz Scaggs,43,5uniuttzg7zsjDvqmvvyDU,Hits!,2006,Classic Rock,5BygwTQ3OrbiwVsQhXFHMz,rock,classic rock,0.59,0.785,10,-4.728,1,0.0341,0.0172,0.000215,0.114,0.674,141.18,223520
7mN0AL5ZsYMxJOftvVclOi,Dream On,Aerosmith,37,4HxV2LEGimmJoD65yllfSL,Pandora's Box,1991-11-19,Classic Rock Greatest Hits,6TeyryiZ2UEf3CbLXyztFA,rock,classic rock,0.399,0.362,5,-12.123,0,0.0249,0.446,0.000119,0.327,0.194,80.541,265800
3iyZRwIGmyXvdZMoxOlur7,My Buddy,G-Unit,53,0BolFrIcCXXppUK50ETvgy,Beg For Mercy,2003-01-01,GTA San Andreas Radio Los Santos,6m0BqpJfSP2m5xCOFjDRHw,rap,gangster rap,0.646,0.927,6,-3.925,1,0.368,0.0428,0.0,0.306,0.605,98.389,224627
6wyr4ReB05D9sJB1Rsmcqo,Chicken Noodle Soup (feat. Becky G),j-hope,76,76IRLp7YzBVLKsat6Ro9ae,Chicken Noodle Soup (feat. Becky G),2019-09-27,indie poptimism🕺🏻,6MQeEHHDs6HQkN5Dlj3oKo,pop,indie poptimism,0.826,0.817,2,-4.081,1,0.0921,0.00502,1.09e-05,0.294,0.168,97.053,235497
0y60itmpH0aPKsFiGxmtnh,Wait a Minute!,WILLOW,78,0wfne2JijoxJm0qzJd3V5h,ARDIPITHECUS,2015-01-11,NEO-soul,3q3M4VCymcMoxJ3Tl7mRqN,r&b,neo soul,0.764,0.705,3,-5.279,0,0.0278,0.0371,1.94e-05,0.0943,0.672,101.003,196520
5m7nNrNPOwpxT15ksFIGSE,Shy,Brijs,33,06b5my5EGxEZE18EiI7avG,Friends,2015-09-04,Electro Posé - Discoveries,6nZaTh6K1SwhdELFTmA99C,edm,electro house,0.79,0.549,2,-5.913,1,0.0475,0.784,0.492,0.0982,0.592,126.056,227738
2Fg2cN1wHQslgpwXzLY4We,Un Beso,Baby Rasta & Gringo,53,0o3uVUoqS0U8obVUObNwr8,Los Cotizados,2015-08-21,Fiesta Latina Mix 🎈🎉💃🏻🕺🏻☀️🏖,2kY6lVc5EcVfI5WNKmPQQG,latin,latin pop,0.824,0.699,8,-6.278,1,0.0987,0.243,5.9e-06,0.264,0.786,88.001,201893
528CAH5pTLq86oZ52fHifA,The Flame,Cheap Trick,62,1aYjx4tcmci0lYwT5sKgvM,Lap Of Luxury,1988-04-12,Rock Ballads 80s 90s | Best Rock Love Songs 80's 90's Music Hits,0y8MUle9Lf8VDNjPsskzJB,rock,hard rock,0.629,0.581,4,-11.856,1,0.027,0.513,2.06e-06,0.0755,0.359,97.074,338800
1KqpIQGNINpG0hDdbB9Pif,Fireflies - Live From Spotify NYC,Owl City,29,4CBXCmYz1Rc5MAN6aAwjZy,Spotify Sessions,2012-01-01,Unplugged Hits 📣,5NTm3injIRkUMROsZr3C2O,latin,latin pop,0.398,0.529,11,-10.085,1,0.0965,0.547,0.0,0.744,0.696,153.704,293507
0mYslGmbnkbxuyr0ISIYtB,Lucky,Choker,63,1NHlnn47gB3IrP9fwahcjF,Forever & A Few,2019-02-08,Ultimate Indie Presents... Best Indie Tracks of the 2010s,37i9dQZF1DWTHM4kX49UKs,pop,dance pop,0.477,0.328,4,-8.458,1,0.0658,0.906,7.36e-06,0.262,0.283,174.143,251034
1G586ld1gbaECg4Bc6w40O,No Me Acuerdo,Thalía,75,2vcyOtFtWOYuQ6j4AH2FIG,Valiente,2018-11-09,Pop Latino 2019 - Mix Canciones Reggaeton & Pop Latino - Pop En Español 2019 Musica Para Bailar,5ifDekrUt5lbSIMTSzNNqB,latin,latin pop,0.837,0.784,7,-4.531,0,0.101,0.175,0.0,0.0897,0.748,94.036,217653
2LEBkdbw0xrvGDEJXaqsPa,Young Love,Martin Silence,38,47VMxFLFflwZqtN188RlhN,Young Love,2019-09-20,EDM 2019,1T0ed6Mg0QIruHvcoWWIKy,edm,pop edm,0.765,0.838,8,-4.393,1,0.032,0.00526,1.61e-05,0.108,0.42,125.963,148584
5qhlC4Rzals34zxovrPzKp,Ice Box,Omarion,63,2dGxINFRaJEwDRXohf5gTE,21,2006-12-26,90s/00s Hip Hop & RnB,0Ar0Ng9DlAWZtSPBvOQgOa,r&b,hip pop,0.775,0.731,8,-5.446,1,0.134,0.189,0.0,0.129,0.821,131.105,256427
5WoSLxk3XGNjmXNI7pW43f,Black Joke,CASIOPEA,0,5XCOTqG63V60nS82PmqMBe,Asian Dreamer,2010-08-10,City Pop 1985 シティーポップ,3j2osvmecEao5nmo9jZ5df,rock,album rock,0.693,0.599,7,-13.193,1,0.0358,0.508,0.94,0.151,0.849,108.087,232440
55IOt0T1KbTgWpsliVyaWo,Everyday Is Halloween,Ministry,35,7tfj1GYjw43PPDqoo8eAOW,Very Best of Fixes & Remixes,2011-11-09,"""Permanent Wave""",3HjTMn6O6adW8vcSMnqmhw,rock,permanent wave,0.743,0.759,6,-11.752,1,0.0352,0.000106,0.00253,0.0493,0.74,114.617,384733
2l6OSPrtmrcXMLdBbzD6JG,The Night - Radio Edit,3LAU,32,5mhWp37mZ6FQCAZrbqF1HB,The Night (Radio Edit),2015-01-16,Vocal House,5PCAWKfUWAUj8VeY8G7xRQ,edm,progressive electro house,0.532,0.947,10,-3.718,1,0.228,0.119,0.00264,0.504,0.39,127.944,180938
3fgNmvYq0QU5aFHDUMa4cm,Unleash (Life In Color Anthem 2014) - Original Mix,Adventure Club,0,4qzYTF7mwcWMbEFdw5qcHB,Unleash,2014-04-16,♥ EDM LOVE 2020,6jI1gFr6ANFtT8MmTvA2Ux,edm,progressive electro house,0.701,0.607,1,-4.514,0,0.0547,0.00444,4.09e-05,0.0433,0.342,127.979,331000
6zpCJDhdpHPZCcFCJZDqX5,High You Are,What So Not,62,5FAFTIaf9DBYcmDkYB3F3g,High You Are (Remixes),2013-10-08,Indie Poptimism,2QiMewRbSavfZ9MSAYz2h6,pop,indie poptimism,0.69,0.857,10,-5.613,1,0.0405,0.0557,0.11,0.0341,0.409,136.99,213340
6q9XTgfWilsnyiFofvYrIF,"Garmi (From ""Street Dancer 3D"") (feat. Varun Dhawan)",Badshah,71,6NYmsKroUtthf1XpzGSCx7,"Garmi (From ""Street Dancer 3D"")",2019-12-26,Global X,37i9dQZF1DWUxHPh2rEiHr,latin,latin pop,0.788,0.87,9,-5.217,1,0.177,0.123,1.43e-05,0.0692,0.884,109.974,182739
06Y4G78xvsbwnwAbsLC01K,Buscándote - Radio Edit,Mike Bahía,3,7Mr05L5Uq1gpu99MqT48ZR,Buscándote,2014-01-22,MIX LATIN POP°,6IS6XTdbS9qJZgfjNKgpB8,latin,latin pop,0.661,0.727,9,-5.237,1,0.222,0.137,0.0,0.0927,0.597,188.085,241995
0XHGKdViVybbZKqEZ2tXqV,Beds Are Burning,Midnight Oil,41,50uAGUoLjDf15dcmP8xsqK,Diesel And Dust,1986,Permanent Wave CHDB,2foj4ZYVHRGqSd1aMqNPBj,rock,permanent wave,0.758,0.41,0,-11.8,1,0.0404,0.0129,0.000102,0.0875,0.34,119.197,254627
2zMXH5k5NZy1Nw460bLvRh,Take Me Home (feat. Bebe Rexha),Cash Cash,58,1TgJXcoFJ7BN0NiViN7wtx,"Blood, Sweat & 3 Years",2016-06-24,Pop EDM,5EgzhnSirHRvu1AqlFLllv,edm,pop edm,0.571,0.903,7,-2.184,1,0.214,0.0615,1.23e-06,0.186,0.477,127.951,206320
4ogp5UEEagtt5gbM1QDgTY,Miss You,Gabrielle Aplin,0,7kZZKJMAhbwZ7qVwGRk1Xk,Miss You,2016-11-09,Deep-deep Bubble Pop,744VClUYfFnZCDPcOUkg5G,pop,indie poptimism,0.577,0.761,9,-5.388,1,0.0382,0.188,0.0,0.103,0.366,100.806,197685
1mMFvnyJ3kjfq0PvUklgoM,Scruffy,Dutty Moonshine,37,7LHG1Q13Jp80EL5FJgC521,Scruffy EP,2012-08-05,Electro Swing,3Dr4NKbsFQ2m7tmPxGRroO,edm,electro house,0.75,0.796,10,-5.968,0,0.146,0.00679,0.0,0.347,0.6,101.03,211879
5c7UATnb0XfIbyIHHfgIMb,Error 404 - Original Mix,Martin Garrix,0,41Q52HSJVbtcG9IOtWeyHD,Error 404,2013-03-18,Big Room House | Festival Bangers,5Bx5niVgi3qGQQw06C0RKq,edm,big room,0.673,0.862,2,-7.102,1,0.0887,0.000203,0.794,0.0442,0.285,127.983,333760
0w5Rwt6LQkzkp3nDmzDXUB,Friday (feat. Mané Fernandes),Farnell Newton,12,5Hi5af8AUDKTuoNCF5VtOR,7 Days of Rain,2019-03-15,NEO SOUL GUITAR,0r5ojPhjqGVq21oQR13UJy,r&b,neo soul,0.665,0.364,6,-10.634,0,0.0433,0.665,0.378,0.153,0.364,77.989,185017
7c8vaoaPChZNEFEPWoAQ4i,The Offering,Sleep Token,2,5dSl04wZKKLyf6Z5LvvAkE,The Offering,2019-07-04,Rock Hard,37i9dQZF1DWWJOmJ7nRx0C,rock,hard rock,0.48,0.861,6,-6.836,1,0.0477,0.00329,0.0559,0.0907,0.377,135.055,349653
7i38EXhbFJjF5tGvTsJMmx,Otro Día Más Sin Verte,Jon Secada,62,1duV6ATgfQWMvjNyfHmxZL,Jon Secada,1992-01-01,Latin Pop Classics,37i9dQZF1DX6ThddIjWuGT,latin,latin pop,0.747,0.67,1,-10.379,1,0.0287,0.0165,7.92e-05,0.0499,0.691,105.908,327240
6Y6f7LSvHxUA61ItYiSMKE,Money On My Mind,Lil Wayne,51,7slHgsEMuJfnuft5LAPyw6,Tha Carter II,2005-01-01,Southern Hip Hop,57sYMLFXGD4ZqizzcMD7lz,rap,southern hip hop,0.536,0.771,1,-6.503,0,0.369,0.0126,0.0,0.11,0.66,152.174,271573
1rKBOL9kJfX1Y4C3QaOvRH,Boyfriend,Big Time Rush,62,2RjFzASjHZG1lUbCKqUahx,BTR,2010-10-11,The Sound of Post-Teen Pop,10FCW9lj0NdeoYI5VVvVtY,pop,post-teen pop,0.614,0.857,1,-4.171,0,0.111,0.0987,0.0,0.177,0.677,164.146,201040
10BQIOZ8dhGwOOGBVA97qz,Always The Sun - Sunny Side Up Mix,The Stranglers,50,6vaA6gtaY9kZJT97F2v4zP,10,1990-03-14,"Maxi Pop  GOLD (New Wave, Electropop, Synth Pop...)",2nRWtTI9a2LWjJ9Wy3JZs5,pop,electropop,0.561,0.868,2,-4.146,1,0.0464,0.00585,0.0275,0.105,0.795,133.362,243053
62x93blgkWEz6Huop8eSQA,Band Plays On,Lil Wyte,59,0dE86L3lCP52MRnPjUOTtf,No Filter,2013-07-16,The Sound of Southern Hip Hop,18jT9NMRZifv6cMtK2jWD4,rap,southern hip hop,0.802,0.794,11,-5.054,0,0.196,0.00282,0.0,0.0927,0.633,152.571,221053
0M0FvSNRZmDz0Z769rewlI,Fire In My Soul,Oliver Heldens,70,06TsYXlEgyZa8Z8DkguJy5,Fire In My Soul,2018-10-26,Dance Pop Tunes,4SdfG4cPG3skmTiQLozZGh,pop,dance pop,0.592,0.977,6,-3.389,1,0.312,0.206,0.000103,0.0703,0.496,126.178,175254
4Uy3Q3h0VbWWyyiB1MmRoP,Perdóname,FMK,0,1ubG8FgnbKhzMT62uRl50W,Perdóname,2018-01-01,Trap Argentino - Trap Argentina,6ltss0ThreZ3uIMn5mr4Tm,rap,trap,0.686,0.411,10,-8.265,0,0.0401,0.207,1.42e-06,0.188,0.185,130.113,162574
41vJQDsgl1wgyAB7rIZrdF,Diva,Asmarani,34,3wOIaeGMwPVCeopPoMGnXS,Diva,2019-10-11,Waves Pop and EDM,64k01l4j6QtnZ8jMaI84AA,edm,pop edm,0.81,0.565,7,-10.379,0,0.212,0.565,0.0,0.157,0.665,112.977,155000
03eTzlfvTDaVEJqyL9CCLf,Noairleft,Lostiu.,47,2mB1bRtu1lMBi6bmSq3aYx,It'll Be Fine,2017-12-13,Lush Lofi,37i9dQZF1DXc8kgYqQLMfH,rap,hip hop,0.604,0.291,0,-13.967,1,0.392,0.798,0.889,0.144,0.111,78.066,110769
0NrK4sqr5wcvgSIaYcxSID,Rider,Future,32,56P7aZkTGJGsYGe0DH7mqA,Astronaut Status,2012-01-17,Southern Hip Hop,57sYMLFXGD4ZqizzcMD7lz,rap,southern hip hop,0.641,0.679,5,-6.94,1,0.118,0.00433,1.18e-06,0.216,0.339,125.04,235493
0V3hcG44S4Qg5QgJfQgrEq,Moving Mountains (feat. Ollie Green) - GATTÜSO Remix,Disco Fries,36,3cPMzHoZFWnBKeOUVMCTrq,Moving Mountains (feat. Ollie Green) [GATTÜSO Remix],2019-10-25,Electro House Top Tracks,1G0q0NK7g3C0XerNqq7GbL,edm,electro house,0.641,0.925,0,-5.642,0,0.0376,0.0474,2.99e-05,0.159,0.617,121.963,182296
0rRjGruFonCGOt0S5zAJNQ,The Other Side Of Paradise,Glass Animals,68,6qb9MDR0lfsN9a2pw77uJy,How To Be A Human Being,2016-08-26,Electropop,2Z5cPJ6Z4EVZAfF08amjvL,pop,electropop,0.689,0.338,11,-7.634,0,0.0629,0.349,5.7e-05,0.0649,0.568,128.012,320654
4liHM874gKPYnsqmdOYBZA,Syrup & Honey,Duffy,0,5Mxz1P0qfXLR6SgE6xbyBb,Rockferry (Deluxe Edition),2008,Sexy Soul 2020,5EMARioe9z9eKOeWIAC2JW,r&b,neo soul,0.464,0.24,2,-12.213,1,0.0456,0.941,0.000137,0.322,0.287,90.972,198120
7iNGGLUS7x4RA6IM0De2R9,W/As My Girl,Maxwell,36,3Ul8Nyuzr2AEwE8iSrQepC,Now,2001-08-14,Neo Soul Music,78RRvktrPMSqAoCI21mNOe,r&b,neo soul,0.673,0.456,4,-10.079,0,0.0384,0.12,0.00373,0.0794,0.32,83.08,191587
3cXiUuiGpFmZ8OdAWKk8Ck,Lick It Up,KISS,63,0dD1SMOKBDV1qBadcovw30,Lick It Up,1983-09-18,’80s Hard Rock,37i9dQZF1DX68H8ZujdnN7,rock,hard rock,0.681,0.773,2,-6.051,1,0.058,0.179,1.83e-05,0.311,0.547,120.276,236640
34xTFwjPQ1dC6uJmleno7x,Godspeed,Frank Ocean,66,3mH6qwIy9crq0I9YQbOuDf,Blonde,2016-08-20,Urban Contemporary,4425cRh83Uzor4qCRfM9lb,r&b,urban contemporary,0.421,0.0952,6,-12.561,1,0.0479,0.931,0.000201,0.126,0.0773,109.698,177922
5uMuhoTn8OvnqX3Tf9sbE8,Torn,Campsite Dream,49,1UIoXo5mMxG3BvXFuxRGLH,Torn,2017-10-13,Tropical House Run 190 BPM,37i9dQZF1DWSTc9FdySHtz,latin,tropical,0.602,0.719,3,-5.095,1,0.0769,0.383,0.0,0.121,0.503,95.873,187745
6CK4xXnpKHJQA4YFoQ6Ads,Why Can't This Be Love - 2004 Remaster,Van Halen,40,4RJcoQhc3aupccH9YnZ69o,The Very Best of Van Halen (UK Release),2004,Hard Rock Classics 1967-1991 (Party Edition),1NIX36ZFWEtgXSbSNghoue,rock,hard rock,0.54,0.82,7,-5.255,1,0.0977,0.0512,0.0,0.0835,0.55,88.469,228333
0BGDxbVSbFN9eKHFFbDNzL,Lose It All,James Carter,52,2WBBdgJrgij0EFmdXVCcYB,Lose It All,2019-06-14,Tropical House 2020,2oivDYqm1dQK4KbwVJTaf6,latin,tropical,0.321,0.756,0,-8.01,0,0.14,0.63,8.19e-05,0.117,0.256,173.931,174613
13P5rwmk2EsoFRIz9UCeh9,Cool Kids,Echosmith,70,1oHY6eQmEG8skElDvFgKz2,Talking Dreams (Deluxe Version),2013-10-04,Post Teen Pop,2Aud8PXoTGcyY5esHu4Aaz,pop,post-teen pop,0.719,0.671,8,-6.279,1,0.0336,0.0372,8.21e-06,0.12,0.786,130.027,237627
0RRf9mjsGknc7ttUnRGcNN,Land of Dust,Lowkey,0,4OlvPOdD2c9NAPPGu5G7qM,"Astral Wars, Vol. 1",2016-05-07,Underground Party | Hypnotic | Minimal | Acid | Big Room | Tech | Liquid,29jj7pQlDqnWclbHQk21Rq,edm,progressive electro house,0.768,0.576,0,-10.352,0,0.0576,0.000664,0.887,0.0905,0.105,125.003,482420
1ZpDPZU5LeMqqLAAOxqPMh,Marlboro,MiyaGi,3,1f2qL03S5lDaTXKsu3FUXl,Buster Keaton,2019-06-21,Russian Gangster Rap,0u0qLLE8MZc679RZWCk1TT,rap,gangster rap,0.561,0.515,2,-7.07,1,0.102,0.395,0.0156,0.17,0.0593,77.897,243422
7mEnJTh1DG1grTeGexAOjW,Cara de Niño,Jonathan Moly,42,6RnI6feTup3qel1geSPVPy,Cara de Niño,2019-11-15,Tropical Rising,37i9dQZF1DX07X8UDWKEwP,latin,tropical,0.703,0.884,0,-2.973,0,0.038,0.584,0.0,0.0726,0.926,100.016,213060
3uaVLkgDqlYy153yFBUVtl,Mustapha - Remastered 2011,Queen,43,2yuTRGIackbcReLUXOYBqU,Jazz (2011 Remaster),1978-11-10,The Queen - La Discografia Completa,3E88dLx4fgFYY70gdGzdnB,rock,album rock,0.595,0.628,5,-9.902,0,0.123,0.48,2.64e-06,0.0709,0.485,152.742,181027
6U1J1IBf0WrwKnUqoSuABj,Dance!,Macross 82-99,36,0puDyb8T7FDuUwz7kw96Xs,"Idols, Sakura",2017-03-10,Japanese Funk/Soul/NEO/Jazz/Acid,4zNayWuATXCAA9gaXvnFnq,r&b,neo soul,0.782,0.806,6,-6.659,0,0.0472,0.00101,0.833,0.0551,0.921,130.039,125627
0nVt6i1yKeYklt8GYNz1s1,Pimpin' Lyrics,Ron C,6,5AmiZZTOYlbYMpIa9c35wZ,Back On The Street,1992,Minitruckin Playlist,0VVH2Nzj6kBVGK3WIUQMAw,rap,southern hip hop,0.865,0.401,5,-12.873,1,0.376,0.00666,2.63e-05,0.105,0.433,161.844,255293
00ITtxUozN0vifE2uYvtqn,Let Me Entertain You - Remastered 2011,Queen,41,2yuTRGIackbcReLUXOYBqU,Jazz (2011 Remaster),1978-11-10,The Queen - La Discografia Completa,3E88dLx4fgFYY70gdGzdnB,rock,album rock,0.521,0.902,11,-4.826,0,0.197,0.0164,0.00105,0.737,0.592,104.708,181693
4egaPLMx5eZuXyOzf8R5Dw,Don't Do Me Like That,Tom Petty and the Heartbreakers,0,2KklDyeVcHHlI4doCqaols,Greatest Hits,1993-11-16,80s / Classic Rock,29dTrOurPDrMcrnio2q6hZ,rock,classic rock,0.764,0.673,0,-7.877,1,0.0265,0.142,3.07e-05,0.0958,0.963,116.1,162600
59mH1qOaKrtOGGOu8kCrxg,Apollo,Lookas,44,09xBCF6FldykTzONM324ti,Apollo,2015-07-07,Trap Nation 🔊,5aPwKjwNHr6dnCejLcPTVx,rap,trap,0.69,0.74,8,-5.509,0,0.0741,0.111,0.807,0.0899,0.363,144.935,268138
02tvc9CFnTyHuSRlGeNv9w,Corduroy Dreams,Rex Orange County,75,32wYrmt3fg2c8maA80Ioc2,Bcos U Will Never B Free,2016-11-07,indie poptimism,1E5VdGGWkpDQ682gdvJAZH,pop,indie poptimism,0.61,0.305,4,-14.037,1,0.053,0.653,0.0,0.103,0.222,113.818,206975
6urgMsfVicYs3mGUEcJg0m,Stuck In The Middle With You (Reservoir Dogs),Jim Hornsby,28,7CbtI4B2UbPKq4oYkqeGTQ,Tarantino Fiction,2010-11-01,70's Classic Rock,76lrxCrKrGDkDDf3SVPnl3,rock,classic rock,0.742,0.601,7,-12.162,1,0.0293,0.0697,1.11e-06,0.117,0.974,126.064,189813
21mCpc8m5SB22t8lgRXobR,Bottle In The Mix,Dozer,42,3Za4euYvcDmrts9PMX36kf,Bottle In The Mix,2019-01-14,💊ELECTRO-HOUSE-TECH💊,0AFYmoSuoMQiGGjzvBwr6u,edm,electro house,0.924,0.883,7,-3.169,1,0.241,0.0687,0.0316,0.136,0.693,125.984,187148
2x0sSVweABWBCS1nLYSyyd,Пидарасия,Yarmak,30,0xxxw2Lo9VDNTvrELrw9oy,ЯсЮТуба,2012-10-18,RUSSIAN Gangster Rap,0Jw0HckkxCfIrOvpN081eV,rap,gangster rap,0.753,0.846,4,-4.316,0,0.333,0.276,0.0,0.487,0.707,90.049,185078
2iQOfVX0N8aDmqQnS1cwCV,My Beat,Veerus,35,2togKg7SILFLakngUUqIK8,Suara Showroom 21,2014-02-10,💊ELECTRO-HOUSE-TECH💊,0AFYmoSuoMQiGGjzvBwr6u,edm,electro house,0.9,0.832,11,-7.691,0,0.0537,0.00368,0.783,0.0619,0.0353,124.99,417347
6oX2h5xIpkqcEhSionCoa2,Emerge,The Hunting Project,33,4x6EIYZNjcI78vWFu6U4Xd,I : The Hollowing,2019-11-08,Rock Hubspot,5hvf4yL105Rw6cvCP6AMjM,rock,hard rock,0.45,0.923,6,-3.912,1,0.0435,2.95e-05,0.00304,0.152,0.36,95.004,252409
5eTNdkstwKaNahHf41fJ9u,Hotter Than Hell,Dua Lipa,66,01sfgrNbnnPUEyz6GZYlt9,Dua Lipa (Deluxe),2017-06-02,ElectroPop,0cuHKz65ZPqBX1brG8djlg,pop,electropop,0.532,0.868,3,-4.23,0,0.0908,0.011,0.0,0.0584,0.529,110.127,187958
67bG5H7iT26q8ADWsfVWQM,Yo Te Quiero,Wisin & Yandel,16,6EREkQF1kzKOJJeBaXQDwK,El Disco De Reggaeton 04,2007-01-01,Reggaeton viejito🔥,0si5tw70PIgPkY1Eva6V8f,latin,reggaeton,0.819,0.677,3,-6.023,0,0.268,0.575,0.0,0.159,0.765,93.991,207307
72by3Re4C3eVEBXvsUo0zV,Green Light (feat. André 3000),John Legend,57,11sKu4dBGvmEZTuVw9EC9A,Evolver,2008-10-27,Neo Soul,2YPP7fiYu5pIcp2yyHvw4A,r&b,neo soul,0.622,0.882,9,-5.59,0,0.119,0.0912,0.0,0.216,0.762,77.506,284187
75zgOqcFLD5xWmm4wbTMsE,Bridging the Gap,Nas,0,3SITIrdryEpRSRvdEpRToQ,Greatest Hits,2007-11-06,Gangster Rap Workout,0ZRwrJ2EDGyKR6YgQPWXeO,rap,gangster rap,0.703,0.687,7,-7.104,1,0.389,0.0332,0.0,0.393,0.461,93.606,235613
0Lbw9FBbnN9vgiPWnD6Lrt,349,MINST,18,1pekDtlDDkzan59mOreZ5F,Det finns ingen ärlighet,2019-11-29,HARD ROCK Vibes,28817h8FTrRI4V40DqHVaB,rock,hard rock,0.497,0.715,3,-8.792,1,0.032,1.24e-05,0.357,0.301,0.366,109.041,224496
4YvETidb5UQMsMRj2PCv56,Journey Inside Yourself,Metronome,24,25Hjsl6D2nu4DCGTkkSZdC,Journey Inside Yourself,2017-11-24,Underground Party | Hypnotic | Minimal | Acid | Big Room | Tech | Liquid,29jj7pQlDqnWclbHQk21Rq,edm,progressive electro house,0.716,0.911,6,-7.105,0,0.0464,0.0245,0.809,0.0944,0.136,138.014,467081
2AXyvJVjAEWVhRFORkZtst,Tyto,Okwen,37,7jFqnrtkfi006FEw6iWC0P,Tyto,2019-07-19,Tropical Vibes,37i9dQZF1DX6RA5ZrA5a23,latin,tropical,0.832,0.756,5,-5.768,1,0.0575,0.57,0.792,0.261,0.143,118.012,222331
3GZD6HmiNUhxXYf8Gch723,Lost,Frank Ocean,67,392p3shh2jkxUxY2VHvlH8,channel ORANGE,2012-01-01,Urban Contemporary,4425cRh83Uzor4qCRfM9lb,r&b,urban contemporary,0.913,0.603,8,-4.892,1,0.226,0.0272,0.000503,0.167,0.497,123.061,234093
0BnZQnXONdXE0YoAPtHcrt,The End of the River,オメガトライブ,20,1ZluSoV6IVEiQxEfrnIYBB,Another Summer,1985-07-01,City Pop 1985 シティーポップ,3j2osvmecEao5nmo9jZ5df,rock,album rock,0.492,0.393,10,-8.907,1,0.0253,0.544,7.83e-06,0.136,0.154,73.885,308533
3Jg5nON0NCou25hp6zW6sw,Fugitivo,Maikel Delacalle,59,3Ml2x0cgQtg25yPIaANpZK,Fugitivo,2019-07-11,Todo Reggaeton,4csIMGPI3aGo3Xy7WG8jBi,latin,reggaeton,0.612,0.657,4,-7.577,0,0.187,0.0788,0.0,0.24,0.149,172.0,193000
2oy5kjcc7itM64xk00Gz2c,Pull The Trigger,Russ,64,2UPESFKRsKjf7KwLk4d2xm,Pull The Trigger,2016-08-23,PROJECT: Contemporary,6HaCi9bqaiuSZEDfCEmwyo,r&b,urban contemporary,0.623,0.651,4,-6.988,0,0.345,0.305,0.0,0.101,0.296,82.078,156560
1AgZA1lTtCXeIbhXrIup4W,From Me To You - Edit,Yolanda Be Cool,5,1oUmEpb1N5hk2F7pBTLUDC,From Me To You,2016-03-09,Tropical House,37i9dQZF1DX0AMssoUKCz7,latin,tropical,0.633,0.956,3,-2.26,1,0.0358,0.108,0.0402,0.0853,0.596,123.971,213086
3svP6woFniGpIEqEPziJPQ,Firecracker,The Baskervilles,14,7uYTG2N4fq9jUyO21qxtot,Firecracker,2019-12-06,HARD ROCK CAFE,55ybnG2z8rpTIerRfnCsw6,rock,hard rock,0.485,0.76,6,-5.872,0,0.0383,0.00239,1.2e-05,0.12,0.317,150.002,200854
7CaQbeNAccfyQrBQqu8X64,Hold On,French 79,43,3yzN5sQahqRFKNtDM2YZSO,Joshua,2019-11-08,Electropop And Play,7p30DzTAgW6OhspSXHTI88,pop,electropop,0.54,0.812,5,-8.336,1,0.0373,0.00436,0.954,0.11,0.0578,120.006,256008
4cuEaWyqrKxPaYq0570x4A,Ma Petite Tonkinoise (DJ Mibor Radio Edit) [feat. Nicolle Rochelle],Bart & Baker,20,40g8qwsEmb9k11QLtUsdO7,Electro Swing VII by Bart & Baker,2014-09-22,Electro Swing Top 100,5M7xLCQTYJL0lbKIrUn3a4,edm,electro house,0.834,0.699,9,-11.855,0,0.0757,0.0311,0.376,0.0587,0.607,126.01,179048
3pX3ku3Dep3Z5jQEYDR7PK,Go to Sleep,John De Sohn,50,7grm5QvXCDO3X7SQxUEYHJ,Go to Sleep,2018-04-06,New House   ‍,54XvQQsViMBwjO1ws2o2wx,edm,electro house,0.583,0.738,7,-5.209,1,0.0402,0.311,0.0,0.148,0.523,113.978,192084
1fLibtVj3MrNTwRZq5yUOs,Let's Go (feat. Big D & Twista),Trick Daddy,65,2Ve8rF1LYTRGl3ZAI2z2YT,Thug Matrimony: Married To The Streets,2004-10-26,The Sound of Southern Hip Hop,18jT9NMRZifv6cMtK2jWD4,rap,southern hip hop,0.748,0.767,11,-7.806,0,0.172,0.0267,0.0,0.334,0.519,133.929,222200
2CqMWqcHywYRvwzdw2Wh4P,Wannabe,Logic,7,6GeHCNwwqMMUrpxuGTRYcf,Confessions of a Dangerous Mind,2019-05-10,This Is Logic,37i9dQZF1DWTIuAboZgTMf,rap,hip hop,0.917,0.828,2,-7.551,1,0.0946,0.0959,0.0,0.0789,0.706,134.012,78800
1Dr1fXbc2IxaK1Mu8P8Khz,When I Come Around,Green Day,75,4uG8q3GPuWHQlRbswMIRS6,Dookie,1994-02-01,keg party jukebox,4PjiT7SWnUsTTTvKOuR76f,rock,permanent wave,0.531,0.909,11,-4.236,1,0.034,0.0175,0.0,0.231,0.814,97.546,178000
1wTH87zcNcR4vn1iJLDv0c,Last Name (feat. Lil Durk),Future,70,1Flk15mRdX2xl6buD6lYHq,Last Name (feat. Lil Durk),2019-11-15,New Hip Hop‏‏​​   ‍,5WNUX6jisX0NRlVDTm6RDd,r&b,urban contemporary,0.671,0.568,0,-6.48,1,0.421,0.17,0.0,0.139,0.336,113.296,209587
65kBozpV0xk8bAcWkv6f2P,The Look Of Love,Sr Pablo,42,5sotqlfCCYnFESCWhiaZx1,The Look Of Love,2017-08-31,HIP-HOP: Latin Rap ['89-present],5fWgI0IJ1el5NB1sZ0Egsx,latin,latin hip hop,0.615,0.557,2,-10.852,1,0.167,0.0562,0.0,0.0821,0.41,172.062,197772
2GB1Ioithgz8vsTk72joy8,Want Me (feat. Ky),MANI NBISH,19,0QatppYy2bR3kXlPtTCbMs,Dominatrix,2017-11-08,Hip pop,1Sc7bobknESH7SXQcnmoX5,r&b,hip pop,0.764,0.826,7,-5.993,1,0.119,0.201,0.0,0.405,0.849,104.986,224235
2QrXzOqLCVDRZHkToA0tSR,Never Go Back,Dennis Lloyd,74,5EqITahBSjWcU71mbhFPEf,Never Go Back,2019-02-15,2020 Hits & 2019  Hits – Top Global Tracks 🔥🔥🔥,4JkkvMpVl4lSioqQjeAL0q,latin,latin pop,0.421,0.653,9,-4.85,0,0.398,0.0135,0.0,0.114,0.733,78.6,175424
0yvxop3XdQyWStwvuYP4dw,CASH,BROCKHAMPTON,49,67smHJOf5YlFwad6dAlppm,SATURATION,2017-06-09,Urban Contemporary,4425cRh83Uzor4qCRfM9lb,r&b,urban contemporary,0.611,0.795,0,-8.59,0,0.0485,0.184,0.0313,0.321,0.396,75.015,195200
4ipa411bzP39RfrNdUcckN,If You Didn't Go,Kendra Morris,0,5VxutzD3q9osEK4OPJJF3m,Banshee,2014-01-27,NEO FUNK AND SOUL,2WbTrS5D0V2TW6DiDkJBru,r&b,neo soul,0.525,0.541,0,-9.092,0,0.0299,0.49,0.011,0.0935,0.503,139.909,286187
2m69mhnfQ1Oq6lGtXuYhgX,Only For You - Maor Levi Remix,Mat Zo,15,1fGrOkHnHJcStl14zNx8Jy,Only For You (Remixes),2014-01-01,♥ EDM LOVE 2020,6jI1gFr6ANFtT8MmTvA2Ux,edm,progressive electro house,0.626,0.888,2,-3.361,1,0.109,0.00792,0.127,0.343,0.308,128.008,367432
14MRu7f8L7mmHjmAdxVu5I,A Tribe Called Government,Jordan Rakei,4,6e2X313opvmQbWCvHdlADs,Groove Curse,2014-08-15,Soul Coffee (The Best Neo-Soul Mixtape ever),16iNEskDatG5KbDV16F6LR,r&b,neo soul,0.809,0.422,5,-11.005,0,0.325,0.236,0.000185,0.114,0.56,166.006,207597
4H4aA1Cg69dB46GWkK74mx,Swine,Lady Gaga,1,705K6lFN9wm3bifelyuQS4,ARTPOP,2013-01-01,◤ Hip Hop Dance Music – Urban – Trap – Breaking Locking Popping Bopping – WOD – World of Dance,0Hr2h94pKN8QAGVAgD6BsD,rap,southern hip hop,0.712,0.861,0,-3.625,1,0.136,0.0062,3.42e-05,0.634,0.209,127.89,268600
6kwAbEjseqBob48jCus7Sz,Elastic Heart,Sia,72,3xFSl9lIRaYXIYkIn3OIl9,1000 Forms Of Fear,2014-07-04,BALLARE - رقص,1CMvQ4Yr5DlYvYzI0Vc2UE,pop,post-teen pop,0.421,0.791,9,-4.998,1,0.0496,0.0117,1.48e-05,0.146,0.499,130.075,257200
7aTSCoasyZtoTFUPgG5SOC,The One - Joachim Garraud & David Guetta Remix,Sharam featuring Daniel Bedingfield,0,1FxUUcBHFTMAD6pts8Fy1W,Sensation Copenhagen 2008 - Ocean Of White,2008-10-27,Electro/Progressive/Club House,1HtnPDj2V126xB9tJP786P,edm,progressive electro house,0.74,0.582,5,-5.435,0,0.0609,0.000302,0.307,0.278,0.0705,130.01,472773
3CaMvLtGPGANUTBCJ5RkGV,Into The Wild,Kovan,39,5b9DSLvYWCx2L7JNEgd1VF,Into The Wild,2017-09-16,EDM TROPICAL,3pS63EDS40FVGYL41zAcU4,latin,tropical,0.542,0.845,4,-5.148,1,0.0491,0.162,0.0,0.594,0.227,128.068,194000
1fVzpydMREur3ZJYTiDSgq,All I Got Is You,Deep Purple,40,15nE1szoTUhzet5GUQnp4P,inFinite,2017-04-07,Classic Rock Now,37i9dQZF1DX0fWtUuB7bFE,rock,classic rock,0.377,0.913,4,-5.954,0,0.0565,0.000261,0.000434,0.0751,0.349,78.049,282427
6sMmjtWC8NbGokD3kg24Z3,Hit & Run,Liddy Clark,41,0bWrrgC8NqfL2OPjwhcGjM,Hit & Run,2019-11-22,Waves Pop and EDM,64k01l4j6QtnZ8jMaI84AA,edm,pop edm,0.581,0.74,11,-5.865,0,0.0307,0.0747,0.0,0.162,0.323,141.986,226000
2OJ2aLN8R1uO7XHFUcd2ob,Me Enamora - MTV Unplugged,Juanes,0,0FP3X2Uw9eE3cQwNvEjouI,Tr3s Presents Juanes MTV Unplugged,2012-01-01,Unplugged Hits 📣,5NTm3injIRkUMROsZr3C2O,latin,latin pop,0.474,0.847,2,-6.102,1,0.124,0.0508,0.0,0.966,0.535,188.206,200227
54IbnYEdA3ymfxv07WgN3b,Your Teeth In My Neck,Kali Uchis,60,4EPQtdq6vvwxuYeQTrwDVY,Isolation,2018-04-06,NEO-soul,3q3M4VCymcMoxJ3Tl7mRqN,r&b,neo soul,0.853,0.604,3,-5.794,0,0.0511,0.0696,1.65e-06,0.135,0.86,116.0,186181
6mEeutpoC30B6yALroRlFW,I Believe in a Thing Called Love,Branches,58,1YDm5Ooe4VB1QaiynDvJpN,Covers,2014-04-08,Bluegrass Covers,37i9dQZF1DX56crgoe4TG3,r&b,hip pop,0.605,0.596,9,-6.65,1,0.029,0.139,0.000554,0.101,0.119,126.066,184000
1jOwBtJjO0h4OcZC7jPTdB,On And On,Portrait,11,6u3Iystbl5WugW4181FFFg,Greatest Hits,2000-01-01,New Jack Swing/ R&B Hits: 1987 - 2002,4sji14lrB5bgcr51lPALYH,r&b,new jack swing,0.631,0.496,8,-13.559,1,0.0332,0.0539,0.0143,0.0831,0.595,149.024,332400
3za3hxbolwmy9AeUpWzuRE,Consejo de Amor,TINI,71,2RuYsBRCgFEantZkX83W2Y,Quiero Volver,2018-10-12,Latin Pop 2019,5wONX0lVyQE5XTxqjTUiUd,latin,latin pop,0.475,0.717,0,-6.712,1,0.102,0.194,0.0,0.101,0.646,83.873,199720
0MYLzCswPtYON4yYWmB4dx,I Gotta Feeling - Edit,The Black Eyed Peas,55,3AZ8syx3I7qwH8yCSZXhou,I Gotta Feeling (International Version),2009-01-01,School Dance 2019 (Squeaky Clean),0SqaMfNsngZCpPw0UuelA7,latin,latin hip hop,0.746,0.778,0,-6.17,1,0.0269,0.0486,0.0,0.0907,0.61,127.96,245667
1SNipdzMky2C2LwvoVRzsv,Elevate,Papa Roach,62,4C84G5bSOE7zK9m9eXMxkW,Elevate,2018-12-14,Hard Rock Workout,6kXNv8J3HCYztxjOIUzApv,rock,hard rock,0.666,0.775,2,-5.458,0,0.0979,0.0226,0.0,0.254,0.59,144.998,191565
5zH710lFSLtkHbMkslLDjR,Crazy On You,Heart,65,2N0AgtWbCmVoNUl2GN1opH,Dreamboat Annie,1975,70's Classic Rock,76lrxCrKrGDkDDf3SVPnl3,rock,classic rock,0.427,0.459,9,-12.442,0,0.0332,0.116,0.000103,0.132,0.383,129.878,293440
3TLzNuGRtUjv7uljs9axY6,Ain't No Sunshine,Max Oazo,50,0adrSWGtAAps26p39NQoZG,Ain't No Sunshine,2019-08-26,Tropical House Remixes 🍍 Tropical Remixes & Tropical Covers,3YdAwfgQLMS4AN2WjRfRlb,latin,tropical,0.837,0.616,10,-7.003,0,0.0417,0.0831,0.0108,0.0962,0.604,117.966,197288
2QECh0fEPnaTxRWsVBrUz7,Supa Star,Group Home,42,3fbcKscWKVKFcgdX1XaWFf,Livin' Proof,1995-01-01,90's Hip Hop Ultimate Collection,4IG024zoaGMurhTFBkMAv9,rap,southern hip hop,0.707,0.776,4,-7.378,0,0.278,0.0195,2.05e-06,0.216,0.379,91.283,321627
6ixkZ2Q9gQeh52C6GxbETg,Kids,Current Joys,64,7JNKAh8Cnao2VCKk33ilWB,Kids,2016-10-17,②⓪①⑨ mixed,2bOjjgN1S3Gqd8vSMyafvJ,rock,permanent wave,0.827,0.66,6,-9.669,1,0.0337,0.508,0.403,0.0756,0.904,113.449,269143
1gsb4CFzUMERAkfzAKwrZu,Siren,SUNMI,0,75eIP5pPvtQCB0bAz2TEsU,WARNING,2018-09-26,K-Party Dance Mix,37i9dQZF1DX4RDXswvP6Mj,pop,dance pop,0.605,0.894,9,-3.885,0,0.0385,0.0119,0.0,0.0887,0.545,122.051,197252
4Ua2SU25r2XCnT8CpmYAyM,Afro Beat Blues (Feat. Ojah),Hugh Masekela,2,3kAccw0xfJEIayWAiyvKI4,Presents the Chissa Years 1965-1975,2006-07-24,Afro Psychedelica,37i9dQZF1DWVyizF9BJ61m,rock,classic rock,0.778,0.83,10,-7.093,0,0.072,0.466,0.357,0.111,0.888,95.887,407160
4bAmAVdks2Y84VNVVLXFwN,Show Me Love - EDX Remix / Radio Edit,Sam Feldt,62,3Lyu7NctI2QfKiO6eLHjsb,Show Me Love (Remixes 2),2015-07-24,Tropical House,37i9dQZF1DX0AMssoUKCz7,latin,tropical,0.836,0.665,0,-5.779,1,0.0745,0.308,0.000925,0.0714,0.677,120.997,180336
4k7P2LIQco8YCVbIZl1vZB,Just Say Yes,Snow Patrol,60,1IN1tRZL4wr52v3iZBz4Qb,Up To Now,2009-01-01,②⓪①⑨ mixed,2bOjjgN1S3Gqd8vSMyafvJ,rock,permanent wave,0.54,0.887,9,-5.518,1,0.0324,0.0187,3.19e-05,0.0275,0.255,108.02,281347
09ceBjuAz0mIyxt8WZt2eu,About Last Night,Miguel Reyes,0,59DSFMXdeSihmremkTWjEL,May & Everything After,1996,Latin Hip Hop/Freestyle,2MYEUjX0YAI9dxrBDzoCK7,latin,latin hip hop,0.737,0.667,9,-13.51,0,0.0666,0.0156,0.82,0.158,0.948,120.061,307800
1Gzv0cMy3xm7sgN5gd7WkU,Sun Is Shining,Axwell /\ Ingrosso,11,73tAnNx5QNbVcCrpZQMf2i,Sun Is Shining,2015-06-12,"Electrónica, Progressive House, Electro House y más 🎧",0o5gKmuET7F3lQnpFxvPO8,edm,progressive electro house,0.474,0.756,2,-2.973,1,0.0518,0.0747,0.0,0.0693,0.413,131.84,255066
5HFPfp2p6V4pycGKaIMlIH,Make Luv,Room 5,52,79w6qhBCW7WrtJCNRUFh89,Music & You,2003-11-24,BALLARE - رقص,1CMvQ4Yr5DlYvYzI0Vc2UE,pop,post-teen pop,0.882,0.887,1,-4.91,1,0.116,0.0112,0.635,0.0345,0.657,124.81,212413
7jn2nokiUvPr350Sds0xjo,Scientology,Rick Ross,41,08XXyTmAv1vNghZS4p0ng2,Rather You Than Me,2017-03-17,Contemporary Hip Hop,68y3WoFJMMKDHUIpqCnoM3,rap,southern hip hop,0.451,0.836,1,-1.995,1,0.0649,0.188,0.0,0.883,0.437,81.988,155920
3LfHBTYZBTqmz43tvVXJBd,Deep,Summer Walker,67,4hTM8jZ8DCCqglmZUDMSPz,Last Day Of Summer,2018-10-19,Neo-Soul,1eqVgsNjaX6mxDPoefhocT,r&b,neo soul,0.646,0.335,3,-9.915,0,0.247,0.626,1.3e-05,0.107,0.419,167.927,92093
4Ag89Y7qSUrpxcgRtSzSam,D(R)Own,Ghostemane,58,4pzCKSWYNM2yUWrNvycC6e,Hexada,2017-09-05,< DARK TRAP >,19WuHd4MxWLzE1fpMmw4S4,rap,gangster rap,0.617,0.541,6,-4.113,1,0.78,0.125,0.0,0.369,0.43,79.998,107999
4E6cwWJWZw2zWf7VFbH7wf,Love Song,Sara Bareilles,75,2Z9WUERfMjOgQ6ze9TcGbF,Little Voice,2007-07-03,L' ALBUM ROCK,0jilq2XZP9F2fwzp2k6iXK,rock,album rock,0.583,0.786,2,-3.142,0,0.0301,0.0208,0.0,0.188,0.573,123.052,258827
5e6x5YRnMJIKvYpZxLqdpH,Fortunate Son,Creedence Clearwater Revival,16,4A8gFwqd9jTtnsNwUu3OQx,The Long Road Home - The Ultimate John Fogerty / Creedence Collection,2005-12-14,House Of The Rising Sun,1bMYfBHYBCRHY5LGkjlpSy,rock,album rock,0.636,0.746,0,-3.785,1,0.0393,0.0648,0.29,0.173,0.432,132.31,138053
795p3jKj5stjPf8IFpZkdD,ENTROPY,Daniel Caesar,63,4mvxoogQn8p84Wz17zTHnJ,CASE STUDY 01,2019-06-28,urban CONTEMPORARY,1nFfDHtp8RY3obgen8KODl,r&b,urban contemporary,0.642,0.527,2,-9.444,1,0.0534,0.808,4.28e-05,0.154,0.566,133.062,261291
3W1iDAW7PVwlMC2zJIKF0k,Gypsy Road,Cinderella,4,0DGiVv0CmN2elcLYSeiXPm,Long Cold Winter,1988,’80s Hard Rock,37i9dQZF1DX68H8ZujdnN7,rock,hard rock,0.523,0.88,9,-9.019,1,0.0402,0.00961,0.000828,0.329,0.553,132.426,235733
1iLBWOFDhSgyzJZ4gTGpnh,Nowhere Girl (Extended),B-Movie,0,5Siw6e1yzaXexDWjvwPfIX,Climate Of Fear - Deluxe Edition,2016-03-18,"Maxi Pop  GOLD (New Wave, Electropop, Synth Pop...)",2nRWtTI9a2LWjJ9Wy3JZs5,pop,electropop,0.596,0.742,2,-8.003,0,0.0321,0.00263,0.0467,0.0733,0.843,146.483,388013
2uF9MllYoEuXzUnMudZG4c,"Everyday, Everyday (feat. Nevve)",Manila Killa,0,1mkYtDUqknlmk67znOMgqD,"Everyday, Everyday (feat. Nevve)",2018-01-26,Pop EDM,5EgzhnSirHRvu1AqlFLllv,edm,pop edm,0.327,0.698,1,-5.136,1,0.0428,0.0254,0.0,0.0849,0.256,92.289,219497
5fSDXbY8o9pA3TKwAbfwML,Mi primer millon,Bacilos,69,2bM009J81OBNisrMbFwBJj,Caraluna,2002-06-25,TROPICAL🌴,0TT57Pe3RZNGCy98G1UQpM,latin,tropical,0.745,0.924,5,-3.898,1,0.0355,0.201,5.01e-05,0.121,0.909,103.033,237387
1XoPyLfeY1ICagE5j8jOTm,Cyclone,Trove,50,349EUmgAplrjdYp6RujnuO,Trove,2020-01-03,The Pulse of Indie Poptimism,5qFXOOxrQVyS4UCq3UilZN,pop,indie poptimism,0.518,0.774,5,-6.973,0,0.158,0.0783,0.0,0.152,0.69,91.982,204946
2Y0yBNDLT7BXPGRd96aBd2,Into Your Arms,Kxa,37,3NKkvP0OBpje4g6Pc9oI3Y,Into Your Arms,2019-07-19,Electropop - Pop,5TiiHps0hNCyQ6ijVkNZQs,pop,electropop,0.55,0.712,10,-7.553,1,0.0628,0.267,0.0,0.132,0.373,145.168,187103
51w9Jbat1pLeWINGCpnQUR,TAlk tO Me (with Rich The Kid feat. Lil Wayne) - Remix,Tory Lanez,73,5gj88AvRakDbbIUtC7cDzZ,TAlk tO Me (with Rich The Kid feat. Lil Wayne) [Remix],2018-11-27,Hip-Hop Favourites,37i9dQZF1DX48TTZL62Yht,rap,hip hop,0.698,0.66,0,-7.883,1,0.052,0.0226,0.0,0.0622,0.451,159.949,248521
0C3QADQBYFjcSeU8bY7Oex,Simple Hit,Dombresky,55,4cNRNpj5a81e2iF5cIb1n5,Simple Hit,2019-05-03,Pop Dance Hits,7eERKCkgNKCCx5GYdeMIZf,pop,dance pop,0.631,0.951,5,-6.203,1,0.0439,0.108,0.836,0.173,0.703,124.007,219715
5N5hZYTM1yEFUw29fLWuaI,Everybody,Borgeous,42,32LkH1jXB0Vu6Fx7IGs153,Lights Out,2019-08-16,Trap Mojito,37i9dQZF1DX1OIMC8iDi74,rap,trap,0.639,0.893,1,-4.949,1,0.311,0.0796,0.0303,0.103,0.594,154.971,230710
3J1HvoU2tJvAsKaUNJYpEY,Feel It,LOOPERS,44,6CZAdvjt29H9IBTpnaj7fF,Feel It,2019-04-19,Electro House,6k45gxiQhfVqACfIdqONsC,edm,electro house,0.789,0.921,0,-2.195,1,0.0979,0.00601,0.868,0.129,0.302,128.004,157734
40AWFoIxJs2E1I0HM9hWPE,We Come - Radio Edit,Boehm,5,5WTmwkdMKPTgzlwYc93mHG,We Come,2016-01-26,Tropical Morning,0vbtbmyihyvl2MVYrdKdGw,latin,tropical,0.652,0.862,6,-5.155,0,0.0264,0.0453,0.000469,0.0565,0.266,122.044,216393
6eIacmhkE82vZlMDnGS7aP,Bad (feat. Vassy) - Radio Edit,David Guetta,65,77UW17CZFyCaRLHdHeofZu,Listen,2014-11-21,ELECTROPOP,2UsEj2GUukV0GLbsE3rldz,pop,electropop,0.614,0.972,5,-3.927,0,0.088,0.00125,0.0186,0.328,0.411,127.966,170625
0gT00heO9IfOUFwdkcIOVH,Know Til Now - Pixelated Remix,Jim James,0,006XcK33PV5wCV9g629nYA,A.E.I.O.U.R.E.M.I.X.E.S,2013-01-01,NEO FUNK AND SOUL,2WbTrS5D0V2TW6DiDkJBru,r&b,neo soul,0.746,0.723,9,-6.189,0,0.0402,0.142,0.109,0.307,0.538,108.003,384987
7MbjEnJbjyMp7KHxbpklO1,Take Me,CASIOPEA,0,5XCOTqG63V60nS82PmqMBe,Asian Dreamer,2010-08-10,City Pop 1985 シティーポップ,3j2osvmecEao5nmo9jZ5df,rock,album rock,0.664,0.609,0,-12.835,1,0.0366,0.331,0.877,0.108,0.601,98.071,294467
4gbVRS8gloEluzf0GzDOFc,Maps,Maroon 5,76,2Auw0pTT6EcQdvHNimhLQI,V,2015-05-15,Dr. Q's Prescription Playlist💊,6jAPdgY9XmxC9cgkXAVmVv,pop,post-teen pop,0.742,0.713,1,-5.522,0,0.0303,0.0205,0.0,0.059,0.879,120.032,189960
4nAN5NfNT2eLgmsAa0Xm6w,Counter Human Emotion,Set Mo,37,45uZ5X6Vx5m2hJXZeE2pTD,Surrender,2019-02-01,Deep Electronic Music 2020 & Progressive House,5CMvAWTlDPdZnkleiTHyyo,edm,progressive electro house,0.59,0.847,2,-5.116,0,0.0269,0.00732,0.495,0.0672,0.0745,120.012,244918
3bwTJkrpfZIajReDnX1vVn,I Luh God (feat. Big Shizz),Erica Campbell,0,6ovRbwijSiDwYB8H5eg52M,Help 2.0,2015-03-31,Gospel,0pItJZBDZFvgAOdFnSITnJ,r&b,urban contemporary,0.649,0.572,11,-7.455,1,0.147,0.00277,9.52e-05,0.094,0.346,151.794,188671
6nTcn8CybBcx0t7IaXEJ6O,Thank God I Found You (feat. Joe & Nas) - Make It Last Remix Edit,Mariah Carey,43,6zuCJaxmHKNKN5hMDF556U,My Name Is Joe,2000-04-18,R&B 80's/90's/00's,2Ey63yNQeC9Yto7JwX9BGJ,r&b,new jack swing,0.608,0.76,4,-5.851,0,0.242,0.0129,0.0,0.332,0.366,168.211,251640
6JSCyK7eMY4ye0EmuK2Q7g,Steppin' Forward - Designer Drugs Remix,DJ Mykal,24,1vlidkka9cKWIVdjPfKTra,Xmas Weapons,2017-12-25,Electro House 2020,317O0e8iWJLClLGDKtieRe,edm,electro house,0.81,0.983,9,-1.979,1,0.237,0.00035,0.903,0.155,0.158,129.008,229302
6FsQrRpBLgsrFeAeiQqytm,Bang a Gong (Get It On) - Remastered Version,T. Rex,62,6k1iylSzWOs7SgavxlJ8kt,Electric Warrior [Expanded & Remastered],1971-09-24,House Of The Rising Sun,1bMYfBHYBCRHY5LGkjlpSy,rock,album rock,0.729,0.818,2,-9.992,1,0.0732,0.157,0.285,0.195,0.907,125.811,267000
1o6AE0zzRZ9Z4tKVFu9ZDJ,Foot Soldier,Rich Homie Quan,31,5vW8xhq1cIBvC8IXOfPss7,Rich As In Spirit,2018-03-16,Southern Hip Hop,57sYMLFXGD4ZqizzcMD7lz,rap,southern hip hop,0.769,0.558,1,-5.654,1,0.365,0.023,0.0,0.305,0.539,143.926,162291
3lwpE0SEaQV5DWNjqMtYEk,"Blue On Black (feat. Kenny Wayne Shepherd, Brantley Gilbert & Brian May)",Five Finger Death Punch,60,5CmhQvNnH3x3xObNLccLxh,"Blue On Black (feat. Kenny Wayne Shepherd, Brantley Gilbert & Brian May)",2019-04-12,Hard Rock Workout,6kXNv8J3HCYztxjOIUzApv,rock,hard rock,0.45,0.872,7,-4.91,1,0.0353,0.0018,1.61e-05,0.0833,0.396,156.059,274615
7rAUH8YZRvGyZ5wmoKjYbG,So I Met Someone,VHS Collection,53,185OIvpDXajDxQZH8ubKja,So I Met Someone,2017-05-25,The Sound of Indie Poptimism,7nHgmv7uyIA1KHj6qTttjH,pop,indie poptimism,0.605,0.725,0,-5.854,1,0.0344,0.0461,1.93e-05,0.121,0.559,88.979,220667
3BEuTuiAgJLROYMELwLujm,Volví a Nacer - Live from Spotify,Carlos Vives,51,1t3e3Py0eA1SPRC1vETI3i,Spotify Sessions,2014-12-02,Unplugged Hits 📣,5NTm3injIRkUMROsZr3C2O,latin,latin pop,0.634,0.575,5,-4.902,0,0.0639,0.128,0.0,0.147,0.269,136.072,258413
3cyJAZm2r79wdzrsQtv5Ob,PINK WITCH / LESSON,Night Lovell,48,4sA7IyvdIFpeOPBftpjetk,GOODNIGHT LOVELL,2019-02-22,Gangsta Rap 💎 Rap Party,0BwUQpqHSlC2YfKwOp2dQV,rap,gangster rap,0.599,0.509,10,-5.895,1,0.148,0.0446,0.00367,0.146,0.04,134.966,199046
66hayvUbTotekKU3H4ta1f,Where Are Ü Now (with Justin Bieber),Jack Ü,76,6bfkwBrGYKJFk6Z4QVyjxd,Skrillex and Diplo present Jack Ü,2015-02-24,Electropop Hits  2017-2020,7kyvBmlc1uSqsTL0EuNLrx,pop,electropop,0.432,0.781,4,-4.038,0,0.0567,0.041,4.21e-06,0.0789,0.197,139.432,250286
3BGlVOKQh2lRiCkS0nhfvl,Your Light,Scorpions,1,0DQhMtHlEo7HWoyBC53ten,Taken By Force (50th Anniversary Deluxe Edition),1977-12-04,This Is Scorpions,37i9dQZF1DWViGKI2U5P2K,rock,hard rock,0.471,0.709,3,-5.764,1,0.0469,0.0874,0.0021,0.0782,0.642,113.874,275080
6F6BPkZYKQfgwZVBugMpty,Doble Cara,Arcangel,65,0CPLMVp7rMi3BkzAMve96K,Historias de un Capricornio,2019-12-20,Reggaeton 2020 ☀,7xWuNevFBmwnFEg6wzdCc7,latin,reggaeton,0.88,0.468,8,-4.855,1,0.121,0.52,0.00334,0.108,0.72,96.004,185111
70czmnAcu0CqMzqvkUHOIm,Scio,Jay Hardway,0,6itQM1d7hYYqSWX6Vrbksr,Scio,2017-03-13,Jeff Seid Electro House,2Tisn6NZbeofpc57Oc6MGo,edm,electro house,0.637,0.771,5,-4.616,1,0.0417,0.0001,0.554,0.563,0.0383,120.019,196004
4qayCwK3S5cfbbteeeV9Aq,The Eye of the Beholder,Victor Ruiz,26,0iAnj3ufk2lavxXV95kNXk,The Eye of the Beholder,2018-07-27,💊ELECTRO-HOUSE-TECH💊,0AFYmoSuoMQiGGjzvBwr6u,edm,electro house,0.762,0.868,7,-8.063,1,0.0786,0.000426,0.925,0.0803,0.0395,126.008,462000
7pu8AhGUxHZSCWTkQ2eb5M,Bad Reputation,Joan Jett & The Blackhearts,63,1gB28ytYFQElaXngAfeYep,Bad Reputation (Expanded Edition),1981-01-23,Classic Rock Retrogamer,6gUFdcGzKAHyDXY9TKC6cP,rock,classic rock,0.378,0.974,6,-4.055,1,0.194,0.00192,0.0139,0.0588,0.824,203.715,169187
1vxw6aYJls2oq3gW0DujAo,Crazy,Gnarls Barkley,75,5I0Wf7lRLZArM1K2uQ1AEA,St. Elsewhere,2006-04-24,L' ALBUM ROCK,0jilq2XZP9F2fwzp2k6iXK,rock,album rock,0.855,0.587,8,-4.589,1,0.0336,0.0505,0.00714,0.105,0.64,111.97,177466
1IFVf0aClnuhHPh2UwVt0f,Smile,Prince Paris,39,4Ei7SHC3TJNLzmOYyKZMjQ,Smile,2019-04-26,Pop Dance Hits,7eERKCkgNKCCx5GYdeMIZf,pop,dance pop,0.776,0.598,11,-5.102,1,0.19,0.151,2.05e-05,0.0858,0.419,117.105,221549
6yZAdQyPJtXjATvAT8ERQg,Coolie High,Camp Lo,55,21EglTSwzUorpiXpMBNW2E,Uptown Saturday Night,1997-01-28,90s Hiphop / Gangsta Rap,5yGuoOwRQF3o8NVRRlvCj7,rap,gangster rap,0.765,0.601,11,-9.326,0,0.203,0.0225,0.0,0.385,0.368,85.928,241133
3LSnp6mtKiVXCJwsmOvfMd,Summer Love - Recorded at Spotify Studios NYC,Chelsea Cutler,65,5hLin1G9HnweybsmPME5QV,Spotify Singles,2019-03-13,2019 in Indie Poptimism,16RNbqnNCCLlBJti7JU5nc,pop,indie poptimism,0.667,0.302,4,-11.633,0,0.0377,0.198,1.18e-05,0.101,0.239,81.966,214381
1VxTYGCoS9OZzo8cKyowdw,A Long Walk - Remastered,Jill Scott,25,00cZAqb57SRmKrcpFYWuye,Golden Moments,2015-08-28,Neo Soul / Modern Jazz / Smooth Hiphop,07SNJ4MwYba9wwmzrbjmYi,r&b,neo soul,0.651,0.539,6,-9.239,0,0.296,0.0514,0.00019,0.136,0.309,76.301,277827
7D8FSBD6E2KT2DvRgMbycS,Dream Of You,Josha Daniel,41,07gs963f0YlDELZpE0dNv3,Dream Of You,2019-09-13,Electro Pop | Electropop,2a5i2ZtEXGKwVGL16J8N0p,pop,electropop,0.578,0.788,4,-5.752,0,0.0351,0.00339,7.3e-05,0.225,0.346,105.023,246857
4iANxSIDT3kGekiquMSAgT,Embrasa,Vitão,71,1O8LPICWMyVScYtJb3zdJ8,Vitão,2019-03-08,Brisa Pop,37i9dQZF1DX2vsux22VuNL,r&b,hip pop,0.699,0.531,0,-5.714,1,0.0889,0.107,0.0,0.568,0.701,127.967,243021
3bZCS8ThTAxMJZavYWOY1z,True Life - Vnv Nation Remix,Lights Of Euphoria,0,3EZSJ6FmB7XxFX1lSx3toS,True Life,2003-04-04,Gothic / Industrial / Mittelalter / EBM / Futurepop / Gothik / Electropop,53CmFroG6MWR5reOOXJX6B,pop,electropop,0.708,0.898,9,-4.97,1,0.0486,0.0018,0.772,0.0585,0.166,133.964,416893
0RmXtDH1cBMGImRrmn5xL6,Turn Me On,Kevin Lyttle,65,4SxJ71noA4wcd03JfJVkKT,Turn Me On (Online Music),2004-03-30,REGGAETON ANTIGUO 🔥,42E6uFhL4e2nXmbmeigwXb,latin,reggaeton,0.677,0.682,9,-6.879,1,0.0361,0.0405,0.0,0.0351,0.875,106.279,192107
3UTItBKzuk2IOqxVu0C2F8,Susie Q - Single Version,Creedence Clearwater Revival,0,4o5NlEZ42fd1GJeKmTA62u,Creedence Covers The Classics,2009-01-01,Classic Hard Rock,1gAeQGQ7hr2q7IYmaejDW6,rock,hard rock,0.64,0.631,9,-11.092,0,0.0459,0.0635,0.0019,0.118,0.934,128.283,273840
1bZCA8kaaYYIMpU3Mh7R7U,Made For You,John De Sohn,48,5wT9GG94G7Q4oiwBTF4RPJ,Made For You,2019-03-22,New House   ‍,54XvQQsViMBwjO1ws2o2wx,edm,electro house,0.628,0.673,1,-5.943,1,0.0406,0.0193,0.0,0.0858,0.57,149.955,196480
2Sfl7odHUmG7qc8SbqUyzE,DI MI NOMBRE - Cap.8: Éxtasis,ROSALÍA,69,355bjCHzRJztCzaG5Za4gq,El Mal Querer,2018-11-02,Urban contemporary,1ZlL3IQS8eB0s0RMxz02yD,r&b,urban contemporary,0.794,0.534,8,-6.47,0,0.131,0.885,5.18e-05,0.314,0.547,91.871,162377
2NeHnSFnwNp1Z5WYgcjJ8L,X Gon' Give It To Ya,DMX,12,1B6nlZKCMmawwnnijTeH3I,The Best Of DMX,2010-01-01,Gangster Rap | 100 % Gangster,2e0d7otcM1oyecfi3zZPWk,rap,gangster rap,0.678,0.857,10,-5.173,0,0.216,0.0325,0.0,0.0788,0.622,94.95,219253
0hNXSYtNpYVtfeME1wZq5r,I Just Wanna Know,2Scratch,39,1JQZkO0PpQxAm3EfaTcFLU,I Just Wanna Know,2018-05-09,Rap Party 24/7 Radio / Gangsta Rap,4sGnz2x5tbHE2YlW1nemfb,rap,gangster rap,0.667,0.411,6,-12.624,0,0.108,0.0856,0.00197,0.0916,0.1,128.05,225000
4ogDI1pxczM40LfveHO188,candy.doll,schafter,59,7iasbADWlphen9sxTUjyyR,hors d'oeuvre,2018-10-31,Trap strefa,37i9dQZF1DWY3UKS6jvnxr,rap,trap,0.717,0.599,11,-11.471,0,0.116,0.299,0.00404,0.0594,0.22,81.027,136150
0fea68AdmYNygeTGI4RC18,LA CANCIÓN,J Balvin,91,6ylFfzx32ICw4L1A7YWNLN,OASIS,2019-06-28,Todo Éxitos,2ji5tRQVfnhaX1w9FhmSzk,pop,dance pop,0.754,0.646,7,-5.795,1,0.317,0.152,1.85e-05,0.108,0.429,176.089,242573
5QFLWPwiMqc6QReNkmAWWY,P.D.A. (We Just Don't Care),John Legend,0,6Fgfn4OyOWRsHd7m6DwMEz,Get Lifted/Once Again,2008-10-28,Neo Soul,2YPP7fiYu5pIcp2yyHvw4A,r&b,neo soul,0.796,0.755,11,-6.906,1,0.0447,0.0759,0.0,0.0749,0.556,111.492,278773
0nkwj667p0oMEURBST8Nyx,Drive Way (feat. Azul Wynter),GASHI,51,1fd9ERd2XLppseTB8bTbBW,GASHI,2019-09-20,New Hip Hop‏‏​​   ‍,5WNUX6jisX0NRlVDTm6RDd,r&b,urban contemporary,0.653,0.733,9,-5.893,1,0.0557,0.00114,1.96e-06,0.108,0.042,157.961,194430
4UJmPSJsBsIR1U0N79BU1g,Lake Of Fire,Nirvana,65,1To7kv722A8SpZF789MZy7,MTV Unplugged In New York,1994-01-01,keg party jukebox,4PjiT7SWnUsTTTvKOuR76f,rock,permanent wave,0.541,0.618,1,-9.652,0,0.179,0.277,4.02e-05,0.413,0.68,145.464,175973
7990Xs9HQx7FXVIDVPEwj9,Rock And Roll All Nite,KISS,10,2hMjDSywkwY2HxjmWObpoI,Dressed To Kill (Remastered Version),1975-03-19,Classic Rock Legends,3NcxM1LJJdua8AcRxtijNY,rock,classic rock,0.656,0.931,1,-5.827,1,0.0976,0.046,0.0,0.0543,0.909,144.747,168733
7pbETrTDObjfhVT4qh9J5q,"The Climb, the Fall",Luke Thompson,43,02DxdnSSZINmwmty2IpfQB,Strum Strum,2015-04-09,Deep-deep Bubble Pop,744VClUYfFnZCDPcOUkg5G,pop,indie poptimism,0.707,0.567,10,-12.573,0,0.0286,0.0301,0.0913,0.114,0.749,115.982,262656
5JZcqp91d9ZfvkGmgb9jjT,viaduct creek,Delayde,49,665irKdzu7aptrhBycT5NJ,blue moon,2018-07-16,Lush Lofi,37i9dQZF1DXc8kgYqQLMfH,rap,hip hop,0.738,0.207,11,-13.185,0,0.273,0.537,0.934,0.112,0.661,80.051,84000
4mwgVzuCQd203cx0JH8BYF,Doberman,Matisse & Sadko,50,2wtHzXrAiXiJY2VL2X6CHn,Doberman,2019-09-13,Big Room EDM,3S03NWbWkrR1e7DPH9rf9Z,edm,big room,0.535,0.986,6,-4.919,1,0.0711,0.0223,0.779,0.743,0.362,124.975,180960
12iqqPRu2loZsYRwhYF4J4,Blue Shades,DLJ,45,7gwQVv9qESm4EeJ7E6qDZq,Blue Shades,2018-10-17,Sunny Beats,37i9dQZF1DXbtuVQL4zoey,latin,tropical,0.672,0.391,6,-11.721,1,0.0382,0.305,0.683,0.0831,0.726,84.018,91429
33TRLeMwVVAWa2eZEGnTip,Do Me Like That,Penguin Prison,49,6nDJTtenzc3qIBodcTASVL,Turn It Up,2018-02-09,The Sound of Indie Poptimism,7nHgmv7uyIA1KHj6qTttjH,pop,indie poptimism,0.61,0.82,9,-5.035,1,0.0332,0.101,1.78e-06,0.212,0.773,152.091,195067
2v3DuCVBbopteJqdM7aKQK,Let It Be Me - Sondr Remix,Steve Aoki,35,097kyycr5ZuLS2cPwwUHwt,Let It Be Me (Remixes),2019-10-18,Pop Remix,37i9dQZF1DXcZDD7cfEKhW,pop,dance pop,0.467,0.821,7,-5.466,1,0.0934,0.00791,0.000441,0.131,0.232,122.676,185366
2BDRHFw5170t2kRHD3uEMU,I Wanna Love You,Jade,39,2EwwOSHl7oOX1vyjQBx4Zc,Jade To The Max,1992-11-13,New Jack Swing,3ykXidKLz1eYPvuGoFlD1e,r&b,new jack swing,0.731,0.707,0,-9.79,0,0.0769,0.0596,0.00654,0.264,0.838,200.306,271400
7ADRwGz1ZXJxxNw95c9QmY,"Sex, Love & Water - Sunnery James & Ryan Marciano Remix",Armin van Buuren,24,3QWXKewdzxiIHPfUbH8ChT,"Sex, Love & Water (Remixes)",2018-04-06,"Festival Music 2019 - Warm Up Music (EDM, Big Room & Progressive House)",73uj4YmsC7SJ6SbUMTvf07,edm,progressive electro house,0.616,0.97,0,-4.577,0,0.0596,0.00289,0.214,0.111,0.491,127.075,171496
4sJqSKPc5fZ5OZ8JiVI44N,Stranger Things (feat. OneRepublic),Kygo,66,47oyrKaeobswT4T8zyaxdM,Kids in Love,2017-11-03,EDM TROPICAL,3pS63EDS40FVGYL41zAcU4,latin,tropical,0.604,0.661,0,-5.914,1,0.0375,0.234,0.0,0.0951,0.506,107.016,221440
5Ss6DqCldgTmIo6BekVOJT,You Say I'm in Love,Banes World,68,7M3ne50fqV9L911ieSAqyN,You Say I'm in Love,2017-01-26,②⓪①⑨ mixed,2bOjjgN1S3Gqd8vSMyafvJ,rock,permanent wave,0.623,0.285,1,-16.687,0,0.0538,0.427,0.00278,0.189,0.343,140.028,176761
5I1K6LJMvIdV5kpHS8tMkr,Grow Up,Bolier,54,44SAlrDrWV7DvwUbfMisPC,Grow Up,2018-06-01,Tropical House,37i9dQZF1DX0AMssoUKCz7,latin,tropical,0.823,0.7,11,-6.588,0,0.077,0.0733,6.3e-05,0.685,0.537,123.05,169837
2f8uDL0SJJLCDnCemgthZj,Oochie Coochie,Mc Brains,0,6DAmZeinawrXXeMZftok37,Best of Old School Hip-Hop,2011-05-17,"Swingbeat (old skool), New Jack Swing, R&B, Hip Hop, Urban",3krpccUV68nBGAQbvHEZDC,r&b,new jack swing,0.841,0.911,7,-5.474,1,0.186,0.0301,0.0,0.351,0.654,119.757,221753
4y08InEX3ML1NpBhyRv5Im,Can't Trust'em (Remix),Dizzy Wright,28,2GBIldTF1f66ytmEYqGN8F,Free SmokeOut Conversations (Mixtape),2012-06-12,Urban/Trap - Contemporary RAP,5CK0fshHcik1vWyeCc0zat,r&b,urban contemporary,0.814,0.716,9,-5.084,1,0.176,0.113,0.0,0.73,0.254,140.101,227150
2J0X46UkpfLlWbuCXFgDLr,Waste It On Me (feat. BTS),Steve Aoki,49,1VFgefav92A6JzlPSUatzV,Neon Future III,2018-11-09,Electropop - Pop,5TiiHps0hNCyQ6ijVkNZQs,pop,electropop,0.669,0.684,7,-4.595,1,0.0585,0.252,0.0,0.72,0.466,96.097,192537
43Xz4flGpXV5JUc5jH7Q05,Sex (Let's Talk About Sex),Bleeke,43,0eLwXPMFVQ3PdDztg8ijbJ,Blinded by Fame,2017-07-24,Electropop,2Z5cPJ6Z4EVZAfF08amjvL,pop,electropop,0.706,0.583,0,-9.919,1,0.0423,0.0254,0.00125,0.0904,0.217,104.954,230217
7G8r6LUWl9JVvQjlFyg1gq,Sweatshirt,X Lovers,58,4Hpz6r8vf6XBZesSWG20A2,Sweatshirt,2019-11-01,Pop Hits 2000-2019,6mtYuOxzl58vSGnEDtZ9uB,edm,pop edm,0.689,0.508,5,-5.741,1,0.0436,0.303,0.0,0.0922,0.417,151.759,196710
1GfG7elw3IndXv932o0Phx,"Motley Crue/Girls, Girls, Girls",Various Artists,1,1GlAcBLB4RlJtP8WngEgq1,"Girls, Girls, Girls",1987,Hard Rock Classics 1967-1991 (Party Edition),1NIX36ZFWEtgXSbSNghoue,rock,hard rock,0.601,0.927,7,-4.892,1,0.0704,0.0346,5.52e-05,0.376,0.542,140.1,270533
5SMYN4lHZduUD8SQ0TEHj2,Ten Feet Tall,Afrojack,0,0DzZnIm8Em2tG8rG1co792,Ten Feet Tall,2014-01-01,♥ EDM LOVE 2020,6jI1gFr6ANFtT8MmTvA2Ux,edm,progressive electro house,0.525,0.86,0,-3.429,1,0.0639,0.0356,0.0,0.14,0.346,127.021,233353
27rdGxbavYJeBphck5MZAF,Nothing Breaks Like a Heart (feat. Miley Cyrus),Mark Ronson,79,2hBfao8GWZwHlUGDB8HVQO,Nothing Breaks Like a Heart (feat. Miley Cyrus),2018-11-30,Pop Inglés (2020 - 2010s)💙 Música En Inglés 2010s,4QAzO1Z92yqqD6Mf3mOANu,pop,dance pop,0.601,0.794,7,-5.844,0,0.0671,0.00987,1.36e-06,0.388,0.244,114.066,217467
3oJhrJ2XZzgSiIRq2O1n1I,Flirtin' w / Forever,Wayne Brady,40,5l7EsieSOb5QhRyyiFWOEb,Flirtin' w / Forever,2019-12-18,Great Pops,5SO7xYih5w8X5FEpKvU7Rt,latin,latin pop,0.627,0.573,2,-6.921,0,0.05,0.0468,1.08e-06,0.0534,0.423,133.901,210873
1wa0Tm0MFcIpSdzILgQnmm,Wrap My Body Tight - Single Mix,Johnny Gill,15,57rGkDtF9ftHgyfvsGFx2i,Best Of Johnny Gill 20th Century Masters The Millennium Collection,2003-01-01,New Jack Swing/ R&B Hits: 1987 - 2002,4sji14lrB5bgcr51lPALYH,r&b,new jack swing,0.672,0.768,6,-7.78,0,0.0387,0.0616,7.62e-06,0.0504,0.785,101.451,224840
49PyCCLOdJi0jHkGyyY2vv,Sonate Pacifique,L'Impératrice,61,6qnJcNAInQ2CAtC4zWG8HT,Sonate Pacifique,2014-09-22,Permanent wave 🌊,0QN4FeJQ1mpCygRg9r2JIK,rock,permanent wave,0.558,0.538,5,-8.853,1,0.0327,0.629,0.0198,0.424,0.254,99.992,348945
37FXw5QGFN7uwwsLy8uAc0,We Don't Talk Anymore,Charlie Puth,70,3kndSWeE2IYOrZEToZrHEV,Nine Track Mind,2016-01-29,Today's Hits (Clean),7ENISpOJhocpMJVcGb0qcT,r&b,hip pop,0.728,0.563,1,-8.053,0,0.134,0.621,0.0,0.179,0.352,100.017,217707
0uxOeKkKWQiikHzRGhx7Ec,Never Meant to Last,Citna,45,7wRpkCMCgdDtzUuIYX7lxe,Never Meant to Last,2018-09-07,Tropical House 2020,2oivDYqm1dQK4KbwVJTaf6,latin,tropical,0.768,0.632,8,-7.478,1,0.0322,0.175,0.0579,0.153,0.639,119.981,156000
2qkmPUG7ARsRwhVICQVwQS,Mercy,Muse,60,2wart5Qjnvx1fd7LPdQxgJ,Drones,2015-06-04,"Muse Radio - (Uprising, Starlight, Supermassive Black Hole, Madness)",0dAbaJtkS9st5o0cBe1Zcu,rock,permanent wave,0.482,0.926,7,-4.789,1,0.0549,0.00952,0.0,0.311,0.371,130.007,231973
3vFj4xuQTXHOuo6L0qGafv,Gone,The Weeknd,54,5EbpxRwbbpCJUepbqVTZ1U,Trilogy,2012-01-01,Urban Contemporary,4Pbs84EQbuAblxlp6Chz0d,r&b,urban contemporary,0.494,0.697,7,-7.232,0,0.309,0.708,0.000405,0.0602,0.344,107.669,486773
18rkFZIlEVdXIpOulP72cZ,Take It Off,Two Friends,51,6iNlMXvUtxkcofqQBzKrQL,Take It Off,2019-01-25,2019 in Indie Poptimism,16RNbqnNCCLlBJti7JU5nc,pop,indie poptimism,0.729,0.625,3,-6.878,1,0.115,0.0535,0.0,0.395,0.667,99.991,194441
2zTjF6OGxklU5Ulv7iTf4R,DaNcing in a RoOm,EZI,50,3luukWHgKthnODrdHcnjdS,AFRAID OF THE DARK EP,2018-01-12,Indie Poptimism,1pZWCY50kMUhshcESknir8,pop,indie poptimism,0.717,0.614,9,-5.043,0,0.053,0.0906,9.51e-06,0.115,0.382,112.01,208606
1bJIEtBbAA5RKl6vo6v0es,Travellers,Ran the Man,56,52gMQAcOxIRVUKsVRBxyHe,Travellers,2019-07-26,Tropical Vibes,37i9dQZF1DX6RA5ZrA5a23,latin,tropical,0.596,0.585,5,-11.634,0,0.034,0.565,0.904,0.199,0.132,119.002,200078
0mstBWuKrc5Yq89IZXDMYn,Invisible Man,The Electric Swing Circus,29,7reaCe0Mz2F943AIkXyURM,Connected / Invisible Man,2019-06-12,Electro Swing Top 100,5M7xLCQTYJL0lbKIrUn3a4,edm,electro house,0.694,0.859,5,-6.259,1,0.0654,0.00733,3.59e-05,0.352,0.719,144.003,203347
5M1tzhbcYFY8DwPFDLSJXG,Until,Raheem DeVaughn,21,00qCxnQQPsveeZWZaNVWo0,The Love Experience,2005,Neo Soul,2YPP7fiYu5pIcp2yyHvw4A,r&b,neo soul,0.582,0.658,1,-8.124,0,0.241,0.147,0.0,0.254,0.654,77.959,309200
6JzCO4ZzxAXhY86vTcqM1Q,Desire - Gryffin Remix,Years & Years,62,3fWKZofaW5sB9WOc5VWLfN,Desire (Gryffin Remix),2015-09-18,EDM TROPICAL,3pS63EDS40FVGYL41zAcU4,latin,tropical,0.543,0.876,10,-5.069,0,0.0512,0.0606,0.0,0.157,0.415,122.058,268840
6YpSiNQN8pVzJMOX2fXGHm,Woman,HONNE,57,3uBJTSoIMgaCigrN8CkLfo,Woman,2016-03-11,urban CONTEMPORARY,1nFfDHtp8RY3obgen8KODl,r&b,urban contemporary,0.513,0.413,0,-7.151,1,0.0372,0.565,3.52e-06,0.124,0.246,139.649,265479
04tmaeovxpMohaexgyAvBe,Marimba - Original Mix,Soul Cartel,4,67xUVS0QzzWlWXKd6AAAgo,Marimba,2011-10-03,Latin Village 2019,3JcJCsvBnRsA6oc7eUYDSB,latin,latin hip hop,0.798,0.748,1,-10.83,1,0.0445,0.00613,0.899,0.101,0.156,125.995,402261
1mPPo1eG1joz3HX0Ecw9LL,Hero (feat. Elizaveta),Pegboard Nerds,2,0g6vKvyIdGyHabW4tJVqB6,Hero (feat. Elizaveta),2014-03-17,Happy EDM,3d2JFEbvcx7p2CHkBaQeMZ,edm,pop edm,0.436,0.922,11,-3.279,0,0.0627,0.00374,0.000413,0.253,0.0928,150.151,330400
60UYjtHUPB18FpUNgEI7NS,Love You That Much,Mary Mary,20,2gXi6y3T7xN3XW0jR4jCbl,Mary Mary,2005-11-29,Gospel,0pItJZBDZFvgAOdFnSITnJ,r&b,urban contemporary,0.729,0.728,6,-5.436,1,0.267,0.0275,1.97e-06,0.131,0.553,80.646,241000
7nmNw9sUOiwIlnSwReWDFF,Instinct - MXXWLL Edit,BB Diamond,24,70SDuPGTBT5d63bgstg5jr,Instinct (The Remixes),2015-08-21,Groovy // Funky // Neo-Soul,0JmBB9HfrzDiZoPVRdv8ns,r&b,neo soul,0.763,0.37,4,-16.247,0,0.513,0.282,0.0,0.127,0.283,114.081,164682
3OXc6xDxasnl4uj2jl1q4Y,Fire of Unknown Origin,Blue Öyster Cult,44,7v4kEpVtppoMm80m43lGzt,Fire of Unknown Origin,1981-10-23,Supernatural Classic Rock,6oghIlByD49KFGNmNU8GSH,rock,classic rock,0.565,0.603,4,-9.533,1,0.0287,0.0612,0.00144,0.0666,0.489,126.984,251440
2ezQ7Qe2itIl6HvCbyqZXX,Never Let You Go (feat. John Newman) - Jack Wins Remix,Kygo,43,7LbyVLGeEWZYOUKCecv3gI,Kids in Love (Remixes),2018-02-14,New House   ‍,54XvQQsViMBwjO1ws2o2wx,edm,electro house,0.667,0.841,10,-6.98,1,0.104,0.0075,1.45e-05,0.7,0.441,124.968,209467
44USJjR3VZ1Hdb5vQpZA9z,Para Nosotros,Romeo El Santo,55,3PoQJuVWyEw7Qxjy9UsbP0,Para Nosotros,2019-11-20,De Fiesta,37i9dQZF1DWVskFRGurTfg,latin,reggaeton,0.732,0.608,11,-7.028,0,0.201,0.625,0.057,0.105,0.23,94.968,169263
2riiA8hqsPHzi2OYZLRDLC,Air Conditioning,Guustavv,52,49okAHMQrHutuDEqNJEaoS,Resan,2019-09-13,Lush Lofi,37i9dQZF1DXc8kgYqQLMfH,rap,hip hop,0.638,0.231,7,-12.597,1,0.0624,0.984,0.935,0.0925,0.229,59.975,150000
0NrWlujfMeGgRlWRJi00zL,The May Queen,Robert Plant,45,4f7U9Rycl2d3KMLoiEZtve,Carry Fire,2017-10-13,Classic Rock Now,37i9dQZF1DX0fWtUuB7bFE,rock,classic rock,0.349,0.714,0,-7.243,1,0.035,0.348,0.311,0.124,0.684,94.435,254427
4e1PkxNMtK2BXBJBgzsNTl,Crazy Eights,Futurist,24,0an9lp4xk0aJ0T7VYqzTSa,Omens,2019-09-27,Electro Pop | Electropop,2a5i2ZtEXGKwVGL16J8N0p,pop,electropop,0.464,0.586,11,-8.453,0,0.0291,0.178,0.00785,0.14,0.237,89.875,358720
6KEOX0H9NMSK7qLH7a64Nc,MidStation,the.lazyb,42,282HB39K4wb7LWyUw7H0H9,Immerse,2019-06-14,Lofi Hip-Hop,37i9dQZF1DX36Xw4IJIVKA,rap,hip hop,0.768,0.403,5,-10.61,0,0.0857,0.0515,0.415,0.127,0.261,89.987,116375
0zO8ctW0UiuOefR87OeJOZ,Collard Greens,ScHoolboy Q,72,7Et3bSTLLqdABO1qCxUplS,Oxymoron (Deluxe),2014-01-01,Southern California Hip Hop Primer,206vi9Q0p3juAU73flxPsz,rap,southern hip hop,0.825,0.575,11,-4.87,1,0.0633,0.025,9.94e-06,0.205,0.65,153.954,299960
2Uik6DjW1n5CWbRNdZilV5,Death Route,Sidhu Moose Wala,54,07LkboydJU8NSoNXkviZfJ,Pbx 1,2018-10-18,Hip Te Hop,37i9dQZF1DWTqYqGLu7kTX,rap,hip hop,0.699,0.633,9,-6.733,0,0.139,0.397,0.0,0.0864,0.534,159.955,217521
4mxWSdf71VFO52qFeY0fZt,What Lovers Do (feat. SZA),Maroon 5,16,6IlqqqEqp1Qfd6187z3YVG,What Lovers Do (feat. SZA),2017-08-30,Electropop Hits  2017-2020,7kyvBmlc1uSqsTL0EuNLrx,pop,electropop,0.795,0.608,5,-5.222,0,0.0694,0.0767,2.92e-06,0.0853,0.386,110.001,199849
1ctoZDhYkpKa0o9B9Wjen3,Outlaw,Bassjackers,38,6MnnkXC0DBgjc9mFxJ585V,The Biggest,2019-11-22,Electro House 2020,317O0e8iWJLClLGDKtieRe,edm,electro house,0.674,0.881,1,-4.15,0,0.0573,0.00792,0.576,0.127,0.0475,104.962,184716
72hrPQygnPJ1z0iTzdTGjd,D# Fat - Radio Edit,Armin van Buuren,23,75hM9g0hvbu8Ysfvvyrh1r,D# Fat,2013-03-11,Big Room House | Festival Bangers,5Bx5niVgi3qGQQw06C0RKq,edm,big room,0.647,0.901,5,-4.785,0,0.0573,0.0209,0.806,0.367,0.158,127.95,195468
6NSMQFKgjpQb0KkjMDYIK0,Tu No Vive Asi (feat. Mambo Kingz & DJ Luian),Arcangel,69,12yPsAPzZ5584HxpItKBUn,Tu No Vive Asi (feat. Mambo Kingz & DJ Luian),2016-09-30,Los Cangri,2hTs6GuPwhmg4ApNqxWXLE,latin,latin hip hop,0.815,0.514,6,-9.446,0,0.361,0.54,0.0,0.611,0.623,120.054,264000
4HPV5sINNKUn1YckHmukri,Japón,Rombai,64,7xHmHZGD4aYXHeuoY5OuN6,Japón,2019-12-03,Latin Pop VIP,37i9dQZF1DX1QnNyJOBQBv,latin,latin pop,0.664,0.627,7,-4.712,1,0.431,0.191,0.00276,0.136,0.791,204.135,146232
59zN1921ag2pVv80Oz3sWz,Love Riddim,Rotimi,62,0FtaeZat9rX3tooDlGtzWM,Love Riddim,2019-04-18,Neo-Soul,1eqVgsNjaX6mxDPoefhocT,r&b,neo soul,0.781,0.633,4,-5.616,0,0.0351,0.311,7.27e-06,0.0964,0.795,107.074,219482
7IBfmCrfaR3SLVemWhsucQ,Space Oddity - 1999 Remaster,David Bowie,7,2LQYvrh5jOxAAZjiBX3f2b,Space Oddity (1999 Remaster),1969-11-04,70s Pop & Rock Hits and Deep Tracks,1uKFRCQYci8kVgMy3xzTVH,rock,album rock,0.31,0.423,0,-12.902,1,0.0324,0.0169,1.35e-05,0.365,0.457,136.205,316333
12VuH6dRLKCULFpmT4I0R5,Baton,Xinister,36,5Cux9g59HVF73xpxm0LIsh,Baton,2019-05-20,Trap Mojito,37i9dQZF1DX1OIMC8iDi74,rap,trap,0.783,0.836,1,-4.039,1,0.0793,0.0208,0.342,0.207,0.687,150.017,224000
0eZElvtraNNWjjRnwiIM6B,Iggin' Me,Chico DeBarge,0,5NXBYIr7OScDZfI02pIAKD,Long Time No See,1997-11-18,90s R&B - The BET Planet Groove/Midnight Love Mix,7LjRWGUdOmBdPG1W1bga4i,r&b,new jack swing,0.817,0.478,7,-7.32,1,0.119,0.315,0.0399,0.294,0.347,126.951,303133
6CZyezhfB1LTc3m4bS9VfD,Big Me - Live,Foo Fighters,1,0nn3RvXC6hjzvSwoBMixg7,Skin And Bones,2006-11-07,keg party jukebox,4PjiT7SWnUsTTTvKOuR76f,rock,permanent wave,0.382,0.483,0,-7.257,1,0.0289,0.587,0.0,0.985,0.346,107.343,181827
5qXFcR24uZ4u4cbhqX4D34,Пацанская,Oleg Kenzov,14,27CE2HaSMnXNLGHdanTka0,Пацанская,2019-02-05,RUSSIAN Gangster Rap,0Jw0HckkxCfIrOvpN081eV,rap,gangster rap,0.65,0.58,9,-7.779,0,0.278,0.41,0.0,0.118,0.412,171.985,227456
5EV4bGHxVN0kHpcAFvgnTt,"Dance, Baby!",boy pablo,68,1D3JNjKm7QRaHcIBzv0Xdn,Roy Pablo,2017-05-19,indie poptimism,1E5VdGGWkpDQ682gdvJAZH,pop,indie poptimism,0.602,0.601,9,-8.521,1,0.0411,0.0367,0.00459,0.312,0.858,122.013,198000
65ES1qwOB577ZnTkizMXJJ,HUMBLE. - SKRILLEX REMIX,Skrillex,72,1X4aaOIXvs6gWtQZQpln4V,HUMBLE. (SKRILLEX REMIX),2017-09-29,ELECTROPOP🐹,44p8nNLe4fGfUeArS3MaIX,pop,electropop,0.902,0.934,11,-2.345,1,0.272,0.00781,8.23e-05,0.194,0.867,150.029,156800
7b16g1E6OAG6HNmAQBgZos,Howl,Beware Of Darkness,11,1WGFKKt201cP4oYEqaLwhZ,Howl,2013-03-05,Badass Rock,44bkJI1QGkT2O0GYJSsbkp,rap,southern hip hop,0.231,0.888,2,-3.414,1,0.0511,0.000776,0.000292,0.414,0.368,90.714,243823
1MvH3FdvO17S2eQ4IeNRCo,Bluebird,One Self,50,2GJdJQNe5lCntmUIArrE59,Children of Possibility,2005,Saxophone in Hip Hop - R&B Lounge - Jazz Rap,2ujrP2rPxu8ao7wNeG1ZOY,r&b,neo soul,0.78,0.797,9,-5.964,0,0.307,0.129,0.0,0.0929,0.648,86.235,220413
1cg5GVCTWza8bQnxM2FHia,Azumba,Gregor Salto,0,4g0wP92iZwrYFYNbSxT16q,Azumba,2014-06-10,Latin Village 2019,3JcJCsvBnRsA6oc7eUYDSB,latin,latin hip hop,0.806,0.993,3,-5.737,0,0.054,0.00668,0.77,0.0877,0.608,128.036,286875
6IAVxNFi1W88UhDeyvOsdo,Fat Bottomed Girls - 2011 Remaster,Queen,67,2yuTRGIackbcReLUXOYBqU,Jazz (2011 Remaster),1978-11-10,The Queen - La Discografia Completa,3E88dLx4fgFYY70gdGzdnB,rock,album rock,0.332,0.683,2,-7.679,1,0.0491,0.0322,6.51e-06,0.342,0.419,88.522,255600
4r6jPijW3d5iV0eBFVccsa,I Wanna Love Like That,Tony Thompson,33,5nKvQo4wIY7V4rhnFNrqBB,Sexsational,1995-06-23,90's NEW JACK SWING,0dmInkymNnOTWvEFamSNzb,r&b,new jack swing,0.803,0.557,10,-8.446,0,0.0404,0.151,7.64e-06,0.0428,0.777,89.134,307067
46Qy1xAr2K7rylRYwdQ6Gw,House of Pain,Faster Pussycat,53,37X0TI6pz7fSg2aUREHzys,Wake Me When It's Over,1989-08-01,’80s Hard Rock,37i9dQZF1DX68H8ZujdnN7,rock,hard rock,0.519,0.61,0,-10.256,1,0.036,0.0766,6.49e-05,0.248,0.232,121.324,346627
6KBCPmeUIbUgXJr3GOcYU1,Time - Yelhigh Remix,Yelhigh,1,59aQRQf5VIYLrD2gApEMSK,Time Remixes,2014-03-03,Chillout & Remixes 💜,4NlAd9NpIa92IjErMyAriM,pop,indie poptimism,0.564,0.842,7,-4.65,1,0.0445,0.000176,0.0308,0.344,0.205,145.99,271241
40CzF4QRkG1XAYonnuNeVp,Step Harder,Yungeen Ace,65,5JGPF3Txy3fzkromayVgmX,Step Harder,2019-11-08,Gangster Rap,5joQabz9ys3XPGbSx5CaKv,rap,gangster rap,0.82,0.65,5,-5.799,0,0.426,0.0182,0.0,0.115,0.363,155.026,176627
1mAOHPG4li3vdjE9NQQMzD,I'm Going to Tell You,Barney Artist,42,50Ov4yZEvCvWFYF9ZMWRJA,Painting Sounds,2016-04-29,Neo Soul / Modern Jazz / Smooth Hiphop,07SNJ4MwYba9wwmzrbjmYi,r&b,neo soul,0.581,0.415,5,-9.125,0,0.435,0.802,0.00159,0.0961,0.352,89.076,185000
517cAnPxsaxfrkKHHY41wB,Buzzing (with Nevve),Audien,59,2On33uhLKdn7nhqYtWvxhX,Escapism,2019-11-08,Dance Room,37i9dQZF1DX2ENAPP1Tyed,pop,dance pop,0.639,0.591,7,-3.905,0,0.0344,0.128,6.69e-06,0.159,0.305,128.002,225000
7a7wbihbtKPnMCq17iECek,on god,bbno$,68,7yLZeJTQUK0Dn5MHTLNjyI,i don't care at all,2019-11-08,Hip-Hop Central,37i9dQZF1DWY6tYEFs22tT,rap,hip hop,0.883,0.301,8,-11.48,1,0.111,0.109,0.000457,0.0778,0.363,119.965,194000
2DJFNq3kEgMh9lvttNYABX,Police man,St. Viper,35,53e47Tht8Y24E1VC4QldVm,Zaraze,2008-01-01,Nidza Bleja - English HIP HOP/POP Songs,5XQopnmKZnE6RjR6NIzbPS,r&b,hip pop,0.895,0.84,5,-3.646,1,0.248,0.375,0.0,0.0801,0.847,99.982,166844
1CAALs08dWg3BxFMaaS8qK,Nonchalant,6LACK,3,1JIsPeUpWLoDM6YRW0gQk2,Nonchalant,2018-08-17,PROJECT: Contemporary,6HaCi9bqaiuSZEDfCEmwyo,r&b,urban contemporary,0.568,0.368,11,-12.486,0,0.447,0.321,0.000618,0.121,0.0544,79.697,183454
0pM7PCxuclmb1qsjTqt6WX,Nenjinile Rebirth,Chris G.,47,5ofUC9Rbhk7rknQbDp4GIG,Nenjinile Rebirth,2018-11-05,RAP 91,37i9dQZF1DX1ct2TQrAvRf,rap,hip hop,0.706,0.913,11,-3.284,0,0.139,0.115,0.0,0.256,0.712,149.886,215800
0HFrCOmhCYXlv4NdEwRAuj,"U.O.E.N.O. (feat. Rick Ross, Future)",Rocko,56,4EQhr3EJRD17G04xpJybMF,Gift Of Gab 2 (Deluxe Edition),2013-03-05,The Sound of Southern Hip Hop,18jT9NMRZifv6cMtK2jWD4,rap,southern hip hop,0.422,0.641,10,-4.947,0,0.323,0.422,0.0,0.317,0.654,187.027,260276
7BEA0aIXF1nTvOK9zVcVkm,Interstellar,Arbour,65,7165sDSepUygmn7sd9Ovzu,Interstellar,2019-01-14,Lush Lofi,37i9dQZF1DXc8kgYqQLMfH,rap,hip hop,0.621,0.157,11,-15.226,1,0.1,0.525,0.82,0.11,0.124,74.992,164800
6d4E3KLrX4xiwx1DiIJefO,Petty Lover,Jaz Karis,54,1S6cosVDyKUoLLgqyENb52,Pretty Dreamer / Petty Lover,2018-06-22,Contemporary Urban,6wyJ4bsjZaUKa9f6GeZlAO,r&b,urban contemporary,0.763,0.362,6,-10.113,1,0.572,0.803,4.67e-06,0.16,0.587,119.855,160655
6lg0Md3xQ7U5EYAcsnysiv,Butterfly Effect,DJ Snake,54,2MFS6WG6jnPAgvJpV3PehR,Carte Blanche,2019-07-25,Trap Mojito,37i9dQZF1DX1OIMC8iDi74,rap,trap,0.224,0.644,5,-7.276,0,0.0386,0.00407,0.252,0.537,0.0387,149.822,204800
60rSrsvqRE26YFruTLr0UG,On My Mind,Nexy,37,6Dpa95Mpy6sF2jV5kOtKJj,On My Mind,2019-11-20,Electropop,2Z5cPJ6Z4EVZAfF08amjvL,pop,electropop,0.587,0.822,4,-3.808,0,0.215,0.33,2.19e-05,0.331,0.628,160.072,147000
6X9QFpzlPKjMoniGkr8PoC,Bucka (feat. Mr. Vegas),Lady Bee,0,0IT9hsOQZ2bnWYmgOPx0pM,Bucka (feat. Mr. Vegas),2015-12-04,"Hot Latino Mix (Latin, Hip Hop, Rap, RnB, Dancehall, Reggeaton, Afro)",3hR2R6szlkwZeGyclTgHcF,latin,latin hip hop,0.699,0.957,8,-2.535,1,0.129,0.00509,1.75e-06,0.137,0.517,140.074,173143
0R332cdlS9LyE0Ge2PSlVC,Climbing Up the Walls,Radiohead,56,7dxKtc08dYeRVHt3p9CZJn,OK Computer,1997-05-28,Permanent Wave,5Go0Jsxj1UnsU7Om841BEo,rock,permanent wave,0.172,0.655,11,-7.476,0,0.042,0.0971,0.128,0.195,0.221,78.653,285200
3Ko8zjBg7VtcPTVnd5awJM,The Christmas Song,Nat King Cole,1,3rTqzHoDckUfyUH0BnAzMw,"Rockin Around the Christmas Tree: 30 Essential Golden Oldies Christmas Songs Including White Christmas, Silver Bells, Jingle Bell Rock, Rudolph & More!",2013-11-01,Christmas Soul,6FZYc2BvF7tColxO8PBShV,r&b,neo soul,0.6,0.0658,1,-15.907,1,0.0455,0.989,0.151,0.109,0.187,46.169,191267
2M9LXjZXDA2rxedIjl2AaM,Be Your Own Hero - John Gazoo White Shoe Remix,Robert Owens,30,6LZf2PEisj6RVHJrkiwCqo,"Black Label #78 "" Art "" Remix EP 2 - Remixes by Christo, Snuff Crew, Niedermeier & Whitehead, Si-Tew, Matthias Heilbronn & Joeski, John Gazoo",2011-05-06,House/Electro/Progressive/Disco/Lofi/Synthwave,42jbIN5Zj0UUPdtmqxQRKF,edm,progressive electro house,0.855,0.564,8,-11.062,1,0.0496,0.0116,0.0889,0.0875,0.7,121.998,482142
5vOLEEbDyprZroj1xPKZ3i,Get Down on It,Central Coast Clique,5,13MEhmbOXd1d56QEly101b,Underworld For Life Vol. 1,2004-06-22,Chicano Rap,3o3xRXWMtBMezk0E3wmtGI,latin,latin hip hop,0.975,0.722,7,-4.351,1,0.165,0.215,5.47e-05,0.053,0.812,111.045,216507
4NzenFNqsYRvrG7rLdF1Ej,Boom Boom,RedOne,51,23jJu4kGm0g5c5Tc9tCyoR,Boom Boom,2017-10-27,Latest Latin American Hits 2020,51LvliKED7oZNJR8XCiPip,latin,latin hip hop,0.749,0.759,7,-8.065,0,0.0451,0.00453,0.0,0.202,0.584,110.004,248364
42yc79BapfKffHxLPRIEht,El Problemon,Bonka,0,47UHPCkRRI3qYsD7wcBpJO,LO QUE NUNCA NOS CONTAMOS,2006-01-01,MIX LATIN POP°,6IS6XTdbS9qJZgfjNKgpB8,latin,latin pop,0.78,0.776,9,-6.159,1,0.0565,0.0711,0.0,0.11,0.809,122.6,214320
1YQUiAm3O4zbnbN4PtBJoo,Lift Me Up,Toby Green,2,6Izxn14mL7SdT7VDVp9OPV,Lift Me Up,2017-07-18,🔊BASSBOOSTED🔊⚡ELECTRO HOUSE⚡🔥EDM CAR MUSIC2018/2019🔥,4GSiiL8tcMgvoV7K1IADb8,edm,electro house,0.605,0.973,11,-2.982,0,0.0478,0.00477,0.293,0.0718,0.258,125.005,159360
2gfToY9trgUdYIgPkc8zwR,Thanks A Million,Jay Hardway,0,2zVNpQs05XWyQJVOksyzYX,Thanks A Million,2017-09-04,Jeff Seid Electro House,2Tisn6NZbeofpc57Oc6MGo,edm,electro house,0.662,0.81,9,-9.396,1,0.0316,0.0105,0.0733,0.166,0.455,120.01,216407
5W2TFCEwO40Qi2U99Khvgz,Atom,Madison Mars,1,1PH90tyKa3VxRGSOq3rlCh,Atom,2017-09-01,Jeff Seid Electro House,2Tisn6NZbeofpc57Oc6MGo,edm,electro house,0.694,0.912,9,-3.1,0,0.173,0.0225,0.00341,0.267,0.31,125.992,190000
1Atp1LqhxQcYavU3JhUQ8a,Do Ya Thing,Agus Zack,9,2F6rUzk68kRyjwXewmNUgz,Do Ya Thing,2019-09-22,[EAS]: Festival Big Room,71UHE27ayQs8ZDxQwY0cY1,edm,big room,0.548,0.998,3,-1.784,0,0.212,0.00243,0.656,0.446,0.0991,150.001,170987
1GRylyYKY3M9IRreLN8d0Z,Olympia,Falling North,45,6mBvM4ZPUawH2kynMAbzE8,Olympia,2019-12-04,Trap Nation,0NCspsyf0OS4BsPgGhkQXM,rap,trap,0.521,0.809,6,-5.296,1,0.128,0.15,1.25e-06,0.199,0.491,149.962,184870
0kq0Y8usfSocdx1EumUklz,Waiting for You,The Aces,39,3Lz15w8ecHfYgKbnOF36Tb,When My Heart Felt Volcanic,2018-04-06,The Sound of Indie Poptimism,7nHgmv7uyIA1KHj6qTttjH,pop,indie poptimism,0.642,0.453,9,-8.333,1,0.0466,0.329,0.0,0.0721,0.496,82.046,257015
6epn3r7S14KUqlReYr77hA,Baby,Justin Bieber,76,3BmcYMh0KYsimWL6p2gPa9,My World 2.0,2010-01-01,🤩🤪Post Teen Pop🤪🤩,6IT8LGpwLw3Pt2XnVUBN7j,pop,post-teen pop,0.728,0.86,5,-5.237,0,0.137,0.0401,0.0,0.111,0.535,65.043,214240
74zddYeCEHW8ORcr4t1O8K,Place de l'étoile,Triomphe,33,7tNZl9qj2i4lkWEII5DkVQ,Place de l'étoile,2019-06-21,Electro Posé - Discoveries,6nZaTh6K1SwhdELFTmA99C,edm,electro house,0.661,0.409,10,-15.182,1,0.0442,0.899,0.821,0.0989,0.266,114.049,189474
34UzXAjhux9X7sID5lwdY7,Imaginate,Wisin & Yandel,42,1wqojXZPs45MXFSPlqcVkh,"Wisin Vs Yandel ""Los Extraterrestres""",2007-01-01,Latin/Hip Hop/Dancehall/Soca,2rg9LCyvaMQvnCE2hVndpR,latin,latin hip hop,0.818,0.737,1,-7.354,1,0.12,0.296,0.0,0.106,0.562,97.98,206547
0JWKLrluTUkqd3HD19d03E,Stand Back,The Allman Brothers Band,0,47JEuhxr6EgINeiUMSn0lu,Gold,2005,Southern Rock/Classic Rock,0QUlq0LMDVXSBtbyYLTyZh,rock,classic rock,0.567,0.815,11,-10.327,0,0.0557,0.535,0.352,0.66,0.869,152.628,204400
25HWrN7rPVMy7r7JlYZvsC,Drunk On You,Zookeepers,44,7oAvImtminoHsBgJFgKgCd,Drunk On You,2018-04-20,EDM Trap,7CEEEMKV41x0RlFCXWdvKF,edm,pop edm,0.743,0.616,5,-5.708,0,0.0611,0.156,0.0,0.0921,0.369,162.067,208589
4yJZP61jBhVTesHBZ0gpQn,Fox on the Run - Single Version,Sweet,36,4HGPHhiAhhXOrr5K6G70tA,"Fox on the Run (from the ""Guardians of the Galaxy 2"" Trailer)",2016-12-16,Classic Rock Legends,3NcxM1LJJdua8AcRxtijNY,rock,classic rock,0.481,0.747,4,-6.937,1,0.0364,0.00698,0.0,0.0646,0.732,127.597,200800
1YrnDTqvcnUKxAIeXyaEmU,How Soon Is Now? - 2011 Remaster,The Smiths,69,1j57Q5ntVi7crpibb0h4sv,Hatful of Hollow,1984,permanent wave,7rPsfDTqiZYIT4PVzQ4c0c,rock,permanent wave,0.398,0.93,11,-6.76,1,0.0615,0.000854,0.121,0.0874,0.725,190.818,408173
2mIhnz6uEyGqXDaYUtr87x,Nena Fichu,Farruko,58,5juo8FAhKpHZrXkKnKe5BQ,El Talento del Bloque,2016-02-22,Reggaeton Rewind,37i9dQZF1DXco4ODkIraMD,latin,reggaeton,0.691,0.69,9,-5.805,0,0.0482,0.216,0.0,0.291,0.886,171.967,208274
0WZVGXO8FYpK8v1IDxlOyE,A Sky Full of Stars - Hardwell Remix,Coldplay,51,0CvMcLab5Xb0KL7gsQfhhv,A Sky Full of Stars (Hardwell Remix),2014-12-01,2011-2014 House,53Ga3Xt9fumdJfhNNSBvzU,edm,progressive electro house,0.652,0.657,3,-4.491,0,0.0306,0.00209,7.04e-05,0.0859,0.0873,127.998,313125
2kLEHA4jUbmjpDWfSEOKv0,Night At The Opera,Kevu,34,7p4rAEJXhglLoYVPrkccNN,Night At The Opera,2019-08-30,Big Room EDM - by Spinnin' Records,7xWdFCrU5Gka6qp1ODrSdK,edm,big room,0.596,0.833,2,-6.228,1,0.03,0.000348,0.597,0.114,0.126,130.008,208773
1dSHz2TN7HwE8p5aGw8jjy,Eastside Vs. Westside,Baby D.,14,0AL297JKQYDpj8CmnpV7TO,Lil' Chopper Toy,2002,Dirty South Rap Classics by DJ HOTSAUCE,0tLHH1C4HkWEUCXXSSjbOe,rap,southern hip hop,0.699,0.82,3,-4.968,0,0.243,0.00712,0.0,0.319,0.468,130.015,190427
7w87IxuO7BDcJ3YUqCyMTT,Pumped Up Kicks,Foster The People,83,7Kmmw7Z5D2UD5MVwdm10sT,Torches,2011-05-23,Pop Inglés (2020 - 2010s)💙 Música En Inglés 2010s,4QAzO1Z92yqqD6Mf3mOANu,pop,dance pop,0.733,0.71,5,-5.849,0,0.0292,0.145,0.115,0.0956,0.965,127.975,239600
06lUC60bYItTvFWGuEKyvt,Patser Bounce,Dimitri Vegas & Like Mike,50,4ZWcUFmF0PBhtJTEbvYdUF,Patser Bounce,2018-02-01,Hands Up‏‏​​   ‍,1lSdljPk8zcAdXVMUduDia,edm,progressive electro house,0.295,0.969,9,-5.525,1,0.0729,0.00224,0.773,0.104,0.22,137.746,152421
3c7U2Kj8YL8BquVmEhybCR,Si por mi fuera,Beret,74,10Biiwr7Gd6dsEd4VgvFaZ,Si por mi fuera,2019-10-21,Latin Pop VIP,37i9dQZF1DX1QnNyJOBQBv,latin,latin pop,0.701,0.748,2,-5.717,1,0.0317,0.0269,0.0,0.102,0.875,150.078,208824
1XxUDJp9zsjd6tBSvE3la4,Heavy Metal,Sammy Hagar,58,5EuL5NWA7SbMENWt8C16wn,Standing Hampton,1981-01-01,The Sound of Album Rock,3yj9YnQGTdnFuKbDyXGDi6,rock,album rock,0.276,0.639,2,-11.674,1,0.0471,0.0178,0.0,0.292,0.643,186.502,230507
26oVGThkGYJLmRyj1oio8K,Here We Go,Ton! Dyson,4,0l31OkMuMWEap6JA9d1djG,Selected Works,2013-10-28,big boom room — TOMORROWLAND EDC EDM BIG ROOM AMF ADE DANCE TRANCE HARDWELL TIESTO,2oalsaFUockoPf1DU3wrL8,edm,big room,0.563,0.904,2,-5.873,1,0.102,0.000159,0.842,0.0679,0.274,128.035,316875
7ilOQyCyjY35pjorODPbpT,Alps,Motorama,44,5cRKluB55Q4vy4LUfMVHki,Alps,2013,Permanent wave 🌊,0QN4FeJQ1mpCygRg9r2JIK,rock,permanent wave,0.417,0.882,9,-5.314,1,0.0415,0.056,0.0171,0.107,0.259,136.269,246533
2ULg8Cw0Ckn5JDGUkCNXko,Hung Up,Tritonal,49,1Qp6BLtv1KF2zGoNPXALLc,Hung Up,2016-12-02,Happy EDM,3d2JFEbvcx7p2CHkBaQeMZ,edm,pop edm,0.443,0.726,7,-3.745,1,0.167,0.416,0.0,0.369,0.37,119.824,220000
6n8TMVyFKoUmDc4apxceRD,Breaking the Habit,Linkin Park,65,4Gfnly5CzMJQqkUFfoHaP3,Meteora,2003-03-24,L' ALBUM ROCK,0jilq2XZP9F2fwzp2k6iXK,rock,album rock,0.579,0.849,4,-5.218,0,0.0303,0.108,0.0,0.0909,0.581,100.021,196907
7Dj8lFTfYuB3CkfNpRuWjb,My Generation - Shel Talmy Stereo Version,The Who,1,0zN9LgK90X6gTeEajU7bCG,My Generation (Deluxe Edition),1965-12-03,HARD ROCK CAFE,55ybnG2z8rpTIerRfnCsw6,rock,hard rock,0.444,0.896,0,-5.704,0,0.0523,0.00875,4.55e-05,0.294,0.804,94.991,201800
4agux2ri6ezt9QwwEToj9I,If I Back It Up,Nellie Tiger Travis,35,4mX1pzBgZbJjbnRNdjl119,Wanna Be With You,2005-01-01,Southern Soul BBQ Mix,3nTS97zUqxJBQeiXNRs963,rap,southern hip hop,0.655,0.459,1,-6.168,1,0.277,0.142,0.0,0.1,0.897,203.364,228987
7m9OqQk4RVRkw9JJdeAw96,Jocelyn Flores,XXXTENTACION,86,5VdyJkLe3yvOs0l4xXbWp0,17,2017-08-25,Sad Trap,7kzKtw5vug3IIxKfLadi8A,rap,trap,0.872,0.391,0,-9.144,0,0.242,0.469,4.13e-06,0.297,0.437,134.021,119133
63HA3dpnOmdDcazJ9sDfrh,It's So Easy,Guns N' Roses,60,3I9Z1nDCL4E0cP62flcbI5,Appetite For Destruction,1987-01-01,This Is Guns N' Roses,37i9dQZF1DX74DnfGTwugU,rock,album rock,0.375,0.973,8,-10.098,1,0.128,0.0134,9.52e-06,0.0947,0.218,150.636,201360
1qFUgLQ1FvHZsQJCBfoLrX,Home,Junkyard Drive,37,4bs2AIvcG8HOksqcNFWYyT,Home,2019-10-18,Hard Rock,37i9dQZF1DX1X7WV84927n,rock,hard rock,0.387,0.844,1,-4.063,1,0.0486,6.06e-05,0.00833,0.374,0.443,146.988,250612
6DrxbTWxIr2lATrvikvaTp,Cryin',Aerosmith,30,33lrptYaoQiDsAcZPXKFna,Tough Love: Best Of The Ballads,2011-01-01,80s / Classic Rock,29dTrOurPDrMcrnio2q6hZ,rock,classic rock,0.449,0.833,9,-3.687,1,0.0326,0.000218,0.00572,0.368,0.518,105.895,308640
02U1wo5IoGEPAkYidjUAv8,Pakki Gal,Pam Sengh,35,1Rs5S8jAz49lHqfBIP1OFU,Pakki Gal,2018-11-02,RAP 91,37i9dQZF1DX1ct2TQrAvRf,rap,hip hop,0.69,0.651,0,-4.673,1,0.164,0.245,0.0,0.19,0.201,98.025,178782
2r4ryc4r1Y6pMgdBJmG2Wk,Show Me Love - Official Festival Mix Edit,Michael Mind Project,40,029HEGMA07SEMd36ZLaww6,Show Me Love,2014-03-28,Fitness Workout Electro | House | Dance | Progressive House,6KnQDwp0syvhfHOR4lWP7x,edm,electro house,0.606,0.761,2,-6.378,0,0.0293,0.00476,0.00269,0.162,0.0915,129.974,208623
0tVv9FxhUjHrhF1DLsDUNH,Fuji Opener,Skrillex,58,6xKK037rfCf2f6gf30SpvL,Show Tracks,2019-07-19,Nasty Bits,37i9dQZF1DX2VvACCrgjrt,edm,electro house,0.662,0.941,1,-1.641,1,0.0626,0.000375,0.029,0.292,0.579,149.982,167200
6QgrtZd7jesLhayETrYOnA,Le Flute,Larris V,7,2X715ggg7XuP7vJhEdKtfr,Le Flute,2017-01-27,Latin Village 2019,3JcJCsvBnRsA6oc7eUYDSB,latin,latin hip hop,0.795,0.856,1,-6.765,1,0.0432,0.000461,0.797,0.121,0.288,125.999,275627
3euEV5zHI4OBlxeGhtP1br,Nightride,Carl Louis,23,3G1gLkPifuckJ5FQXSpnaZ,Nightride,2019-08-16,Electro Pop | Electropop,2a5i2ZtEXGKwVGL16J8N0p,pop,electropop,0.512,0.613,2,-7.286,0,0.0379,0.0592,0.0563,0.253,0.324,120.0,273801
2E124GmJRnBJuXbTb4cPUB,FEFE (feat. Nicki Minaj & Murda Beatz),6ix9ine,15,0gjZidNFs7O2qqE2Z5elJ3,FEFE (feat. Nicki Minaj & Murda Beatz),2018-07-22,Great Pops,5SO7xYih5w8X5FEpKvU7Rt,latin,latin pop,0.931,0.387,1,-9.127,1,0.412,0.088,0.0,0.136,0.376,125.978,179405
6ftZKIYKzEZBBGCKK1SCGX,Whoopedoo - Varrick Frost Remix,Balduin,21,3QAHeoozh7V7vEkALI0iZT,Whoopedoo (Varrick Frost Remix),2019-07-26,Electro Swing Top 100,5M7xLCQTYJL0lbKIrUn3a4,edm,electro house,0.924,0.8,2,-4.311,1,0.0578,0.11,0.71,0.0879,0.294,127.993,166705
5EDTdg6eLRK9aByNMBWCFk,Um Pouco De Você,Vitão,54,71HeCCNmwSJpAQy0eZYwV0,Ouro,2020-01-17,Brisa Pop,37i9dQZF1DX2vsux22VuNL,r&b,hip pop,0.774,0.603,9,-7.367,0,0.0711,0.168,0.0,0.288,0.646,89.998,162867
0B9tlo3EDwWazIPlyWpKAH,Sincera,Fred De Palma,32,4v1bb148A8O08J4TOqLb29,Sincera,2018-11-06,VidaLoca - Latin / Raggaeton / Hip Hop ©,7EPbNmUW9nkRplDLSN9te4,latin,latin hip hop,0.738,0.799,6,-3.182,1,0.0722,0.0197,0.0,0.116,0.553,94.009,189894
4k0bXm9Q4RaTuYi09i4lKK,Jump (For My Love),The Pointer Sisters,63,091NaILFpszQchbFnIFiIX,Fire! The Very Best of The Pointer Sisters,1989-09-21,80's Songs | Top 💯 80s Music Hits,65HtIbyFkaQPflCa4oW8KO,pop,electropop,0.86,0.705,10,-12.514,0,0.0894,0.107,8.87e-06,0.149,0.854,134.395,262618
6Dg2RJihNlbkLSmtXY3p5f,Warm on a Cold Night,HONNE,59,0aWcnOSntyOxzNCxBksLW6,Warm On A Cold Night (Deluxe),2016-07-13,Indie/Jazz Poptimism,6OaTudLqBEuTyUMPxRNpZc,pop,indie poptimism,0.342,0.609,8,-5.68,1,0.0943,0.185,0.00052,0.0799,0.401,82.989,261595
4ndDbJMhpCC5DxFOzMmf4t,Love Hurts,Nazareth,7,4v7ImrdxXL4rYPutcdmyXV,Hair Of The Dog,2010-02-15,Mega Rock Ballads: The Best Slow Rock Compilation Ever !,6LJtRKgDpzM8ZbbwC0jLhe,rock,album rock,0.442,0.491,7,-6.598,1,0.0246,0.00693,0.00491,0.114,0.125,79.954,232120
5BtDhaG1ggRGBPvKi9eVUz,Back To Hawaii - Elektro Mix,Picco,1,1VrkvNIB4jATJHQlbF1K4X,Back to Hawaii (The House-Edition),2006-12-11,Electro/Progressive/Club House,1HtnPDj2V126xB9tJP786P,edm,progressive electro house,0.8,0.876,1,-6.815,1,0.305,0.0268,0.506,0.301,0.449,132.675,345896
0fqKsU4Hsnb0oKlyjat9da,143,Musiq Soulchild,33,2RmMKj20xouC3Mqq1CyZ3c,Aijuswanaseing,2000-01-01,Neo Soul,2YPP7fiYu5pIcp2yyHvw4A,r&b,neo soul,0.606,0.532,8,-8.916,1,0.0464,0.0749,0.0,0.0581,0.199,87.827,297800
0nPj7f507HUBm8BCBbv8on,Daydream,Broiler,2,2mHsXE72LL5RTe8rXj0ir4,Daydream,2016-05-16,Tropical Beats,37i9dQZF1DX1bDvyV0IkZ3,latin,tropical,0.709,0.68,11,-7.264,0,0.0383,0.0828,0.0189,0.327,0.333,120.034,236853
2GiJYvgVaD2HtM8GqD9EgQ,Electric Love,BØRNS,75,17l7MIu0Jh0tdgK7or9ovw,Dopamine,2015-10-16,Indie Poptimism,7Ic1UwucK3ozdycPBIPVSR,pop,indie poptimism,0.611,0.797,6,-7.627,0,0.0533,0.00543,0.00137,0.26,0.518,120.041,218107
2jz6rWGqVCYsymwxGoaON4,Detroit Rock City,KISS,68,7FNmV0xgcXHkXkAW2HRTFC,Double Platinum,1978-01-01,Classic Rock Playlist.,7CESj1xKbxdArRzloygvkl,rock,classic rock,0.546,0.901,5,-6.729,1,0.0685,0.0422,4.48e-05,0.292,0.459,90.591,215933
1N2WgeL41XVWSPJ7kZrVts,For Your Love,Edu Linares,10,0zSre8wqCxuRqGYJuIp9nZ,For Your Love,2018-12-21,LATIN FLOW MIX - Música Cristiana🎵,396llvvFOIB9jgPg0kqNDb,latin,latin hip hop,0.588,0.942,9,-4.386,0,0.0388,0.236,0.209,0.0579,0.823,160.008,168000
4s2SoSFk0djYAGEijhnBXC,Friday,Theblackboyjohn,5,4opPH47a9pDfOgkZbAOIw8,Friday,2019-08-16,Neo-Soul,1eqVgsNjaX6mxDPoefhocT,r&b,neo soul,0.533,0.594,4,-7.373,0,0.0903,0.0234,8.9e-06,0.0463,0.196,105.987,163631
10L4K7607BSC5aq8lc2leC,Black Or White,Michael Jackson,0,17rMrtfUIKzVNOHdyiJpzR,Dangerous,1991-11-13,New Jack Swing,3ykXidKLz1eYPvuGoFlD1e,r&b,new jack swing,0.518,0.9,9,-3.748,1,0.0933,0.172,0.0315,0.0713,0.872,115.029,254933
7ut6YM9zxmfExEEwXLFH2J,Pull the Pins,This Is Not Utopia,25,4IRJuCNo5wk4h9p67PIKxo,III,2017-05-02,Hard Rock Workout!,5nQrMpkyWmxPX0gk74htMk,rock,hard rock,0.445,0.97,6,-4.867,1,0.0693,5.92e-06,0.846,0.268,0.239,90.017,204324
1ZnphXcGuAlLpw2lkRB9It,Let's Talk It Over,Lee Fields,44,0UyTPEmsg8gIy8MFfmEGyu,Let's Talk It Over (Deluxe Edition),2013-01-15,Sexy Soul 2020,5EMARioe9z9eKOeWIAC2JW,r&b,neo soul,0.422,0.503,0,-9.074,1,0.0663,0.612,0.00078,0.335,0.476,157.555,180200
3yfQszYPiaXAV4NP6BJGKK,La Paleta (feat. C-Kan),MC Davo,60,4nLMLwvw1JWF0miLCJLmXa,La Paleta (feat. C-Kan),2019-12-13,Arena Hip-Hop,37i9dQZF1DWVFZbCNivv6B,rap,hip hop,0.669,0.788,10,-3.869,0,0.282,0.0537,0.0,0.0457,0.776,160.171,175500
2ONRkpOJ6X91GMXMthtT0M,Ride It - Jonas Blue Remix,Regard,69,6DPGJNJf9crOOe2pyRjF6S,Ride It (Jonas Blue Remix),2019-11-01,EDM 2020 House & Dance,25ButZrVb1Zj1MJioMs09D,edm,electro house,0.689,0.946,7,-3.814,0,0.0397,0.00658,0.00189,0.262,0.392,125.037,182400
5maosvba9QkQP14u6vtxog,Montreal,Roosevelt,54,4AFujnAenTwa4R07Fwyysp,Elliot - EP,2013-08-19,Permanent wave 🌊,0QN4FeJQ1mpCygRg9r2JIK,rock,permanent wave,0.669,0.642,5,-9.004,1,0.0515,0.00221,0.834,0.203,0.838,115.973,236336
5nieWhdPvbkmBTRJWJWzW4,RAW,L3N,19,1ccoN5yjPWB61RW6rw382m,RAW,2019-07-12,Big Room Beast,3PNyCpkY7NAXyhopBpj7vc,edm,big room,0.656,0.897,2,-3.301,1,0.0669,0.00495,0.581,0.0888,0.148,127.968,172630
7MUazB4rGIqFFIkjT95rCO,Baianá,Bakermat,54,7ImQIxwDqi9OKS93QMsKQN,Baianá,2019-07-26,Tropical House,37i9dQZF1DX0AMssoUKCz7,latin,tropical,0.564,0.723,2,-6.983,0,0.0702,0.000741,0.672,0.543,0.466,121.97,180843
42LjrGJeB2avMnozDd3lfs,Crescent,Anomalie,36,26vtJbGEsdQrpXSIOaceOY,Crescent,2018-02-23,Urban contemporary,1ZlL3IQS8eB0s0RMxz02yD,r&b,urban contemporary,0.825,0.292,1,-7.853,1,0.17,0.679,0.848,0.235,0.683,111.794,194464
6BnONjR7itGMEqwxKTIlRM,Safe And Sound,Capital Cities,13,5ps3FwS0qGdRCvXop8q9vn,In A Tidal Wave Of Mystery (Deluxe Edition),2013,ElectroPop,0cuHKz65ZPqBX1brG8djlg,pop,electropop,0.653,0.822,0,-4.857,1,0.033,0.00021,0.0047,0.0838,0.762,117.949,192790
5ojJNnX5ND2gMGojPd3NiO,In Those Jeans,Ginuwine,61,3t4OgAvvOzvXw8D2NHUeDR,The Senior,2003-04-08,90s/00s Hip Hop & RnB,0Ar0Ng9DlAWZtSPBvOQgOa,r&b,hip pop,0.691,0.541,1,-5.873,1,0.0776,0.508,0.0,0.0753,0.319,127.683,243307
0ZmQwyyJNR4nLPwhotSopI,P.D.A. (We Just Don't Care),John Legend,5,4t9j6j34evvYo5DothS2c2,Once Again,2006-12-19,Soul Coffee (The Best Neo-Soul Mixtape ever),16iNEskDatG5KbDV16F6LR,r&b,neo soul,0.796,0.729,11,-6.94,1,0.0488,0.082,0.0,0.302,0.578,111.496,278760
7GWaGnbGZEg1Pquhr07cVz,Drive,Glades,44,02d4EXbFk2E0GPMP7XGnXb,Drive,2016-01-21,Chillout & Remixes 💜,4NlAd9NpIa92IjErMyAriM,pop,indie poptimism,0.589,0.72,0,-6.706,1,0.0273,0.161,0.00013,0.0995,0.353,128.014,187915
0iBGgTRtJU8XEjdRL8ZFQi,Classic (feat. Fetty Wap & POWERS ),The Knocks,43,0gXHGytb6ZX0ei9vsYRQxI,Classic (feat. Fetty Wap & POWERS),2015-07-31,@deniceemoberg EDM - POP REMIXES,2fbrY1tuoW8Uji14H7623k,edm,pop edm,0.627,0.938,2,-2.535,1,0.0384,0.00574,6.5e-06,0.0478,0.587,101.981,219388
4lnVigld8DSkCx0RWXiuKd,Coolant - Remix,Farruko,3,1WWoh6gWDOcFQD2V6KgfOk,Coolant (Remix),2018-11-16,This Is: Don Omar,37i9dQZF1DWYBUdckfg1va,latin,reggaeton,0.729,0.833,8,-6.252,1,0.152,0.106,0.0,0.463,0.916,172.07,230581
1pCOmSyhfCTFm6vdoeD4JD,"Darlin', Darlin'",Ready For The World,6,1NfJYue8fEojhvseFaOsa2,Ruff-N-Ready,1988-01-01,Kenny B's Ultimate New Jack Swing Mix,7bdhfXlbfml9CuNn5c7372,r&b,new jack swing,0.804,0.523,1,-14.598,1,0.0636,0.00886,0.116,0.0368,0.806,124.323,285333
1trC8L8YpawkU553ymy2zC,Calling (Lose My Mind) - Radio Edit,Sebastian Ingrosso,61,1QL4aGJ6SwMK94EEf8Kdhc,Calling (Lose My Mind),2012-01-01,Mix ElectroPop//ElectroHouse// DeepHouse 2020,23swqzpOZwW1NhPiZ7iyFI,pop,electropop,0.416,0.849,1,-4.909,0,0.0455,0.00864,0.000138,0.204,0.147,125.098,205440
19qn6oU2t0E72ENA0aWNsX,So What,P!nk,15,2MqP4akeOQpLkq7jpQqlHT,Funhouse: The Tour Edition,2008,Pop Inglés (2020 - 2010s)💙 Música En Inglés 2010s,4QAzO1Z92yqqD6Mf3mOANu,pop,dance pop,0.535,0.888,11,-3.1,1,0.0446,0.000304,2.17e-06,0.324,0.451,126.011,215160
3mRBSk7h2Vr0D0yott8VhC,Shattered Amethyst,$uicideBoy$,53,1gbgmfoERh4YxIVyyjS8Hp,My Liver Will Handle What My Heart Can't,2015-09-21,< DARK TRAP >,19WuHd4MxWLzE1fpMmw4S4,rap,gangster rap,0.806,0.702,0,-6.643,1,0.0688,0.274,0.138,0.323,0.182,105.975,126874
73kgeinD9RMBp6r6yqUA6w,Long Cool Woman (In a Black Dress),The Hollies,27,5ourevL93kFzjWH6lIyT42,20 Golden Greats,1978-07-01,Classic Rock Greatest Hits,6TeyryiZ2UEf3CbLXyztFA,rock,classic rock,0.761,0.788,4,-11.672,1,0.0596,0.44,0.00531,0.341,0.768,138.902,197133
4pn0G7yHNfTgRYRWca8gYA,We Are One (Ole Ola) [The Official 2014 FIFA World Cup Song],Pitbull,55,60mvULtYiNSRmpVvoa3RE4,We Are One (Ole Ola) [The Official 2014 FIFA World Cup Song],2014-04-08,"Hot Latino Mix (Latin, Hip Hop, Rap, RnB, Dancehall, Reggeaton, Afro)",3hR2R6szlkwZeGyclTgHcF,latin,latin hip hop,0.595,0.942,6,-3.605,0,0.0707,0.00431,0.0838,0.0984,0.549,124.989,222467
4WyG9lfJYVuzwHbDvhNtoq,Drain Me,Sam Sky,14,5YX1NwlFM0E4AeGMTypvFs,Drain Me,2020-01-17,"Latest Hits 2020 - Pop, Hip Hop & RnB",7FqZlaYKkQmVnguJbHuj2a,r&b,hip pop,0.382,0.646,11,-6.312,0,0.0684,0.0404,0.0,0.0517,0.333,77.123,195352
1uXbwHHfgsXcUKfSZw5ZJ0,Run the World (Girls),Beyoncé,75,1gIC63gC3B7o7FfpPACZQJ,4,2011-06-24,Pop Inglés (2020 - 2010s)💙 Música En Inglés 2010s,4QAzO1Z92yqqD6Mf3mOANu,pop,dance pop,0.733,0.899,0,-4.237,1,0.143,0.00496,4.72e-05,0.372,0.76,127.086,236093
68a6za8K8hOjUNLsH3LnLs,Deeper,ANG,42,67rAMeAeVTpcz4uyYOIqPJ,Deeper,2019-02-22,Big Room 2019,6SrHyxIxWfQx9ISEr6yowk,edm,big room,0.644,0.934,2,-4.685,1,0.0912,0.0401,0.00431,0.352,0.0844,128.012,185625
5Lhlma8CbXwj3ptne7H6DF,Se Supone,Lucah,54,3G0nsurU2QSdw4439JcbhT,Se Supone,2019-02-08,Exitos 2020 - Latin Billboard,0k2IDDkcVyIpIgE6d1woDM,latin,latin pop,0.653,0.335,0,-10.268,1,0.0302,0.442,0.0,0.111,0.146,120.05,246147
2ahVlPHe8XlXKFjL2zZLPD,Kissing Mouths,Natania,35,3yROkD3HX0bwrEkVtHcPzJ,Kissing Mouths,2019-02-01,Tropical House 🌴,06zrBJ5cts5aemZmqe80J7,latin,tropical,0.622,0.474,3,-10.243,1,0.291,0.131,1.74e-06,0.164,0.543,165.864,164819
3mcHiEuXRSUOH5eHToudmf,Non-Stop,Thomas Gold,28,2ku4YpvOsrszX9LO3Rh1ae,Non-Stop,2019-02-08,Fresh EDM | Progressive House | Electro House | Trap | Deep House | Electronic | Future House/Bass,0FCHg9zJMNNiOokh3hVcxd,edm,progressive electro house,0.583,0.972,7,-5.463,0,0.0474,0.00507,0.87,0.0419,0.0396,128.016,175689
5VhDYAIGxYBsc8gxFgpZs2,De Nada,(dc),28,3kQCLx84QtyjvetdWVblW2,De Nada,2015-05-14,Groovy // Funky // Neo-Soul,0JmBB9HfrzDiZoPVRdv8ns,r&b,neo soul,0.79,0.607,4,-8.273,0,0.182,0.148,0.00104,0.296,0.395,120.014,168193
7wBJfHzpfI3032CSD7CE2m,STARGAZING,Travis Scott,80,41GuZcammIkupMPKH2OJ6I,ASTROWORLD,2018-08-03,Hip-Hop Mixtape,37i9dQZF1DWVdgXTbYm2r0,rap,hip hop,0.487,0.789,8,-3.69,1,0.044,0.00947,4.05e-06,0.189,0.0564,150.007,270715
1WIYllV6fUhUrX0zOc83yj,Ya no me importas,Ferdy,0,5o0ofQYqopoKsAzEBE7j4W,Player,2009,Latin Pop antiguo,4BmnnqWEQAamNoVjtjrQJP,latin,latin pop,0.822,0.833,9,-1.889,1,0.0769,0.0494,0.0,0.138,0.909,98.532,235907
4F8V44j8cbjHnXjfW2HruU,BOSS,The Carters,54,3hCiP4V5Mu3Y0Z8lb70iDp,EVERYTHING IS LOVE,2018-06-16,Feeling Accomplished,37i9dQZF1DWTDafB3skWPN,r&b,hip pop,0.813,0.488,11,-7.737,0,0.257,0.187,0.000132,0.231,0.688,139.983,244133
5kIcrM3QVD4BQPFMszQnU1,¡Corre!,Jesse & Joy,70,5koG6JeFEwcINyN1QuXyiq,¿Con Quién Se Queda El Perro?,2011-12-06,Latin Pop Classics,37i9dQZF1DX6ThddIjWuGT,latin,latin pop,0.479,0.477,11,-6.886,1,0.0363,0.127,0.0,0.15,0.127,151.97,288893
0vqWlRxvhBmYkfj8UOTjmH,Amor Loquito,Josue Diaz,38,5prBDeO6u1FUwajMA7Edzu,Amor Loquito - Single,2014-12-16,MIX LATIN POP°,6IS6XTdbS9qJZgfjNKgpB8,latin,latin pop,0.747,0.792,10,-6.197,1,0.038,0.15,1.24e-05,0.0765,0.891,121.962,212651
2lTL3S3KG0b728s6FuJNLf,Push Myself,Adrianne Archie,7,78LuJXr2cCqUjum3lsBqo0,"He That Hath An Ear, Let Him Hear",2006-01-01,Gospel Neo Soul,2wP2UAYC4Nqb6oUXkMJlAz,r&b,neo soul,0.643,0.592,9,-6.09,1,0.0331,0.29,1.58e-06,0.106,0.477,120.049,239520
1hUxy4xuXlzRENHPg5Qqdb,Rakata,Wisin & Yandel,0,06wangppKC5zu161TzLrnB,Mas Flow 2 (International Version),2005-01-01,Reggaeton viejito🔥,0si5tw70PIgPkY1Eva6V8f,latin,reggaeton,0.726,0.784,1,-6.053,1,0.239,0.0607,0.0,0.112,0.651,192.068,171147
0Uc706myy6Th7I6KQ9xA1x,So What,Field Mob,52,4ZIvx3lm0ytWm06bH8DAwR,Light Poles And Pine Trees,2006-01-01,The Sound of Southern Hip Hop,18jT9NMRZifv6cMtK2jWD4,rap,southern hip hop,0.931,0.486,6,-10.558,1,0.139,0.0579,0.0,0.161,0.896,120.026,216000
64L7BSxBzDkZZSWO7YdgPd,Finder (The Path),Ninetoes,1,7xCfk1UzP8QE55I8GutCcu,Finder,2013-08-19,💊ELECTRO-HOUSE-TECH💊,0AFYmoSuoMQiGGjzvBwr6u,edm,electro house,0.82,0.729,6,-8.506,0,0.0547,0.00313,0.876,0.0783,0.0802,120.998,351080
1qP7KmHJbzvV8KsFPhW8wY,Seven Seas Of Rhye - Remastered 2011,Queen,38,0NouBnbXRJKFWzm9LwCW0K,Queen II (2011 Remaster),1974-03-08,The Queen - La Discografia Completa,3E88dLx4fgFYY70gdGzdnB,rock,album rock,0.317,0.896,2,-6.089,1,0.104,0.122,0.0168,0.253,0.421,126.894,168973
2zkVH2daHyjS51g7PRJFDn,¿Qué Ha Pasao'?,Abraham Mateo,78,2KSuEqdiRePWkHU15Q9KH6,¿Qué Ha Pasao'?,2019-10-01,Latin Pop VIP,37i9dQZF1DX1QnNyJOBQBv,latin,latin pop,0.648,0.752,7,-4.13,1,0.133,0.315,0.0,0.201,0.405,178.228,198053
59jHH3RyODRyVPCgpM106o,I Know,DallasK,62,4aV2pC92HD6Dw1WTEihept,I Know,2019-09-06,Club Mix 2020 🍹,7sq6nuruoMyDhEWkX2oYOg,edm,electro house,0.6,0.873,10,-4.773,0,0.0795,0.0009,0.00102,0.156,0.295,122.045,146448
76GXOX2b5MASAaRSdPfJck,Shockwave,Audax,40,7AYycKkJ5VSRHMC7D5mA3F,Shockwave,2019-06-14,Techno House 2020 👽 Best Collection 👻 Top DJ’s Electronic Music - Deep House - Trance - Tech House - Dance - Electro Pop,3QEYvCsVXZj8KuzE0bDmcI,edm,electro house,0.7,0.823,5,-5.269,0,0.0392,0.011,3.45e-06,0.103,0.544,125.969,210000
4mm8a4NFLKVzciUJkCPWrL,War Wounds,Master P,30,0BVvg6EVfwto3LmLbhEAnM,MP Da Last Don,1998-01-01,90s-2000s Southern Hip Hop / Crunk,5wsWBmQgDtKa8CEg7wTEMi,rap,southern hip hop,0.801,0.588,1,-7.386,0,0.234,0.00876,0.0,0.401,0.447,82.018,262107
16NOHRm0OEjmg55OZAxVmV,I'm In Control,AlunaGeorge,5,37mAgcmJfS79CK0lrfTIth,I'm In Control,2016-01-21,Electropop Hits  2017-2020,7kyvBmlc1uSqsTL0EuNLrx,pop,electropop,0.734,0.847,11,-3.713,0,0.0346,0.355,0.000144,0.154,0.673,104.013,209425
2H7PHVdQ3mXqEHXcvclTB0,1999,Prince,68,3U1ht9EdWEI9nMvaqdQI67,1999,1982-10-27,80s-90s R&B / New Jack Swing / Funk / Dance / Soul,3X4HmijjKdwwLonCrOOEAZ,r&b,new jack swing,0.866,0.73,5,-8.201,1,0.0767,0.137,0.0,0.0843,0.625,118.523,379267
0c4IEciLCDdXEhhKxj4ThA,Madness,Muse,70,3KuXEGcqLcnEYWnn3OEGy0,The 2nd Law,2012-09-24,"Muse Radio - (Uprising, Starlight, Supermassive Black Hole, Madness)",0dAbaJtkS9st5o0cBe1Zcu,rock,permanent wave,0.502,0.417,10,-7.665,1,0.0718,0.127,0.00419,0.106,0.218,180.301,281040
7fODjB7BrQTGqh0hogW6XD,Que Mas Pues - Remix,Justin Quiles,83,3TgOrQ3p23Af8zSsxK8fdX,Sueños,2019-04-19,Latin Hip Hop & Rap Playlist 2019,6hIDPF658AhRbxr8HN7OeA,latin,latin hip hop,0.648,0.661,11,-5.027,1,0.195,0.121,2.33e-06,0.12,0.813,113.363,305962
2oENJa1T33GJ0w8dC167G4,Fire Burning,Sean Kingston,69,33YSJfsBkjN3yqcq18bdRi,Tomorrow,2009-09-04,Post-teen pop,2KyjkYsSsC1UR75b0m98vd,pop,post-teen pop,0.839,0.804,1,-2.513,1,0.0329,0.0192,0.0,0.331,0.888,122.973,239987
0fsj3HxzBHev6EJ7OLFE3r,Double Vision,Foreigner,52,6lu6DYE0eHHp1gd3QGUYhu,Double Vision (Expanded),1978,House Of The Rising Sun,1bMYfBHYBCRHY5LGkjlpSy,rock,album rock,0.682,0.711,9,-7.637,0,0.0325,0.179,9.53e-05,0.126,0.766,129.546,224533
0jQvPp3hJlJQd9tz2EkH6b,200 Press,James Blake,36,6g54rJNJ14jvgdkJDuQ5Wk,200 Press EP,2014-12-08,Urban contemporary,1ZlL3IQS8eB0s0RMxz02yD,r&b,urban contemporary,0.785,0.573,5,-9.082,0,0.0416,0.304,0.403,0.0824,0.595,126.465,373243
61oG7DvhBOvdXBALpVY9VG,W W Y D F,Zero 9:36,11,6SCi1d5fWBXhtjK9jQRMk9,W W Y D F,2019-03-22,Rock Hard,37i9dQZF1DWWJOmJ7nRx0C,rock,hard rock,0.359,0.889,2,-4.238,0,0.0517,0.000355,0.00324,0.0577,0.469,94.059,180000
1a6dXyCu3izFQuW5VUzoYc,シンプル・ラブ,Junko Ohashi,37,2F6mxuJjSVf8Ou9yCxI5qL,ネオ・ヒストリー,1993,Japanese Funk/Soul/NEO/Jazz/Acid,4zNayWuATXCAA9gaXvnFnq,r&b,neo soul,0.636,0.836,8,-9.616,1,0.0619,0.0186,2.2e-05,0.228,0.801,127.027,240133
66Wrh0XOTSV49oNZThsXe2,Strange Direction,Brothers Page,30,1DOIPQqyDN5xIuZDGyAJZ1,Strange Direction,2019-07-26,"Classic Rock 70s 80s 90s, Rock Classics - 70s Rock, 80s Rock, 90s Rock Rock  Classicos",3Ho3iO0iJykgEQNbjB2sic,rock,classic rock,0.62,0.73,2,-7.625,1,0.209,0.0101,4.76e-05,0.624,0.523,96.01,231345
0MXNzVX7zTva4U569d5oOq,Keep Tryin',Groove Theory,36,0VVegiriO1eyyfOKrLmxtc,Groove Theory,1995-07-25,Neo-Soul / Soulful R&B,4F3xAxHxeBwXhK6k6GPnrW,r&b,neo soul,0.634,0.598,2,-10.415,1,0.0962,0.0997,0.00035,0.298,0.729,83.082,260440
1CHmeKI1Z7UX82uAUSKFnN,We'll Burn The Sky,Scorpions,3,0DQhMtHlEo7HWoyBC53ten,Taken By Force (50th Anniversary Deluxe Edition),1977-12-04,This Is Scorpions,37i9dQZF1DWViGKI2U5P2K,rock,hard rock,0.278,0.759,9,-5.573,0,0.0781,0.0414,0.000596,0.164,0.219,140.358,391053
1kSfJ6FTfXou4dAw51xbc1,Otra Era,Javiera Mena,1,3BEtvyK449N9l2NiXsjSmq,Otra Era,2014-10-28,This Is: Javiera Mena,37i9dQZF1DWSOvcBNdfJ87,pop,electropop,0.534,0.888,2,-6.327,1,0.0274,0.0196,0.183,0.151,0.624,101.989,244979
3vELhVhupyK4gK9EJ9FYkB,I Told You,FWHO,37,3ZoPAHoGzBo3lIzYYrzaZx,I Told You,2019-12-13,Brand New EDM,2dNitDEHM9FpUGEHWc7zyW,edm,progressive electro house,0.773,0.683,9,-6.69,0,0.0369,0.0931,0.000647,0.324,0.395,123.006,205750
6rbhWExtuchhpLC5fHnB8n,Motivation,Kelly Rowland,60,673D6VTmxJquUg31Wq1j0S,Here I Am (Deluxe Version),2011-01-01,The Sound of Urban Contemporary,07zF8MjQPsiYUXiAIGZ5TA,r&b,urban contemporary,0.744,0.672,9,-5.589,0,0.0418,0.187,0.000123,0.105,0.266,140.889,230560
4jmADw2rRriDjzSruTySZ7,Swimming In The Flood,Passion Pit,43,6H51jH1SuzV6ca1VxW2Tmv,Manners,2009,Indie Poptimism,2QiMewRbSavfZ9MSAYz2h6,pop,indie poptimism,0.553,0.763,0,-5.026,1,0.0299,0.00375,0.000939,0.676,0.457,98.022,297613
67ZorjDM25q7bETfLbHdfS,You're the One,SWV,49,0y9RVnTvpZa3LTlUUaD7l4,New Beginning,1996-04-23,New Jack Swing/ R&B Hits: 1987 - 2002,4sji14lrB5bgcr51lPALYH,r&b,new jack swing,0.79,0.608,6,-7.151,1,0.0363,0.522,0.00491,0.193,0.958,94.166,282600
5QTxFnGygVM4jFQiBovmRo,(Don't Fear) The Reaper,Blue Öyster Cult,75,6C9WzlQANeoD0GW5B41YJt,Agents Of Fortune,1976,The Sound of Album Rock,3yj9YnQGTdnFuKbDyXGDi6,rock,album rock,0.333,0.927,9,-8.55,0,0.0733,0.0029,0.000211,0.297,0.382,141.47,308120
7uluf56WVfHNImg1lAY7xP,Hate Me Now (feat.- Puff Daddy),Nas,0,628sghrdUxdjfhevikOgWB,I Am...,1999-04-06,90s Gangsta Rap / Top Hip-hop Classics,0C2zyPdlkbWHrwVg9gqNdU,rap,gangster rap,0.678,0.77,9,-4.399,0,0.222,0.00583,0.0,0.109,0.412,90.0,284000
5zlwdlqDZ1cIr53ufIGBGh,Jam,Michael Jackson,0,5GLiIn0xrAcKWEZ0EXAwM1,Bad / Dangerous,1991-11-13,New Jack Swing,3ykXidKLz1eYPvuGoFlD1e,r&b,new jack swing,0.884,0.96,2,-4.613,1,0.0721,0.0487,0.0228,0.271,0.617,116.273,338173
3b1TJu58AWEiGvnUwDdhag,SPOTLIGHT,eill,44,0BswQmCfVFxm9fJslwiVnp,SPOTLIGHT,2019-11-06,Dance Pop: Japan,37i9dQZF1DXahYFr91pFvG,pop,dance pop,0.638,0.735,8,-4.635,1,0.0873,0.0269,0.0,0.0603,0.628,99.964,221387
7GBO6BJdevV7XojDlP7aE8,Thank You Lord (For Being There For Me),Fred Hammond,31,2mI4JRPhTGEZXw3g6dBCtA,Purpose By Design,2000-04-18,Gospel,0pItJZBDZFvgAOdFnSITnJ,r&b,urban contemporary,0.371,0.746,1,-4.643,1,0.146,0.622,0.0,0.988,0.158,110.476,347667
4IhZN36ncIl66lToIQbqMI,Flame - Steve James Remix,Tinashe,27,5wfevG65FDgfa2pwPC4B7H,Flame (Steve James Remix),2017-06-30,EDM Trap,7CEEEMKV41x0RlFCXWdvKF,edm,pop edm,0.643,0.646,5,-7.155,1,0.0655,0.138,1.34e-05,0.132,0.531,88.866,192135
5LLj8FOkOpBm1zSEchjVlS,Mad For It,TooManyLeftHands,36,4tbA8w8rhD5kAdadDxzs9G,Mad For It,2017-05-05,Crossfit‏‏​​   ‍,5GiPRvTccToqwOzkoAcDrY,edm,electro house,0.702,0.862,1,-3.941,0,0.0333,0.0546,4.47e-05,0.0995,0.711,108.006,208587
476QHG5G8xxNI9VHTBFfjp,Ghostride,Crumb,61,3vukTUpiENDHDoYTVrwqtz,Jinx,2019-06-14,Ultimate Indie Presents... Best Tracks of 2019,37i9dQZF1DWTc5QDlvD7t0,r&b,hip pop,0.665,0.351,2,-9.425,1,0.0278,0.515,0.798,0.109,0.45,87.054,126120
4ucUZ260uit7vsvQfcDqgh,Glory,Chloe Bodur,17,1X2iMJwSLvNUMd9zCm62VB,Glory,2017-11-26,Neo Soul / Modern Jazz / Smooth Hiphop,07SNJ4MwYba9wwmzrbjmYi,r&b,neo soul,0.643,0.477,11,-7.279,0,0.0431,0.0285,0.000937,0.0783,0.12,122.933,252409
3BAuV2yRc5r0F1VJvWmMmA,'Til the Cows Come Home,Lockeland,30,0lxVq5ipmEnayYXsur42rz,'Til the Cows Come Home,2019-03-08,HARD ROCK Vibes,28817h8FTrRI4V40DqHVaB,rock,hard rock,0.672,0.748,1,-3.177,1,0.0438,0.0111,0.0,0.077,0.783,123.034,199800
34x6hEJgGAOQvmlMql5Ige,"Danger Zone - From ""Top Gun"" Original Soundtrack",Kenny Loggins,71,3uN87hwClF0hult2cxMbAW,"Yesterday, Today, Tomorrow - The Greatest Hits Of Kenny Loggins",1997-03-25,Classic Rock,5BygwTQ3OrbiwVsQhXFHMz,rock,classic rock,0.544,0.897,3,-6.056,0,0.0471,0.241,0.0,0.13,0.647,157.17,215133
27K3ZDS5B4fwjhwyihrdzC,(What A) Wonderful World - Remastered,Sam Cooke,13,4y3NeFX7yaEzQfxy70NhZ3,The Wonderful World Of Sam Cooke (Remastered),1960,The 1950s/1960s/1970s/1980s/1990s/2000s/2010s with pop/r&b/soul/boogie/dance/jazz/hip hop/hop/rap.,1S7BckuYIkEazeNKOSM0uA,r&b,urban contemporary,0.524,0.543,11,-9.889,1,0.0397,0.734,0.0,0.275,0.877,128.091,125507
0rtcarwfcStWL5UMNFg8sx,PREACHER MAN,SWIDT,43,1UyDYflraRDX8feuSfVyXe,PREACHER MAN,2019-11-01,A1 Hip-Hop,37i9dQZF1DX0sDai2F5jCQ,rap,hip hop,0.746,0.542,8,-9.917,1,0.233,0.0929,0.0,0.0714,0.923,139.957,200191
6ivEZ3UsWccxvqqqNXwmFB,Wanna Be Loved,Jill Scott,33,3OUq3A9AOpYzd0qPSGU2hQ,"The Real Thing - Words & Sounds, Vol. 3",2007-09-25,Neo Soul,2YPP7fiYu5pIcp2yyHvw4A,r&b,neo soul,0.865,0.674,1,-6.577,1,0.0502,0.0778,3.06e-06,0.0955,0.625,119.975,202547
5k7SekU9GZjOAcCYc1VEtz,Knock Me Out,T-SQUARE,0,0TvVsaFDsyqHwzrJ04mjhH,Paradise,2015-07-08,City Pop 1985 シティーポップ,3j2osvmecEao5nmo9jZ5df,rock,album rock,0.591,0.823,2,-6.296,0,0.0474,0.219,0.353,0.0918,0.664,124.942,264307
5YJ5uwcKow2zxSE6GGf1iI,Poquito a Poquito,Sonny & Vaech,0,1yrERRjptojp0XCpGxc2Mq,Poquito a Poquito,2014-04-12,MIX LATIN POP°,6IS6XTdbS9qJZgfjNKgpB8,latin,latin pop,0.847,0.798,9,-4.926,1,0.05,0.222,0.0,0.0675,0.961,121.981,228545
2KJPYFHskvDeuAZ1sbbBys,Nobody,Beverly,31,03VjZd6b2MZHJVCdBNmasF,INFINITY,2019-12-04,Dance Pop: Japan,37i9dQZF1DXahYFr91pFvG,pop,dance pop,0.561,0.929,11,-1.687,1,0.0288,0.182,0.000776,0.245,0.898,190.05,213147
6qvfyXGXEPEYwwqBykWw3H,Professor X,Dave,63,334X6XoNKUzpAQbm5FPsMh,Top Boy (A Selection of Music Inspired by the Series),2019-09-13,A1 Hip-Hop,37i9dQZF1DX0sDai2F5jCQ,rap,hip hop,0.891,0.675,2,-6.892,1,0.152,0.11,0.0,0.275,0.562,127.012,217705
10qPhu2ekexZziM2uztYL4,We'll Be Ok,Afrojack,0,7eIdlHTVcGUhf6WGGffQES,Forget The World (Deluxe),2014-01-01,"Electrónica, Progressive House, Electro House y más 🎧",0o5gKmuET7F3lQnpFxvPO8,edm,progressive electro house,0.606,0.925,8,-4.261,0,0.0483,0.262,8.75e-05,0.116,0.316,128.013,319685
5o4Kal1PbEg8VbVjDoCx80,What I Did (feat. Kevin Gates),Yella Beezy,58,6Dnh20jLs9inTg4AZP7rw8,Ain't No Goin' Bacc,2018-11-16,Southern Hip Hop,57sYMLFXGD4ZqizzcMD7lz,rap,southern hip hop,0.449,0.684,4,-7.309,0,0.219,0.000397,0.0,0.366,0.304,122.935,285264
49QzFd0d4lRtGC0vinChW9,Sigue Latiendo,Pseudónimo,0,4AmzA1BQmimBYsPfyLwOmv,Dos,2015-04-28,HIP-HOP: Latin Rap ['89-present],5fWgI0IJ1el5NB1sZ0Egsx,latin,latin hip hop,0.457,0.73,7,-5.96,1,0.18,0.154,1.25e-06,0.106,0.438,82.52,210587
6MerelTajS2Opd6TCkNcKf,Lunatic,Vikström,21,6ebsEz7cs9lxDxn82gwB5b,Lunatic,2019-10-18,Bounce United,08QTrfsYYouffgnPjmllAQ,edm,big room,0.407,0.963,1,-5.144,1,0.0519,0.000706,0.561,0.908,0.141,128.097,230017
0LbK1bodGLc9xmV1cS9jvL,Will You Still Love Me Tomorrow? - 2011,Amy Winehouse,62,4xdRjOhY9NHmMpI7U3e2c3,Lioness: Hidden Treasures,2011-01-01,Neo-Jazz Soul RnB & Afro,48AzM7l4M02DBYd2N3IFLP,r&b,neo soul,0.587,0.624,0,-4.657,1,0.025,0.161,0.000191,0.118,0.251,93.428,262813
7iynYKl5NWdjM1FXTzs6hw,"Slime Shit (feat. Yak Gotti, Duke & Peewee Roscoe)",Young Thug,50,2z4c8M8aVzl7CTobIp36KF,Slime Season 3,2016-03-25,"🔥💵 Hip Hop, Rap, Heavy 808's - New School",3jPkaExIWXQWklcmmF5180,rap,southern hip hop,0.896,0.423,8,-7.987,1,0.44,0.02,0.0,0.182,0.282,132.928,278040
5bWLHSTjzpoRT3LitHEpRU,Reflections,Jean Juan,42,7vnCjt6v0gRaMp5WSxrm90,Reflections,2019-10-04,Deep Electronic Music 2020 & Progressive House,5CMvAWTlDPdZnkleiTHyyo,edm,progressive electro house,0.662,0.716,1,-8.108,0,0.0408,0.00881,0.000916,0.151,0.141,120.955,193747
5hJ1YFy36GgOrxCqZsGiQo,New Sunrise - NuDisco Edit,B-MEN,36,3dZgCcFPtZBJmmoQ3apFs4,New Sunrise,2019-10-25,Waves Pop and EDM,64k01l4j6QtnZ8jMaI84AA,edm,pop edm,0.619,0.896,11,-8.908,0,0.0423,0.00946,0.786,0.11,0.458,125.989,420952
3mIanzjhThM2MCNfoI4hGF,Live Right,Cynthia Jones,3,66M0CD2mQy7YWXBcpFyH4h,Gotta Soul,2008-04-29,Gospel Neo Soul,2wP2UAYC4Nqb6oUXkMJlAz,r&b,neo soul,0.769,0.384,5,-12.86,0,0.301,0.27,0.0,0.0691,0.652,78.981,260053
6FTJuZtQZvmPPRFmrcno9J,"Bump, Bump, Bump",B2K,53,6RbIKU1gt1xorUNQDVssBw,Pandemonium!,2002-12-10,The Sound of Urban Contemporary,07zF8MjQPsiYUXiAIGZ5TA,r&b,urban contemporary,0.834,0.685,1,-5.862,0,0.226,0.0998,0.0,0.0514,0.877,95.509,278573
3M9WVp2rdXs4B6a2hzJQZZ,Los Viejos Rockeros Nunca Mueren - Live,Miguel Rios,0,5fstCqs5NpIlF42VhPNv23,Rock & Rios (Remastered),2005-01-01,Rock and Rios,2gpKfzXEi8QWvgBNPDPk5R,rock,album rock,0.572,0.77,10,-9.878,1,0.0355,0.0784,0.0,0.338,0.637,98.914,93627
1lGKVCGOgKSiDJbnvNUMyU,Aqui no dominas nada,W. Corona,45,1Zg4Cot6eVwmbHimkp2zc0,8 Diamantes,2014-09-05,Mexican Gangsta Rap,28Ke4pXWqF2A5b2GfQ1pQt,rap,gangster rap,0.761,0.791,1,-6.392,1,0.323,0.201,0.0,0.107,0.783,174.047,223970
5dhQeuLGmlhfwlI6BWfSpo,Roller,Apache 207,81,3RJvPSUpz8E4b6SjectOPu,Roller,2019-08-23,Modus Mio,37i9dQZF1DX36edUJpD76c,rap,hip hop,0.928,0.758,10,-6.471,0,0.144,0.03,0.00437,0.29,0.729,128.005,158853
1mD6ztiiAXEF2YhqsfFCDa,Prototype,OutKast,1,00XMrHZoOsYLmiyx890axX,Speakerboxxx/The Love Below,2003-09-23,Neo Soul,2YPP7fiYu5pIcp2yyHvw4A,r&b,neo soul,0.635,0.37,2,-7.798,1,0.0397,0.208,0.000285,0.158,0.192,76.004,326240
7IzzrvxEKHgdxn3DIAlrfe,Nivel,Lucho SSJ,59,2iNoD1jktNgC0giNVubp68,Nivel,2019-10-25,Trapperz Argentina,37i9dQZF1DWXrVH01e3PIE,rap,trap,0.719,0.564,4,-10.595,1,0.106,0.211,0.0,0.671,0.86,150.078,149187
3Vc8vnid3noqupe9PvUKxP,Dizeres,Lourena,70,2IUHuZBQ4piQAp53ktdwvQ,Dizeres,2018-12-07,Brisa Pop,37i9dQZF1DX2vsux22VuNL,r&b,hip pop,0.832,0.484,10,-4.06,1,0.189,0.665,1.02e-05,0.0822,0.83,142.111,257646
2LoBlYBwkyzWofG9m8C3zo,Life,Slumberville,55,4rAXC2tgUvQbEjAvAgQEbX,Mirage,2019-11-22,Lo-Fi Beats,37i9dQZF1DWWQRwui0ExPn,rap,hip hop,0.614,0.115,4,-18.1,0,0.035,0.943,0.955,0.111,0.133,74.019,130338
7fkbO9RJWW0zQAtXBu5ixb,Take It To Da House (feat. The Slip N' Slide Express),Trick Daddy,43,1gHm8xvy5B9lRR1O5dRFxe,THUGS ARE US,2001-03-20,Hip-Hop Drive,37i9dQZF1DWUFmyho2wkQU,rap,hip hop,0.934,0.759,6,-5.873,0,0.185,0.0102,0.0,0.0818,0.927,123.857,227107
7LbfuQVct78YoghmoPtsQ8,Casey Jones - 2013 Remaster,Grateful Dead,64,4jxokHekH1qSad1DcC82ku,Workingman's Dead,1970,Classic Rock Drive,37i9dQZF1DXdOEFt9ZX0dh,rock,classic rock,0.671,0.405,0,-10.052,1,0.0392,0.385,0.0,0.132,0.828,99.678,265067
4tVybkClyH0hjL8jzMq3sH,Wild Horses - Sam Feldt Remix,Birdy,56,3d87A6igaqKye3mC2N4WKF,Wild Horses (Sam Feldt Remix),2016-06-03,Today's Hits (Clean),7ENISpOJhocpMJVcGb0qcT,r&b,hip pop,0.504,0.729,8,-5.624,1,0.103,0.0808,0.0,0.0948,0.535,109.71,177023
7m6W3WDAi4LqqdHCirBhAm,Jeopardized - Original Mix,Sabb,35,33OkFedeKGX23PM4qS4WAE,Jeopardized (Original Mix),2018-03-09,Selected House,2JPzPB9jnvJLAYtmCbvZy8,edm,progressive electro house,0.804,0.915,6,-8.548,1,0.0422,0.000117,0.916,0.0878,0.362,123.014,457138
0UbMVs2WW36wJINYMWb0XH,Shot & Wine,Sean Paul,2,6Pw2d9njmTHIVIVaESslCy,Shot & Wine,2019-01-17,VidaLoca - Latin / Raggaeton / Hip Hop ©,7EPbNmUW9nkRplDLSN9te4,latin,latin hip hop,0.802,0.755,10,-4.804,1,0.106,0.0499,0.0,0.0781,0.636,105.983,208353
0JMok6kVfl3Cfy2kuz3Mg6,I Am the Best (내가 제일 잘 나가),2NE1,2,0opIxQvBGJFe3vupyvOICa,2nd Mini Album,2011-07-28,K-Crazy Michioso Tunes,37i9dQZF1DWUXxc8Mc6MmJ,edm,pop edm,0.821,0.847,0,-3.721,1,0.0387,0.00772,0.0032,0.0482,0.712,127.986,210733
60y3oBiHHIlOzUFZRWP6Ak,DYSFUNCTIONAL,KAYTRANADA,62,2io9FL9DbX7AtefnQXFTOH,DYSFUNCTIONAL,2019-04-10,Ultimate Indie Presents... Best Tracks of 2019,37i9dQZF1DWTc5QDlvD7t0,r&b,hip pop,0.808,0.805,1,-3.392,1,0.103,0.00113,0.0585,0.193,0.886,107.965,240758
1yRyJyB90a0YiaogagFXfx,Roots,Mylky,34,0IbRugL7qPDVyD2AmWNhmk,Roots,2019-06-19,Arabic Trap,37i9dQZF1DXcC6YLqj8ET8,rap,trap,0.694,0.986,6,-2.25,0,0.157,0.05,0.688,0.189,0.477,139.984,222517
3kkWD4jESZLL9eXrzJypGH,Boys Do Fall In Love,Robin Gibb,49,2vdOXP15J6Sm2Y4HzWWxaf,Secret Agent,1984-07-01,Permanent Wave CHDB,2foj4ZYVHRGqSd1aMqNPBj,rock,permanent wave,0.829,0.604,0,-14.044,1,0.0304,0.118,1.62e-05,0.0746,0.881,125.332,227281
1wp0NDVViJ1DCoYct05RLh,Burn - 2004 Remix,Deep Purple,18,4OjTMhCfhJHdUDdIT1wi6D,Deepest Purple (30th Anniversary Edition),1980,70s Hard Rock,6pZlZ20vt3aDjIKw98aBtQ,rock,hard rock,0.194,0.932,0,-6.72,1,0.0506,0.0142,0.0281,0.403,0.579,195.651,362840
3AsUkHdWdQWjT2FgEe8nzY,Together - Radio Edit,Thomas Newson,18,5DXpdcSb5X6hXkAWWbMSTo,Together,2015-09-14,"Electrónica, Progressive House, Electro House y más 🎧",0o5gKmuET7F3lQnpFxvPO8,edm,progressive electro house,0.578,0.895,4,-3.043,1,0.0316,0.00235,7.01e-05,0.55,0.433,126.007,196000
1X37F5I10iTKZU0WEb6Zgj,Ella busca,DrefQuila,55,31m5ji30Q77iGfBNCcTLSA,Trend,2018-01-02,Trap Luv,37i9dQZF1DWTLxOkM7PwUb,rap,trap,0.767,0.441,5,-12.372,1,0.0752,0.768,0.000275,0.114,0.151,129.929,233147
2xN98jvoGdfBzPS0HDMlXT,Why I Love You,MAJOR.,54,6567j2YYSIlduWjsNQefgk,Why I Love You - Single,2016-05-21,urban contemporary,4WiB26kw0INKwbzfb5M6Tv,r&b,urban contemporary,0.363,0.214,8,-10.348,1,0.0332,0.683,0.0,0.122,0.21,80.354,235907
00QyLmjxaSEE8qIZQjBXBj,We Own It (Fast & Furious),2 Chainz,59,1jg2UPoSAr7CDPsEXcabo1,Fast & Furious 6,2013-01-01,RAP Gangsta,1Z1gW89x4MSBjkvVjGg7DQ,rap,gangster rap,0.554,0.899,8,-4.573,1,0.408,0.0521,0.0,0.0568,0.552,171.966,227893
3eq83AsxUcnYS9k57MoBbE,"Further Up (Na, Na, Na, Na, Na)",Static & Ben El,68,2dwrxI0d1Z1HqgQoBCkxHL,"Further Up (Na, Na, Na, Na, Na)",2020-01-10,Pop Hits 2020,5TDtuKDbOhrfW7C58XnriZ,r&b,hip pop,0.8,0.876,6,-0.882,1,0.113,0.0148,0.0,0.218,0.912,100.025,151873
200Yp0rZTkp6ITSMbGjMK3,Janie's Got A Gun - Single Version,Aerosmith,2,5DS04MgiAZ1dI2jWUpDuGd,Young Lust: The Aerosmith Anthology,2001-11-20,Hard Rock Classics 1967-1991 (Party Edition),1NIX36ZFWEtgXSbSNghoue,rock,hard rock,0.64,0.82,5,-5.612,1,0.0287,0.0838,0.000496,0.0999,0.446,115.505,327040
4Zehi1XQ5vKkIxMoqZ1L38,Change Of Coast,Neon Indian,47,63fPXLpTxvDR7LgSOZIaly,"The Music of Grand Theft Auto V, Vol. 1: Original Music",2013-09-24,GTA V - Radio Mirror Park,31R7Gd07KsDafqJEeL4Hqr,pop,electropop,0.468,0.935,2,-3.901,0,0.0456,0.00126,0.00712,0.0761,0.619,182.002,192733
6uBDgLalRT3Ume0WyYae8f,Bottles,Jacala,39,07gsuFmG5stL5WcQoS23CT,Bottles,2019-08-23,Electropop,2Z5cPJ6Z4EVZAfF08amjvL,pop,electropop,0.847,0.89,1,-4.364,0,0.125,0.0477,0.00506,0.134,0.714,118.989,155587
3eIPYPrEGvbAKc2rSjlErW,Tamo Loco,Ysy A,54,0NzElJ86YkzcxrOP61724y,Antezana 247 (Deluxe Edition),2018-11-11,Trap Rewind,37i9dQZF1DX0JcH25923HT,rap,trap,0.619,0.762,1,-5.69,1,0.11,0.471,1.64e-06,0.322,0.351,126.354,216056
5JtqUa5cmxmqKL5Ua1vCOY,Vibes & Sh*t,Waahiid,43,011s8kJjxflUbOSvArwjRY,Iwoak,2018-06-28,Lofi Hip-Hop,37i9dQZF1DX36Xw4IJIVKA,rap,hip hop,0.748,0.333,1,-14.268,1,0.0536,0.907,0.764,0.362,0.521,89.103,112750
2erjvSbTPKGalbZZhPgcCL,Dawood,Sidhu Moose Wala,52,07LkboydJU8NSoNXkviZfJ,Pbx 1,2018-10-18,Hip Te Hop,37i9dQZF1DWTqYqGLu7kTX,rap,hip hop,0.664,0.834,10,-3.761,0,0.0846,0.0326,0.0,0.273,0.47,86.025,197103
1Np92e0PSE4OzqZyGFTOsh,Trina,Smino,64,72yr7vhebIz6D1wume5rK5,Trina,2019-10-24,Alternative Hip Hop,37i9dQZF1DWTggY0yqBxES,rap,hip hop,0.843,0.485,4,-8.993,0,0.218,0.201,0.0,0.187,0.395,95.017,141653
2y6EbYibgxMVQ0T5YjZYWN,TE SUPERÉ,Becky G,67,13MHW8hoLFjX7SaVEVmj3X,MALA SANTA,2019-10-18,Flow Selecto,37i9dQZF1DX4OjfOteYnH8,rap,trap,0.738,0.783,0,-4.576,1,0.0693,0.055,0.0,0.125,0.699,176.027,272120
2GnVUTHqvJp9GmttayGUqM,Cruising (So They Say),Claptone,33,3oGTPoEgDlNxSDMmaWBDS9,Fantast,2018-06-08,Deep Electronic Music 2020 & Progressive House,5CMvAWTlDPdZnkleiTHyyo,edm,progressive electro house,0.687,0.694,2,-6.076,1,0.0322,0.0439,0.0143,0.188,0.482,115.024,192000
73MuQb9jIoryiOig4hDQhT,Amiga mía,Alejandro Sanz,64,2InFQlv0Qyb9z4zGe9P8iK,Grandes exitos 1997-2004,2004-09-23,Latin Pop Classics,37i9dQZF1DX6ThddIjWuGT,latin,latin pop,0.629,0.703,2,-4.875,1,0.0504,0.519,0.0,0.11,0.402,144.016,290973
5Cp7mTA2Piq65qWi8h71Q5,Get into the Party Life,LION BABE,47,3q5xbvhl6Y0s21YyUXdeQd,Get into the Party Life,2018-12-14,I Love My Neo-Soul,37i9dQZF1DX44dZ4p5QLf4,r&b,neo soul,0.734,0.732,5,-6.054,0,0.0295,0.00377,0.209,0.106,0.515,140.021,178480
52WQhzeikd0FijngYTVPho,New Day,South Circle,28,7mSFMSNaJi8qgJEyakyfcp,Anotha Day Anotha Balla,1995-07-04,90's Southern Hip Hop,2NMW1nwQYSVlXd26uLenX6,rap,southern hip hop,0.706,0.732,2,-5.378,1,0.279,0.0523,0.0,0.246,0.625,85.002,270560
67j0ZucyzdfMGWLe2kh6Ze,I Like,Guy,49,1b4uW38DLtC6GlGr39AGHc,Guy,1988-01-01,The New (Jack Swing) Testament,4mciQwEuqaUMwIWKcDMFW0,r&b,new jack swing,0.441,0.832,8,-14.396,1,0.064,0.0218,1.23e-05,0.2,0.6,103.765,294475
1xkLkSAOv1ALxKOHwZJRMn,Rise - TV Noise Ibiza Mix,Jonas Blue,46,7FBBmpt0HqBelNH6CxVawR,Rise (Remixes),2018-07-20,Pop EDM Remixes,4aUEH3uhbofktrFkXOOaKj,edm,pop edm,0.735,0.933,1,-2.619,1,0.0398,0.00219,1.15e-05,0.0331,0.529,125.062,219920
0mke2MXjPsEipNCtDUu7m6,so sad,Mike Vallas,43,6MOHZZMaMEWITBc6ZNJwmD,so sad,2019-11-01,Electropop,2Z5cPJ6Z4EVZAfF08amjvL,pop,electropop,0.401,0.308,6,-12.464,1,0.117,0.389,0.0057,0.143,0.205,147.314,169079
3hCzQ8c7PCcPfa9qe95ITg,Tipo Gta,MC Caverinha,62,1ce4TgsWTS5N3fEdErXY44,Tipo Gta,2019-05-18,Trapperz Brasil,37i9dQZF1DWWr5uieiPUVM,rap,trap,0.828,0.412,10,-12.16,0,0.0835,0.213,0.749,0.0883,0.459,130.034,221571
6c6JgrtZ5OfOd4Eq9nyPQL,Sobredosis,Axel White,14,0pm2rXiNZBFSCAfTLJxshF,Sobredosis,2020-01-10,Tropical Rising,37i9dQZF1DX07X8UDWKEwP,latin,tropical,0.461,0.735,4,-5.722,0,0.138,0.0559,7.5e-06,0.689,0.59,126.765,204251
27kFufUQeqOUL3pZXw3O8J,Lovefool,Robin Knaak,52,7Jm1IJVsoVHQhVv3jdZL17,Lovefool,2019-10-18,Tropical House 2020,2oivDYqm1dQK4KbwVJTaf6,latin,tropical,0.773,0.817,0,-4.617,0,0.0357,0.0252,2.16e-06,0.0902,0.533,120.015,175026
6YnUxW8CtOnI6mp3oh61Gr,April Sun In Cuba,Dragon,13,32j7iaDRlYck1n1tFWtfxU,Sunshine To Rain,2006-01-01,keg party jukebox,4PjiT7SWnUsTTTvKOuR76f,rock,permanent wave,0.743,0.779,1,-6.076,1,0.0325,0.232,2.07e-06,0.058,0.749,118.746,227373
7dQeS4ErW1iWvnKdrtKwKr,Around Me,Brent Faiyaz,64,03nFfkhtHqQZZqprep3G6r,Lost,2018-10-19,Neo Soul 2019,44d7ppo4cggZJmzH2WOhAc,r&b,neo soul,0.587,0.177,1,-12.522,1,0.0647,0.574,5.54e-05,0.097,0.125,75.039,183022
7fRfIvHPH6bHdMDjPFwTMh,Hallelujah,Logic,55,1HiN2YXZcc3EjmVZ4WjfBk,Everybody,2017-05-05,This Is Logic,37i9dQZF1DWTIuAboZgTMf,rap,hip hop,0.667,0.596,11,-8.348,0,0.19,0.494,3.43e-06,0.342,0.462,136.033,448733
6jEvloulrt9iCYW9IXJ2yi,After the Storm,Mumford & Sons,54,6w5W6ZGTvDsppKUOiGMuMo,Sigh No More,2009-10-02,urban CONTEMPORARY,1nFfDHtp8RY3obgen8KODl,r&b,urban contemporary,0.499,0.16,7,-13.632,1,0.0362,0.899,3.8e-05,0.106,0.103,77.09,248173
2yomYD3EFTO8OBr2BYUW5l,HIGH.,Menestrel,45,15nb7Nz70rLepO42PrBCde,HIGH.,2019-12-20,Trap Ouro,37i9dQZF1DWYBXtbGSCurj,rap,trap,0.937,0.495,8,-10.954,0,0.142,0.189,0.0,0.0895,0.55,104.009,203077
31H7LPONnW6megZrmnN5th,Crack A Bottle,Eminem,0,5iNF3f0DA9rlVzYYahLFMY,Relapse [Deluxe],2009-05-15,Oldschool Gangsta Rap 👑,0t9TeyXE2mWe70JT3YwSoH,rap,gangster rap,0.516,0.874,9,-2.571,1,0.186,0.0864,0.0,0.173,0.391,169.561,297520
2UsRV8KFvHaDFUJtzQADAu,Lost Souls - Nora En Pure Remix,Eelke Kleijn,51,5eUHs8CussoumFCO2guELs,Lost Souls (Nora En Pure Remix),2019-09-12,Deep Electronic Music 2020 & Progressive House,5CMvAWTlDPdZnkleiTHyyo,edm,progressive electro house,0.673,0.9,6,-6.909,0,0.0348,0.0548,0.378,0.535,0.0386,118.001,221496
1PUCeAtLlyLCSeoBkfb9my,Action - Revised Version,Def Leppard,38,51JMDhly9GKYXgFrOekyIR,Retro Active,1993-10-05,Vault: Def Leppard Greatest Hits,6BKqPGcrFMy6TczW0R5Vsz,rock,album rock,0.379,0.789,2,-7.368,1,0.0382,0.000308,6.99e-05,0.321,0.53,173.143,220461
711MglQhnhOF3UAiAs9A59,Robbery,Juice WRLD,4,5PGOpr83n3i3HGJeyhan3j,Robbery,2019-02-13,Trap Americana,7tkgK1tm9hYkWp7EFyOcAr,rap,trap,0.669,0.683,2,-5.17,1,0.054,0.278,0.0,0.268,0.579,159.996,240437
4IzQn9XTheOsTLaTF1OUox,Anytime,Brian McKnight,0,7mbTAaTccVSXAFWsrW7H4w,Night Grooves,2000-01-01,90s R&B - The BET Planet Groove/Midnight Love Mix,7LjRWGUdOmBdPG1W1bga4i,r&b,new jack swing,0.739,0.452,6,-8.469,1,0.0309,0.0183,0.000905,0.041,0.517,129.832,274173
0Iwfj80A8KoGOh5XSFF87m,Avalon,KYOTI,8,4SXTl8Pv9OFIcaCmk1prLO,Avalon,2017-11-22,Indie Poptimism,21nxmipQe5xtXoHHPaYfnY,pop,indie poptimism,0.637,0.858,11,-5.513,0,0.0795,0.378,0.00204,0.242,0.787,149.938,235172
2Inz7gGPGgieN0CTw9TOOs,September Song,JP Cooper,9,1aTPXL4h5bDOBlPR9xbETc,Raised Under Grey Skies (Deluxe),2017-10-06,Tropical House Run 190 BPM,37i9dQZF1DWSTc9FdySHtz,latin,tropical,0.622,0.609,0,-6.702,0,0.038,0.0455,0.0,0.0903,0.398,95.955,220291
7ofxPmTNMj2GP07g1VZa0O,Que Va,Alex Sensation,7,4Gg6AePYbLIIjkYbK3reJU,Que Va,2017-08-04,MIX LATIN POP°,6IS6XTdbS9qJZgfjNKgpB8,latin,latin pop,0.771,0.835,0,-3.388,1,0.0507,0.13,0.0,0.0601,0.817,91.012,238160
3DlgDXIYtnWtJKiB8bZQMv,Photosynthesis,Saba,70,10UscF31tC7Sz8S2a1mGbM,Bucket List Project,2016-10-27,Saxophone in Hip Hop - R&B Lounge - Jazz Rap,2ujrP2rPxu8ao7wNeG1ZOY,r&b,neo soul,0.777,0.662,7,-8.393,1,0.27,0.536,4.61e-06,0.593,0.634,111.13,201733
4JehYebiI9JE8sR8MisGVb,Halo,Beyoncé,77,39P7VD7qlg3Z0ltq60eHp7,I AM...SASHA FIERCE,2008-11-14,Pop Inglés (2020 - 2010s)💙 Música En Inglés 2010s,4QAzO1Z92yqqD6Mf3mOANu,pop,dance pop,0.508,0.72,11,-5.908,0,0.0628,0.272,0.0,0.0563,0.472,79.983,261640
3vFbJ2n0sNzZG2HCww0BF9,Pentakill,Neelo,55,0i1a8P8hM7RFCfCvEs5Afa,Pentakill,2019-09-20,Trapperz Argentina,37i9dQZF1DWXrVH01e3PIE,rap,trap,0.598,0.809,11,-5.635,1,0.194,0.0655,0.0,0.792,0.593,114.098,230260
2ZMafcgiEaAx90bNT3mFiI,Billion Dollar Babies,Alice Cooper,22,3LfHG9J1LVwzSI5yvDhbzl,Alice Cooper's Greatest Hits,1974,70s Hard Rock,6pZlZ20vt3aDjIKw98aBtQ,rock,hard rock,0.468,0.663,9,-11.714,0,0.0634,0.00739,0.0352,0.124,0.714,90.714,223600
6L5QcgxgdqWAh9fknzChJH,Game of Thrones (Main Theme),Flatt Lonesome,2,0jOngT2EDPHf2mIrYz3US5,Game of Thrones (Main Theme),2016-04-08,Bluegrass Covers,37i9dQZF1DX56crgoe4TG3,r&b,hip pop,0.309,0.527,0,-9.76,0,0.0326,0.517,0.942,0.0924,0.484,177.065,301963
3SoNMDkQr86wqib28yaBI7,Love Bites,Def Leppard,49,6CKFGOR75rLuIbXX13kUgu,Viva! Hysteria (Original Soundtrack),2013-10-22,Rock Ballads 80s 90s | Best Rock Love Songs 80's 90's Music Hits,0y8MUle9Lf8VDNjPsskzJB,rock,hard rock,0.346,0.828,10,-6.512,0,0.0388,0.00263,2.97e-05,0.893,0.252,131.297,368120
3Ti0GdlrotgwsAVBBugv0I,Can I Kick It?,A Tribe Called Quest,69,3kV0i1qqudjf0PGawJ4jck,People's Instinctive Travels and the Paths of Rhythm (25th Anniversary Edition),1990-04-17,90s Hiphop / Gangsta Rap,5yGuoOwRQF3o8NVRRlvCj7,rap,gangster rap,0.848,0.666,0,-6.547,1,0.274,0.173,0.000699,0.129,0.744,96.662,251573
232LFA2gOyCMnZbBhxZP6f,Mi Amor Perdido,Andy Aguilera,36,3uinkc4gGnRAZ7Sm9fr2l7,Mi Amor Perdido,2016-08-04,LATIN POP- DJ GIAN,2v3I1zS56Y0cNHYsOAiCGV,latin,latin pop,0.856,0.566,0,-13.028,1,0.0721,0.206,0.0,0.267,0.949,96.987,179232
3ja5IfR4SVatM0xP1Zv7NM,"This Is for the Lover In You (feat. LL Cool J, Howard Hewett, Jody Watley & Jeffrey Daniels)",Babyface,13,3TY6UZMimDITkUqXaPV9gc,The Day,1996-10-29,"Back in the day - R&B, New Jack Swing, Swingbeat, RNB..etc.",3a9y4eeCJRmG9p4YKfqYIx,r&b,new jack swing,0.887,0.416,1,-7.346,1,0.0518,0.0295,1.06e-05,0.066,0.761,94.013,239733
6vtY62O64CdRyvAgddheU9,Misty Lady,CASIOPEA,0,5XCOTqG63V60nS82PmqMBe,Asian Dreamer,2010-08-10,City Pop 1985 シティーポップ,3j2osvmecEao5nmo9jZ5df,rock,album rock,0.696,0.762,7,-11.125,1,0.0481,0.226,0.922,0.349,0.749,125.983,265867
4F1qeI9MpssRd1OXqH34kR,+ High (feat. Jaycob Duque),Nibal,48,7FZRPLAsrSb3NOXobcnlAH,+ High (feat. Jaycob Duque),2019-11-29,Reggaeton 2020 ☀,7xWuNevFBmwnFEg6wzdCc7,latin,reggaeton,0.569,0.572,0,-5.714,0,0.333,0.18,1.5e-06,0.306,0.564,191.934,256392
1iQDltZqI7BXnHrFy4Qo1k,Trampoline (with ZAYN),SHAED,90,5QqqBZmdQmY1MvlnpBkagB,Trampoline (with ZAYN),2019-09-26,Pop - Pop UK - 2019 - Canadian Pop - 2019 - Pop,46Cl6dmeiylK6TRGXr7hHe,pop,post-teen pop,0.619,0.459,7,-5.782,0,0.0334,0.56,0.0,0.137,0.498,126.803,184280
6YrDRkcDktxgsPcH8x77xm,Ipocondria,Ultimo,65,7ynNnkdYfFsjMxvfecxAWy,Colpa Delle Favole,2019-04-05,Musica Italiana 2020 - Playlist Pop & Hip-Hop (Canzoni Italiane 2020),6kVFIQBhLT4003iw2WWEv1,r&b,hip pop,0.711,0.567,5,-7.0,1,0.0798,0.343,0.0,0.161,0.718,119.99,181301
2x6WhnhzmKMbG1oO5fIW5G,Fuego,Ozuna,69,7f6r6ijWtMJ0QYydwuCYvH,Nibiru,2019-11-29,Reggaeton 2020 ☀,7xWuNevFBmwnFEg6wzdCc7,latin,reggaeton,0.844,0.618,5,-5.133,0,0.0685,0.139,0.000309,0.148,0.604,91.017,191467
3k3j3rMaE8Z5UHqhva45rl,Buckle Up,Klave,28,6t70mwrLlUek4BGcJs80zi,Buckle Up,2019-09-06,EDM Trap,7CEEEMKV41x0RlFCXWdvKF,edm,pop edm,0.645,0.824,1,-5.613,1,0.112,0.116,0.0,0.126,0.284,165.0,157462
2Yr2BzqNDpIh0YQcnFqM09,VOICES (feat. XXXTENTACION),Skye,70,08GegeGgCBOh1BjTl6sXPh,VOICES (feat. XXXTENTACION),2019-10-31,A1 Hip-Hop,37i9dQZF1DX0sDai2F5jCQ,rap,hip hop,0.678,0.672,0,-5.688,1,0.0302,0.00959,0.0,0.0868,0.625,136.933,155993
1DXaXsT69EUS1aarFfBxMw,Anioły i Demony,Tymek,70,40mckbL9st784l0zXIQrJM,Anioły i Demony,2019-10-11,Generacja Hip Hop,37i9dQZF1DWXJnyndhASBe,rap,hip hop,0.772,0.672,4,-5.333,0,0.178,0.288,0.0,0.133,0.655,111.003,210811
5dAyTPhOd3pL5O7LBoRRbS,Always on My Mind,Brandy,33,2yHJoGH0mIqYVAHUFKJcZ6,Brandy,1994,Neo Soul,2YPP7fiYu5pIcp2yyHvw4A,r&b,neo soul,0.706,0.404,1,-10.27,1,0.0367,0.308,0.00481,0.0793,0.416,90.319,246267
3f9DeMtU3Sifmf5dqs2Ava,"Devil (feat. Busta Rhymes, B.o.B & Neon Hitch)",Cash Cash,51,1TgJXcoFJ7BN0NiViN7wtx,"Blood, Sweat & 3 Years",2016-06-24,Happy EDM,3d2JFEbvcx7p2CHkBaQeMZ,edm,pop edm,0.613,0.765,9,-2.974,0,0.0568,0.055,0.0,0.205,0.335,144.893,210307
4Zo6WxRw19gk9AbxWHViGU,Jenner (feat. Tommy Boysen),DrefQuila,61,0R8UA7KZS08IOKBKacpgiI,Jenner (feat. Tommy Boysen),2019-12-20,Mansión Reggaetón,37i9dQZF1DWZjqjZMudx9T,latin,reggaeton,0.811,0.644,7,-5.095,1,0.16,0.0157,0.0,0.277,0.715,86.982,160000
0R2FmhqwRokQSAqIelysy7,I'd Rather Fuck You,N.W.A.,30,63e4jpPrJzjGsTxM4QOOFb,Gangsta Memorial,2007-01-01,90's Gangster Rap,1g3APxk2mLVNU2TuHCPli0,rap,gangster rap,0.464,0.785,11,-6.902,0,0.158,0.0241,0.0,0.121,0.705,164.223,238267
4aVuWgvD0X63hcOCnZtNFA,Hold the Line,TOTO,75,1mnu4hYvdwQgZXcNvtJ3D3,Toto,1978-10-10,Dr. Q's Prescription Playlist💊,6jAPdgY9XmxC9cgkXAVmVv,pop,post-teen pop,0.494,0.698,6,-12.049,0,0.0553,0.0397,0.00634,0.152,0.778,95.842,235800
6BPCpox5FMswnClsJhxaws,Fooling,Odd Chap,32,4zuAowoRC2ojz0QJwbmSUS,Vintage Jukebox EP 2,2019-03-01,Electro Swing Top 100,5M7xLCQTYJL0lbKIrUn3a4,edm,electro house,0.939,0.829,9,-5.911,1,0.25,0.105,0.159,0.216,0.799,127.055,175500
4OfB6dy0mjs56CYTlLI7Oe,Syrup,Dweeb,6,6vvOprheUb3xUjb5DjeojK,[Untitled] VI,2018-06-29,Lush Lofi,37i9dQZF1DXc8kgYqQLMfH,rap,hip hop,0.679,0.172,0,-13.146,1,0.0441,0.754,0.938,0.107,0.223,86.998,66207
340qvFT1A7lK4ZWHOKBM7X,No Rollies (feat. David Morin),Clear Mortifee,11,68JpkTwugWPpsdIoPG7Pr5,Medicines,2017-06-23,Neo Soul / Modern Jazz / Smooth Hiphop,07SNJ4MwYba9wwmzrbjmYi,r&b,neo soul,0.678,0.622,7,-4.634,0,0.19,0.424,1.35e-06,0.0882,0.644,94.048,212360
08V9Lvq19LbR3IlgL2AYXv,Drop Your Love (feat. Dirty Radio),Young Franco,45,7hOuCCSd0CBoFNlDGEGcSf,Drop Your Love (feat. Dirty Radio),2016-03-14,Groovy // Funky // Neo-Soul,0JmBB9HfrzDiZoPVRdv8ns,r&b,neo soul,0.661,0.806,5,-6.194,0,0.437,0.0163,0.0,0.117,0.475,121.216,207022
6zloSieKzItc50a3Qv27z6,Epoca Del Desmadre,The Psycho Realm,27,1Lwip4Df9YiLkPM3VGsDgi,Psycho Realm Presents Sick Jacken And Cynic In Terror Tapes 2,2012-05-15,HIP-HOP: Latin Rap ['89-present],5fWgI0IJ1el5NB1sZ0Egsx,latin,latin hip hop,0.568,0.742,7,-8.865,1,0.0758,0.0081,0.0,0.356,0.175,99.002,197973
2DtYTsG1U625KM0TS59c0F,Unter der Brücke,Olexesh,12,1ck1hyJmy7EfgoiOJouFMP,Nu Eta Da,2014-03-07,GANGSTA Rap,5GA8GDo7RQC3JEanT81B3g,rap,gangster rap,0.632,0.882,7,-5.686,1,0.554,0.287,0.0,0.107,0.619,108.377,235047
4L5ag9C1m1gEAPs5KC3yuy,Dreamin',Will To Power,42,39hl8vZno6XTES8Drko8uw,Will To Power,1988-08-09,80's Freestyle/Disco Dance Party (Set Crossfade to 4-Seconds),1oReEujyWpQv2OX68BVPPA,latin,latin hip hop,0.775,0.583,9,-13.29,0,0.0433,0.0187,0.0416,0.0263,0.647,125.084,249960
6pooRNiLyYpxZeIA5kJ5EX,Good Things Fall Apart (with Jon Bellion),ILLENIUM,74,4IYvXJnU8zPRzPPTu4dJUl,Good Things Fall Apart (with Jon Bellion),2019-05-13,Dance Pop,37i9dQZF1DWZQaaqNMbbXa,pop,dance pop,0.643,0.594,2,-5.453,1,0.0318,0.0128,0.0,0.118,0.442,144.033,216668
1cIbogH3UKRqDO2tasfPTg,Like A Fool,Crazy P,6,0ImFbyV1F4NCi19Ll3DjCJ,Walk Dance Talk Sing,2015-05-11,NEO FUNK AND SOUL,2WbTrS5D0V2TW6DiDkJBru,r&b,neo soul,0.772,0.65,2,-7.449,0,0.0341,0.00474,0.73,0.146,0.196,120.015,305649
7zqhUgWpWzwYnT9eewPJEK,The End,Daughter,40,1vIlgkOpJRNd8EC8MbahU4,The End,2016-10-14,Deep-deep Bubble Pop,744VClUYfFnZCDPcOUkg5G,pop,indie poptimism,0.463,0.688,9,-8.127,1,0.0438,0.873,0.00456,0.0666,0.2,128.986,329647
0aH8X88VkmMpDK6tGcwRd1,Kisse Misse,Annella,44,4SJhQGeBNDF9Pugij6yhr2,Kisse Misse,2018-05-09,Electro Swing,3Dr4NKbsFQ2m7tmPxGRroO,edm,electro house,0.682,0.799,10,-4.302,0,0.122,0.0981,0.0,0.315,0.864,107.892,177143
6Gv1bomFXOnIfpkMiMOcT9,"Optimistic - U.K. 7"" Edit",Sounds Of Blackness,28,7hGcxc5mdwMoA559pZ6vSQ,The Collection,2003-01-01,90's NEW JACK SWING,0dmInkymNnOTWvEFamSNzb,r&b,new jack swing,0.73,0.734,8,-11.069,0,0.0605,0.0185,0.195,0.103,0.85,104.268,225293
1Qa0Y05al633fG8f9Peytc,Maybe I’m Amazed - Remastered 2011,Paul McCartney,67,2lOll0xAGw8FPjwmwopAKT,McCartney (Paul McCartney Archive Collection),1970-04-17,I didn’t know perm stood for permanent (wave),3e6gYPyrTbaB8BWgSHCt5j,rock,permanent wave,0.471,0.494,7,-10.407,1,0.0312,0.387,0.0944,0.617,0.373,79.255,229827
6GyFP1nfCDB8lbD2bG0Hq9,Midnight City,M83,74,6EB14IXV5oyOiItGBv7mtG,"Hurry up, We're Dreaming",2011-10-17,Electro Pop | Electropop,2a5i2ZtEXGKwVGL16J8N0p,pop,electropop,0.507,0.729,11,-5.399,0,0.0393,0.0182,1.4e-06,0.0658,0.272,105.013,243960
6aSYLx8FgM3JYo3K5Z3nSQ,Crossroads,Quizzow,14,48czFnpaYTLKPwde8PZo5S,Crossroads,2019-02-22,Big Room 2019,6SrHyxIxWfQx9ISEr6yowk,edm,big room,0.488,0.771,10,-8.374,0,0.053,0.0131,0.0112,0.187,0.0435,127.991,200661
3UJwEvKPrRKdrFRFpfj8Cw,Go Ill,Vanilla Ice,15,1LHacvoBTd7o2d7wwQ9EZD,To The Extreme,1990-01-01,New Jack Swing | The Best 👌,3m4z6komWDtKly3Q1FvFmN,r&b,new jack swing,0.825,0.892,8,-9.872,0,0.0907,0.00796,0.0,0.0381,0.799,107.993,298027
03uSlN1JqW0MI6OCl7UQEa,You Don't Know,Psalm Trees,58,1ujIpuxtWkMjAnVn1QeFvt,You Don't Know What Love Is,2019-08-30,Lo-Fi Beats,37i9dQZF1DWWQRwui0ExPn,rap,hip hop,0.834,0.289,2,-8.706,0,0.047,0.673,0.849,0.143,0.821,88.015,166364
69VE5kmfqG4dJSkrB1OtCI,Doing All Right - ...Revisited,Smile,62,6i6folBtxKV28WX3msQ4FE,Bohemian Rhapsody (The Original Soundtrack),2018-10-19,②⓪①⑨ mixed,2bOjjgN1S3Gqd8vSMyafvJ,rock,permanent wave,0.373,0.453,9,-9.224,1,0.0419,0.261,4.59e-05,0.16,0.418,95.384,196841
4Y1YbajyBpcXbccEetJp5L,I Don't Need You,Yady,27,0jkzJbYsh9K9AHToeh1xn1,I Don't Need You,2019-03-27,Neo-Soul,1eqVgsNjaX6mxDPoefhocT,r&b,neo soul,0.794,0.525,1,-6.582,1,0.161,0.198,3.68e-06,0.124,0.265,160.119,196320
4paAidoE8VAemwU4jgCc6l,all my friends,21 Savage,72,007DWn799UWvfY1wwZeENR,i am > i was,2018-12-21,Trap Americana,7tkgK1tm9hYkWp7EFyOcAr,rap,trap,0.713,0.62,0,-4.513,1,0.0422,0.171,1.16e-06,0.118,0.206,130.09,211785
4x17P3F67cUBat3J1YRgNh,Come Over - Radio Edit,The Internet,32,6upYXH08wD6A2KIEjWCVel,Come Over,2018-05-30,NEO-soul,3q3M4VCymcMoxJ3Tl7mRqN,r&b,neo soul,0.764,0.64,8,-7.424,1,0.0388,0.0507,0.434,0.097,0.701,92.0,219440
3VoQDi87LnR500mgLkTtgW,Made For Now - Latin Version,Janet Jackson,40,1KauOYVcGCqoOJCfJfqTIa,Made For Now (Latin Version),2018-11-30,latin hip hop,3nH8aytdqNeRbcRCg3dw9q,latin,latin hip hop,0.723,0.868,6,-3.697,1,0.114,0.00546,0.0,0.145,0.589,115.742,201358
54z0kLF0skj0Hdb9wCqPJt,Spicy (with Diplo & Charli XCX),Herve Pagez,60,7J5VpxOH7WctwtGuFYydUz,Spicy (with Diplo & Charli XCX),2019-05-30,Dance Pop,37i9dQZF1DWZQaaqNMbbXa,pop,dance pop,0.837,0.818,8,-4.474,0,0.0533,0.0527,0.00642,0.11,0.484,109.993,157159
7rAQZ0mdeXZWnYIHK9ApKh,Nubia,Lstn,35,4HDHm46sZLCJOobZWE48cp,Nubia,2019-05-09,Deep Electronic Music 2020 & Progressive House,5CMvAWTlDPdZnkleiTHyyo,edm,progressive electro house,0.74,0.682,2,-7.966,1,0.0452,0.000134,0.887,0.123,0.12,116.0,232725
1Ca2ELRlvACAeI7xz9c9jR,Spaceman,Hardwell,52,14SHciJYQ4DnKzprcUzE1z,Spaceman,2012-02-06,♥ EDM LOVE 2020,6jI1gFr6ANFtT8MmTvA2Ux,edm,progressive electro house,0.599,0.763,3,-3.727,0,0.0553,0.000262,0.794,0.241,0.118,127.997,379261
4vC68M5G8aMAR3wsefrBnX,Thug 4 Life,2Pac,0,6reqzR9irdAHWR8abHyqbG,Loyal To The Game,2004-12-14,Gangster Rap Workout,0ZRwrJ2EDGyKR6YgQPWXeO,rap,gangster rap,0.924,0.791,0,-5.401,1,0.0681,0.279,0.0,0.0661,0.881,105.107,173453
0X1sqQ652p1sceKM2nJlIJ,Runaway,Bon Jovi,69,1UUOBzIHw0noiRGRpbt3sz,Bon Jovi,1984-01-01,Classic Rock Playlist.,7CESj1xKbxdArRzloygvkl,rock,classic rock,0.475,0.899,9,-4.321,0,0.0637,0.00375,1.91e-05,0.14,0.603,152.445,230667
5maiCdBRKITzSbx4mdyy8r,Where Is the Love (Wave Remix),Alex Martura,53,14xqRXUgeMTfpuTi6DBJkR,Where Is the Love (Wave Remix),2019-04-23,Pop Hits 2000-2019,6mtYuOxzl58vSGnEDtZ9uB,edm,pop edm,0.793,0.645,2,-9.815,0,0.0443,0.531,0.00021,0.1,0.365,115.98,184138
3hBBKuWJfxlIlnd9QFoC8k,What Lovers Do (feat. SZA),Maroon 5,16,1Jmq5HEJeA9kNi2SgQul4U,Red Pill Blues (Deluxe),2017-11-03,Electropop Hits  2017-2020,7kyvBmlc1uSqsTL0EuNLrx,pop,electropop,0.795,0.615,5,-5.211,0,0.0671,0.0786,2.98e-06,0.0855,0.393,110.009,199849
2Fxmhks0bxGSBdJ92vM42m,bad guy,Billie Eilish,95,0S0KGZnfBGSIssfF54WSJh,"WHEN WE ALL FALL ASLEEP, WHERE DO WE GO?",2019-03-29,Pop Warmup 130 BPM,37i9dQZF1DX3PIAZMcbo2T,pop,dance pop,0.701,0.425,7,-10.965,1,0.375,0.328,0.13,0.1,0.562,135.128,194088
6AGeNvFocf46EqQgP3wzGv,Twinz (Deep Cover 98),Big Pun,35,27kwcpCGnZAWK4fMOdDea0,The Legacy: The Best Of Big Pun,2009-09-15,90s Hiphop / Gangsta Rap,5yGuoOwRQF3o8NVRRlvCj7,rap,gangster rap,0.642,0.886,0,-2.856,1,0.324,0.162,0.000573,0.183,0.468,94.693,226867
4PFAm88FBkY7IFtvCaGctZ,Breakaway,Kelly Clarkson,61,20jYcJane0oI7VoMNoEOJU,Breakaway,2004,post teen pop,2ltt5ouiEO301o2jbxn30d,pop,post-teen pop,0.268,0.716,9,-4.151,0,0.0337,0.0421,9.88e-06,0.108,0.393,160.008,237000
3CRDbSIZ4r5MsZ0YwxuEkn,Stressed Out,Twenty One Pilots,83,3cQO7jp5S9qLBoIVtbkSM1,Blurryface,2015-05-15,BALLARE - رقص,1CMvQ4Yr5DlYvYzI0Vc2UE,pop,post-teen pop,0.734,0.637,4,-5.677,0,0.141,0.0462,2.29e-05,0.0602,0.648,169.977,202333
7fE2sOBX7OqEe41QsyFUtw,Freaky All Night,TV Noise,33,5xOLQV9lEy1PoB2sjUhtfF,Freaky All Night,2019-08-22,Electro House,6k45gxiQhfVqACfIdqONsC,edm,electro house,0.753,0.959,1,-2.549,1,0.179,0.00549,0.0,0.278,0.751,126.046,154762
6W4Jtd1piDOPh05jlFGPN4,Send Her My Love - R.O Remix,Lost Frequencies,22,7ekcuiGRnWvjqyEq69ElX3,Send Her My Love (R.O. Remix),2017-10-11,EDM TROPICAL,3pS63EDS40FVGYL41zAcU4,latin,tropical,0.857,0.759,1,-3.816,1,0.0434,0.325,0.148,0.102,0.661,106.004,202002
4CVQy4t1gkQQWkZDzWrfEM,My Bébé,Bryan Mg,70,1Z0YTVupoWDwptsgfK3fbp,My Bébé,2019-10-31,🔥🦁 GOOD VIBES ONLY 🦁🔥 // BROEDERLIEFDE || FRENNA || BROEDERS || HENKIE T  || BIZZEY || POKE \\,1d0fonZHpN4LYHTKbmNRbm,latin,latin hip hop,0.806,0.632,6,-4.408,0,0.0592,0.0945,0.0,0.0818,0.431,68.747,154078
6m3blCKBMVimP5y8bTndD5,Outlaw,50 Cent,0,0BBAu1NuiVvkE0dbCpPubB,Outlaw,2011-01-01,Gangster Rap,5joQabz9ys3XPGbSx5CaKv,rap,gangster rap,0.64,0.602,2,-7.311,1,0.391,0.0895,0.0,0.214,0.152,71.852,195907
4rKHs4JtVYxsYen2eHIW6b,Hurts So Good,Astrid S,4,5kzIHziQ5eAtjIR8zFsCsz,Hurts So Good,2016-05-06,Chillout & Remixes 💜,4NlAd9NpIa92IjErMyAriM,pop,indie poptimism,0.672,0.589,7,-5.008,0,0.049,0.082,0.0,0.0962,0.379,120.036,208729
3fCicSFX1SFnFK8sfRdArh,Liquor Locker,Vic Mensa,1,5k9M4p0uv1BgVBwMe5oIzG,There's Alot Going On,2016-06-03,BALLARE - رقص,1CMvQ4Yr5DlYvYzI0Vc2UE,pop,post-teen pop,0.559,0.437,6,-7.086,0,0.149,0.0542,0.0,0.0551,0.485,79.806,258120
1avccdZyIOpCisznKwu47H,Locos Dementes,Gusi,65,49nZLyZDBKph8WzxuLGkF8,Locos Dementes,2019-09-27,Latin Pop VIP,37i9dQZF1DX1QnNyJOBQBv,latin,latin pop,0.723,0.893,10,-4.937,1,0.0476,0.291,0.0,0.0967,0.685,110.022,215962
5Uel5PmPBZICA0TQTI912U,Ay Mi Dios,IAmChino,59,5mL2ReCP9gU2mPnC3SKERE,Ay Mi Dios,2016-02-22,Latin Pop 2019,5wONX0lVyQE5XTxqjTUiUd,latin,latin pop,0.761,0.829,0,-3.203,0,0.0681,0.167,0.0,0.189,0.813,92.033,252003
607jKEHXU6EujgA90vKARO,The Leap,Our Last Night,43,4dfH6sDi0W0fV2S9EX86wV,The Leap,2019-02-22,Rock Hard,37i9dQZF1DWWJOmJ7nRx0C,rock,hard rock,0.516,0.924,11,-6.116,0,0.0816,0.0002,1.11e-06,0.125,0.536,89.973,221848
5TnWjvKZylf2NSBoEklVrP,All Keeps Falling,Bastian Steven,41,3tfP76vYZD6tUkpIccvLzz,All Keeps Falling,2019-12-15,Neo Soul / Modern Jazz / Smooth Hiphop,07SNJ4MwYba9wwmzrbjmYi,r&b,neo soul,0.729,0.425,7,-7.981,1,0.206,0.256,0.0,0.382,0.37,152.091,231085
6cAoQBAwXnRaoz1OY0pFvW,Fire,MAKJ,35,14Y0XkrKy6vSTyUeZVk1HS,Fire,2019-01-11,Big Room 2019,6SrHyxIxWfQx9ISEr6yowk,edm,big room,0.63,0.968,0,-2.295,1,0.181,0.00386,0.023,0.135,0.606,150.054,144994
1aiM4Obm5kOAoZByTf9DQN,Wait For U,Ballin Entertainment,0,5L1xcowSxwzFUSJzvyMp48,Ultimate Freestyle Mega Mix,2008-04-20,Latin Hip Hop/Freestyle,2MYEUjX0YAI9dxrBDzoCK7,latin,latin hip hop,0.685,0.386,0,-15.537,0,0.0361,0.00223,0.00444,0.166,0.563,127.842,157701
05SBRd4fXgn8FX7bf8BCAE,I Need Your Love (feat. Ellie Goulding),Calvin Harris,69,7w19PFbxAjwZ7UVNp9z0uT,18 Months,2012-10-26,"post-teen alternative, indie, pop (large variety)",1y42gwI5cuwjBslPyQNfqb,pop,post-teen pop,0.695,0.869,8,-5.066,1,0.0483,0.41,0.0,0.237,0.58,124.989,234507
3bOvAqhaZNSWpGVIvHEx8B,Everyday Struggle - 2005 Remaster,The Notorious B.I.G.,57,2HTbQ0RHwukKVXAlTmCZP2,Ready to Die (The Remaster),1994-09-13,90's Hip Hop Ultimate Collection,4IG024zoaGMurhTFBkMAv9,rap,southern hip hop,0.912,0.721,1,-6.456,0,0.266,0.0689,0.00148,0.12,0.444,96.139,319400
059bcIhyc2SBwm6sw2AZzd,Te Vi,Piso 21,83,02XOoh8XrlCc466QkkjGk5,Te Vi,2018-12-14,Latin Pop 2019,5wONX0lVyQE5XTxqjTUiUd,latin,latin pop,0.877,0.777,1,-4.246,1,0.117,0.0446,3.46e-05,0.0863,0.706,102.02,231848
1NWcUXTRigGwMubxPdAGl1,Live Forever,Mike Mains & The Branches,33,17zvMLAdXrU0HXn38tsa6q,When We Were in Love,2019-04-05,Indie Poptimism,7Ic1UwucK3ozdycPBIPVSR,pop,indie poptimism,0.61,0.732,2,-9.529,1,0.0496,0.176,0.000131,0.124,0.807,153.97,205579
3rYkfYT0aZ2pM8gzH27LSg,What Happened?,Gilligan Moss,30,1qtfGi2ELKvLs0MNJOQpfw,What Happened?,2018-04-19,POPTIMISM,6lWMi4lPiiPwDqn8ZpeyAY,pop,indie poptimism,0.717,0.817,1,-9.514,1,0.0615,0.0278,0.77,0.122,0.962,125.999,308080
7gSeGMqiOrv7ftmxYLFaOA,Moondance,Van Morrison,2,1EGgZgY8BFqFqAc7rq5j8r,Moondance,1970-02-28,70s Pop & Rock Hits and Deep Tracks,1uKFRCQYci8kVgMy3xzTVH,rock,album rock,0.625,0.428,9,-7.813,0,0.0294,0.38,7.87e-06,0.27,0.584,133.166,275293
3FmAUR4SPWa3P1KyDf21Fu,Roxanne - Remastered 2003,The Police,22,3D9JqZG5Q1ptOJr8ZQ0j7I,Outlandos D'Amour (Remastered),1978-11-02,②⓪①⑨ mixed,2bOjjgN1S3Gqd8vSMyafvJ,rock,permanent wave,0.618,0.748,0,-8.905,1,0.361,0.0384,4.1e-06,0.0477,0.662,134.001,191500
4eCE7kaSrhsyTNkiZw2KKY,Merry Christmas Baby - Remastered 2006,Lou Rawls,38,3rlxuugpyJG4hIWVO91UeC,Merry Christmas Baby,2006-01-01,Christmas Soul,6FZYc2BvF7tColxO8PBShV,r&b,neo soul,0.609,0.416,10,-9.654,1,0.0581,0.783,2.36e-05,0.374,0.545,98.033,155453
7jpUBLaFhqzu6Wy4Ud3v93,"Banda De Camión (Remix) [feat. Farruko, De La Ghetto, Bryant Myers, Zion, Noriel & Villano Sam]",El Alfa,56,5wd4IHMrJCnZqFxmOwX05s,"Banda De Camión (Remix) [feat. Farruko, De La Ghetto, Bryant Myers, Zion, Noriel & Villano Sam]",2017-11-26,Los Cangri,2hTs6GuPwhmg4ApNqxWXLE,latin,latin hip hop,0.544,0.978,1,-2.479,1,0.105,0.0201,0.00236,0.84,0.732,120.069,357053
40DlQgMasTSTNt06AyjLa9,Al Andalus - Live,Miguel Rios,0,5fstCqs5NpIlF42VhPNv23,Rock & Rios (Remastered),2005-01-01,Rock and Rios,2gpKfzXEi8QWvgBNPDPk5R,rock,album rock,0.386,0.913,11,-10.172,0,0.0786,0.00173,0.00392,0.947,0.335,100.441,502053
4UADR6fNQfx4fxkiRQvSy2,Pristine,Snail Mail,60,2e48GqjEwCi87gQJanb1bf,Lush,2018-06-08,Ultimate Indie Presents... Best Indie Tracks of the 2010s,37i9dQZF1DWTHM4kX49UKs,pop,dance pop,0.483,0.695,0,-5.493,1,0.0313,0.00461,0.000661,0.102,0.294,126.212,295333
0rgeqFt46ZuOKiEbNWQTQo,Easy Life - Tobtok Remix Radio Edit,Jaël,25,0SgQamDnkWTol49KsDn17a,Easy Life (Tobtok Remix),2015-06-12,Tropical Morning,0vbtbmyihyvl2MVYrdKdGw,latin,tropical,0.676,0.795,11,-5.637,0,0.0421,0.0143,0.00315,0.194,0.386,124.005,180000
0yd0NF2DaG04KLqJT5LLV2,Detroit Rock City,KISS,6,69VIN1YAlKMb5JaOesGUKJ,Greatest Kiss,1997-04-08,Workday: Rock Classics,37i9dQZF1DX1lwxXvReaux,rock,classic rock,0.548,0.905,5,-7.237,1,0.0607,0.0381,3.37e-05,0.163,0.457,90.587,218693
3NxAxBnK66q0ZpIWeH9xlp,L.A. Story (feat. Mike Posner),Sammy Adams,50,6aWkHMsNABzSsZzhoMj1cG,L.A. Story (feat. Mike Posner),2013-05-28,A Loose Definition of Indie Poptimism,4ZO0wp9G8FA3X6oYNBzda6,pop,indie poptimism,0.593,0.872,1,-4.525,0,0.0959,0.0784,0.0,0.286,0.523,91.964,208000
4QUUmoiuVPfRUrYHfnL5B5,We Ball,Ace Hood,66,1UejAQ1dWwB7FWDmJGlUNF,We Ball,2019-02-27,The Sound of Southern Hip Hop,18jT9NMRZifv6cMtK2jWD4,rap,southern hip hop,0.761,0.426,10,-11.968,0,0.334,0.0692,0.0,0.133,0.141,155.001,200377
2takcwOaAZWiXQijPHIx7B,Time Is Running Out,Muse,68,0HcHPBu9aaF1MxOiZmUQTl,Absolution,2004-03-23,L' ALBUM ROCK,0jilq2XZP9F2fwzp2k6iXK,rock,album rock,0.585,0.842,9,-5.883,0,0.0556,0.00242,0.00686,0.0866,0.428,118.211,237040
3lWCa9e0KhDghboM5L9C6d,Soul Food,Logic,58,1Mk7Lei0Ra3hawezqmad5V,Under Pressure (Deluxe),2014-10-21,This Is Logic,37i9dQZF1DWTIuAboZgTMf,rap,hip hop,0.52,0.869,1,-4.546,0,0.28,0.0573,0.0,0.332,0.259,167.771,292933
2GyiPfu3exRASKLKZ8p6FB,In My Pocket,Pimp C,49,6HSE9HyKuET2HeQQzSyXiy,Pimp C Presents: Ghetto Stories,2003-01-01,The Sound of Southern Hip Hop,18jT9NMRZifv6cMtK2jWD4,rap,southern hip hop,0.771,0.745,8,-4.337,1,0.152,0.0172,0.0,0.0875,0.713,155.967,259733
2NRQ80uXOLkfNMXsjuBOxB,Gangsta Gangsta,N.W.A.,1,0PHwgJuLLRZP99sEvkkQUd,Straight Outta Compton,1988-08-08,Oldschool Gangsta Rap 👑,0t9TeyXE2mWe70JT3YwSoH,rap,gangster rap,0.894,0.698,6,-8.264,0,0.275,0.0279,3.52e-06,0.329,0.695,98.104,336917
14PCAzWN1tK8zTDZoWv76M,If You Run,You Me At Six,0,4uC7zTuKQvssFjKEmLB8x3,Take Off Your Colours,2008,Pop Punk | Post-Hardcore,1YgWQAs1s77NzieIH4ARKn,pop,post-teen pop,0.388,0.934,5,-3.349,1,0.0669,0.00212,0.0454,0.235,0.435,166.023,238467
2No866hrlpKgTXcQTZ2D2b,House and the Rising Son,House Of Pain,36,2z37UnazitI7yDEF0IjE0v,House of Pain (Fine Malt Lyrics),1992-07-21,90's Hip Hop Ultimate Collection,4IG024zoaGMurhTFBkMAv9,rap,southern hip hop,0.902,0.524,8,-8.394,1,0.109,0.00177,1.33e-05,0.0854,0.553,92.986,219200
7y3uqmsAIB03D3gK3IR9It,Sunflower,Zach Farache,51,1yqdU6opUAOKE19l2ICWja,Sunflower,2017-10-19,Sunny Beats,37i9dQZF1DXbtuVQL4zoey,latin,tropical,0.825,0.596,9,-8.149,1,0.396,0.708,0.333,0.0837,0.117,136.96,122628
2X9fsxb6O6bYEopJYmUbNC,Gold,Spandau Ballet,66,5UUutTu9xlQnG9duYrIIW7,Gold - The Best Of Spandau Ballet,2000-05-15,Permanent Wave CHDB,2foj4ZYVHRGqSd1aMqNPBj,rock,permanent wave,0.711,0.74,10,-7.776,0,0.036,0.261,0.0114,0.104,0.638,143.047,231480
0tauHCQrMIigu9GtuYqIw1,Heart in the Pipes (KAUF Remix),Tony Castles,44,3zLnCBlMzED6mYc6zSe8CR,Heart in the Pipes (KAUF Remix),2011-08-24,GTA V - Radio Mirror Park,31R7Gd07KsDafqJEeL4Hqr,pop,electropop,0.451,0.872,8,-5.303,0,0.065,0.056,0.0785,0.0904,0.348,180.06,294740
6tBvw9TfPXY7sIcgg3EZWE,One True House,AW,42,0o46PQ8v9Um1dZiqL2yXoO,One True House,2019-10-03,Great Pops,5SO7xYih5w8X5FEpKvU7Rt,latin,latin pop,0.803,0.933,7,-6.836,1,0.0504,0.033,0.15,0.119,0.526,124.012,174367
5l6WYGy3di3k8V5QlBMvJ1,Don't Be Afraid,Aaron Hall,19,5VCZ2rE2UGlYY7IFyR4EqF,90's Soul Number 1's,2007-01-01,90s R&B - The BET Planet Groove/Midnight Love Mix,7LjRWGUdOmBdPG1W1bga4i,r&b,new jack swing,0.838,0.917,6,-7.977,1,0.0666,0.0493,0.0,0.315,0.663,101.548,315453
1Xunvmk47Mju6oZlgzm2Ty,Burbons And Lacs,Master P,54,699xAzNxlXxgmkycTEqktC,Ghetto D,1997,90's Southern Hip Hop,2NMW1nwQYSVlXd26uLenX6,rap,southern hip hop,0.926,0.453,7,-5.921,1,0.109,0.000862,5.95e-05,0.124,0.393,138.004,249933
4RHlcNRXerWF5rmBe4KNUa,Shot Through the Heart,Jelly Roll,36,138S8GterIlZRtIQCzMeml,Waylon & Willie III,2018-11-16,Southern soul & hip hop,4xJULuV0P5PLcMe3xP8Pgj,rap,southern hip hop,0.683,0.566,9,-7.664,0,0.261,0.321,0.0,0.112,0.339,140.105,214562
3vwVxnq3vQ6NxGVxaiuteR,"Cool (feat. Marc E. Bassy, Gucci Mane)",Felix Jaehn,9,2DL4AOHc4MKvCHbUr544aU,I,2018-02-16,Tropical House Run 190 BPM,37i9dQZF1DWSTc9FdySHtz,latin,tropical,0.622,0.755,2,-5.494,1,0.129,0.0573,0.0,0.0859,0.317,94.579,190617
32TsyZP1DU5UxjfzGv1gkN,Without Your Love,SaberZ,30,6mlbwwXXsCu8mWf7wFu409,Without Your Love / Nebula EP,2019-04-10,Big Room EDM,3S03NWbWkrR1e7DPH9rf9Z,edm,big room,0.511,0.854,4,-4.104,0,0.0517,0.00151,0.0141,0.195,0.0838,129.932,173077
6zJDw4HRcwXVsyaAfSZJQE,So Careless,The Tea Party,41,49YYmX5eAvv93hxLMPMD6R,Black River,2019-11-29,Hard Rock,37i9dQZF1DX1X7WV84927n,rock,hard rock,0.495,0.904,7,-3.708,1,0.0354,0.0073,5.24e-05,0.173,0.574,92.036,202648
3SDlMjloqNmuHbOUWsLyfU,Good Morning,Two Door Cinema Club,41,6PmuEq2op3EMw1ZhCjjucB,Gameshow (Deluxe Edition),2016-10-14,Indie/Jazz Poptimism,6OaTudLqBEuTyUMPxRNpZc,pop,indie poptimism,0.77,0.729,9,-5.775,0,0.0306,0.292,0.000268,0.151,0.841,115.032,236173
2YwC2IM0ykBxtMBH9aMe5m,Money Talk,Rich The Kid,64,7BdXFwf9b2bnQ8w9A7GYwE,Money Talk,2020-01-17,RapCaviar,37i9dQZF1DX0XUsuxWHRQd,rap,hip hop,0.804,0.641,10,-6.2,0,0.261,0.0313,0.0,0.148,0.576,154.967,174640
2ZIMKOI0DT7wM3qTND0IWm,Too Good,A&G,45,4RZhgIg81LTExSLp1aCwIN,Too Good,2016-11-14,Tropical House,37i9dQZF1DX0AMssoUKCz7,latin,tropical,0.728,0.66,11,-7.122,0,0.0687,0.227,5.82e-06,0.447,0.697,108.103,197784
2TFJVb9LL54V5W53qGWDSv,let me know,blanchehor,39,1jJcjFNob1gMtgji8KMnP7,let me know,2019-11-09,Dance Pop: Japan,37i9dQZF1DXahYFr91pFvG,pop,dance pop,0.704,0.584,6,-7.384,0,0.026,0.324,0.0979,0.0965,0.752,102.987,220631
0UQDSP8cz6WmLJckO5jqUQ,I Smile,Kirk Franklin,57,6CkiHbEFRtD75ghxLBOn3N,Hello Fear,2011-03-18,Gospel,0pItJZBDZFvgAOdFnSITnJ,r&b,urban contemporary,0.745,0.753,1,-2.408,1,0.164,0.223,0.0,0.705,0.589,144.057,307973
2lNm3PtNIj5DDZa96edje6,Miami Vice Theme,Jan Hammer,1,4VXfAG3xDFDkt6OEuBHLqK,Escape From Television,1987-01-01,80s Pop & Rock Hits and Album Tracks,0XOIK4m26aeYSD61E5nSVW,rock,album rock,0.579,0.91,2,-9.812,1,0.0383,0.565,0.936,0.332,0.875,115.459,147600
3ZWJpOtUrMh67QRLXEkqGF,Home Tonight,Quentyn,36,7aFVMvreRaRBVF6IX9xl61,Home Tonight,2017-09-29,Electro Pop | Electropop,2a5i2ZtEXGKwVGL16J8N0p,pop,electropop,0.629,0.776,1,-6.555,1,0.0939,0.00157,0.111,0.152,0.485,119.98,210000
0Qv5qTV99tE5tRo5Kqde4D,Ready For Action,Dimitri Vegas & Like Mike,55,1nydlQVfrtD8Bupk7oYfNn,Ready For Action (Radio Mix),2017-06-02,Big Room Beast,3PNyCpkY7NAXyhopBpj7vc,edm,big room,0.639,0.973,10,-4.644,0,0.107,0.00403,0.00336,0.336,0.168,130.046,224769
4ZhPLoMzZwewHLLjV1J15c,99 Luftballons,Nena,73,78hVLZZJhaXgrnfXKc6yxF,Nena,1983-09-23,Permanent Wave CHDB,2foj4ZYVHRGqSd1aMqNPBj,rock,permanent wave,0.575,0.555,4,-7.495,1,0.0453,0.103,1.3e-06,0.111,0.504,95.361,232467
3VtP05IJvN5XuPDtUTRk4L,Blue Monday,Nouvelle Vague,43,04VmLM7OUYvIIwtSryQ7nm,Bande à Part,2006-06-26,Paraíso Tropical,2v41efarffe6iY8qpMK5Gj,latin,tropical,0.892,0.582,9,-7.064,1,0.0416,0.498,0.00465,0.736,0.794,120.053,186347
7fOSf0ZuZ2XYSXpJcihCZd,Eyes - RÜFÜS DU SOL VIP Edit,RÜFÜS DU SOL,39,4xxkZCrb0e2oKqIrzGHPLk,SOLACE REMIXED,2019-09-06,Deep Electronic Music 2020 & Progressive House,5CMvAWTlDPdZnkleiTHyyo,edm,progressive electro house,0.699,0.797,1,-7.567,1,0.0403,0.000633,0.821,0.0891,0.251,122.003,499647
0XvhJ9pxAXvV2B47JIZlEd,Crazy,TRFN,57,6tdhvSwvHBjGQbwTHrnCyD,Crazy,2018-05-17,🔊BASSBOOSTED🔊⚡ELECTRO HOUSE⚡🔥EDM CAR MUSIC2018/2019🔥,4GSiiL8tcMgvoV7K1IADb8,edm,electro house,0.782,0.579,9,-6.792,1,0.0405,0.505,0.755,0.137,0.0803,124.006,173880
2eknDuc5IeulN0hnwEZsjF,The Next Episode,Dr. Dre,73,0qRYw8PUU2AE7MPTvC9AwF,2001,1999-01-01,Los Cangri,2hTs6GuPwhmg4ApNqxWXLE,latin,latin hip hop,0.923,0.912,10,-2.399,0,0.266,0.0308,0.0,0.111,0.287,95.305,161507
3qSLaqWAsUdpf830MjlRTm,Yo Sé,DJ PV,31,2r5v3G6M3feWoEB4q7EoYD,Me Llevas Más Alto,2017-06-02,LATIN FLOW MIX - Música Cristiana🎵,396llvvFOIB9jgPg0kqNDb,latin,latin hip hop,0.563,0.845,3,-5.221,0,0.085,0.157,4.21e-06,0.156,0.322,127.873,274920
22ml4eR5KmSbUkzPlKffQE,Marijuano Locos (Stoned Raiders) - Spanish Edit,Cypress Hill,44,7u6yoSRjIBM2EI52DJLMkZ,Los Grandes Éxitos En Español,1999-10-07,HIP-HOP: Latin Rap ['89-present],5fWgI0IJ1el5NB1sZ0Egsx,latin,latin hip hop,0.784,0.704,7,-8.068,1,0.377,0.344,0.0,0.372,0.534,90.749,178467
1Xnn1TPyr5h0hpRAT4B4EA,Bellaquita - Remix,Dalex,87,5dXeJdc2hib8JB3Vqon2zB,Bellaquita (Remix),2019-11-22,LATIN POP 2020 🔥 Pop latino actual,2kKzN3kRYDzBctlaWs7CP2,latin,latin pop,0.795,0.715,1,-3.582,1,0.0838,0.141,2.12e-06,0.179,0.758,165.941,304733
4CAfToI7igIFFmCzP8JxGl,Moments - Original Mix,Chris Lawyer,4,33ax3BTVwrNH8DhNZ70YAq,Moments,2016-03-21,Underground Party | Hypnotic | Minimal | Acid | Big Room | Tech | Liquid,29jj7pQlDqnWclbHQk21Rq,edm,progressive electro house,0.666,0.841,7,-6.728,1,0.0514,0.0166,0.637,0.626,0.104,125.001,445440
2yAVzRiEQooPEJ9SYx11L3,Blue (Da Ba Dee) - Gabry Ponte Ice Pop Radio,Eiffel 65,73,54vbD17F1t5q3yHkj1cX37,Europop,2011-01-05,Selected House,2JPzPB9jnvJLAYtmCbvZy8,edm,progressive electro house,0.822,0.969,7,-11.471,0,0.0582,0.259,0.000162,0.39,0.765,128.007,283748
6O3me92QRsml7rAWIylnGL,Tachyon,Acidic Base,39,7Eppxj8kx0Zd34g7dMnQ6R,Tachyon,2019-12-16,Electro Vibes,0wHHL0TLztL3muzXLCDTQP,edm,electro house,0.425,0.88,11,-4.931,0,0.0459,0.00579,0.926,0.0828,0.063,179.658,230374
6KXr7yY6zDuNCwXfhY2HvQ,Black Crow - Acoustic,Louis Baker,42,6vBWHqtl4ANjnlLoNIOq7C,Black Crow (Acoustic),2018-08-24,urban CONTEMPORARY,1nFfDHtp8RY3obgen8KODl,r&b,urban contemporary,0.761,0.153,7,-10.906,0,0.0405,0.893,0.0,0.116,0.332,112.783,194444
6ukMqDxnOPOgoHdak7Kyp3,Marvin Gaye,Charlie Puth,70,5t4A7Loq1pKRFlkBOs1O2O,Some Type Of Love,2015-05-01,2015 songs,6UJw1egIcZVfrBmcKs5uHH,edm,pop edm,0.795,0.616,1,-5.281,0,0.06,0.417,0.0,0.349,0.815,110.015,190453
6wic8Jj7oLRmj0Qe2nMgUj,Save You,Richard Durand,47,4g2Kvu5d5I809b3oy4tIAp,Save You,2019-09-20,Trance Party 2019 by FUTURE TRANCE,2yofeyPwe0ZNmJHTrGz2Qt,edm,big room,0.516,0.882,8,-6.995,1,0.0645,0.00155,0.00892,0.157,0.531,137.966,197871
7cVmKBwzPsh4Fmb6SplfEm,"Lean Wit It, Rock Wit It",Dem Franchize Boyz,60,0e0ks1xlvQBOsC3Gsw2EgA,On Top Of Our Game,2006-01-01,Hip-Hop Drive,37i9dQZF1DWUFmyho2wkQU,rap,hip hop,0.886,0.62,5,-5.854,1,0.307,0.082,0.0,0.1,0.6,76.035,229813
0kPWjVyvas9lc4oXakOiBj,Swing Tree,Discovery,45,3qcXtSsTV6L0Zwf3BpcjDZ,LP,2009-07-06,Electropop And Play,7p30DzTAgW6OhspSXHTI88,pop,electropop,0.679,0.77,5,-7.673,1,0.111,0.0417,0.0527,0.124,0.843,184.047,158133
5ZiGdWZvv9kaWw1UFcmDur,Shape of You,EZA,2,5Zm0pvfZXgyVjo8uaCqcan,Shape of You,2017-05-19,Music&Other Drugs,5jROYSZSL7cO0jGAqkPx7C,pop,indie poptimism,0.596,0.39,11,-9.708,0,0.225,0.596,0.000368,0.487,0.652,176.0,225682
7cWmR9RLLMY6bj28q4bhvz,Tic Toc (with Tory Lanez),Rich The Kid,2,5P1MtYgjsg6UW6lT52GOXg,Tic Toc (with Tory Lanez),2019-03-15,Trap Americana,7tkgK1tm9hYkWp7EFyOcAr,rap,trap,0.78,0.643,1,-4.154,1,0.121,0.0381,0.0,0.115,0.211,169.995,150041
6tS57D4PHqnkbIN2LSIJG2,Party Rock Anthem,LMFAO,24,0vDtE7KpHGWGXMvtTJbuh2,A Decade Of Bops,2019-12-20,post teen pop,6rjxP7GQKoqqgoakzxl3PY,pop,post-teen pop,0.657,0.81,1,-5.074,1,0.144,0.0474,0.0,0.171,0.474,129.856,245800
4iGBPovu7Hy7TUg6Wk6pjt,The Dirt (Est. 1981) [feat. Machine Gun Kelly],Mötley Crüe,56,41yK0Yl2fDWKMSn3l3Ii3u,The Dirt Soundtrack,2019-03-22,Classic Rock Now,37i9dQZF1DX0fWtUuB7bFE,rock,classic rock,0.421,0.859,1,-4.333,1,0.0694,0.000103,0.000248,0.1,0.373,166.099,232000
4Kt9ktbH1rLPGSfc8YXpfr,Counterlight,1986 Omega Tribe,25,2D0ZslksGmdeDPrMXzZ0XX,Crystal Night,1987-02-04,Japanese Funk/Soul/NEO/Jazz/Acid,4zNayWuATXCAA9gaXvnFnq,r&b,neo soul,0.717,0.725,4,-13.575,0,0.0295,0.382,0.228,0.332,0.984,132.014,291000
5Leb8e1Nirv6IFHrmvJNv3,Don't Call,Lost Kings,49,0EyiyaJHWNAbJ8bdpTHuaJ,Don't Call,2017-12-08,Indie Poptimism,21nxmipQe5xtXoHHPaYfnY,pop,indie poptimism,0.703,0.574,5,-6.776,0,0.0681,0.0152,4.62e-06,0.038,0.784,103.962,196418
7tsRp7QKUBp6hc9bth0h7x,Don't Walk Away,Jade,61,2EwwOSHl7oOX1vyjQBx4Zc,Jade To The Max,1992-11-13,New Jack Swing,3ykXidKLz1eYPvuGoFlD1e,r&b,new jack swing,0.831,0.915,10,-7.501,0,0.128,0.147,0.00571,0.196,0.881,102.979,216373
4YkMADiCB98XqOGQb0P1aT,Light the Way- Single (feat. Nozomi),Brandon Seibert,29,6CBWSNoJSRIK9TB9kdnD5G,Light the Way,2018-01-05,Christian Dance Party,37i9dQZF1DWUUPO0Sbx2CM,pop,dance pop,0.454,0.703,1,-5.76,0,0.0385,0.00211,0.0317,0.111,0.676,100.037,210967
3Gdy0YE7Z6JIT1zKNYcmsM,Give U My Heart (feat. Toni Braxton) - Album Radio Edit,Babyface,22,44YkbOX8QxlFuBtYec4hPG,The Essential Toni Braxton,2007-02-12,90's NEW JACK SWING,0dmInkymNnOTWvEFamSNzb,r&b,new jack swing,0.704,0.839,8,-6.54,1,0.0474,0.00493,5.44e-06,0.0566,0.769,103.846,240234
1yknkOZLGA8MPWMBrwBBcq,You Don't Know,702,0,3oSahToI00YnUgOPHNZ35i,702,1999-01-01,"Swingbeat (old skool), New Jack Swing, R&B, Hip Hop, Urban",3krpccUV68nBGAQbvHEZDC,r&b,new jack swing,0.821,0.438,4,-10.639,0,0.0738,0.264,0.0374,0.0715,0.867,133.989,248973
48QmG1dfvMuYLxMPt7KSRA,No Lie,Sean Paul,76,5xrOcCoO3jkXRjHQjfESM6,Mad Love The Prequel,2018-06-29,ELECTROPOP🐹,44p8nNLe4fGfUeArS3MaIX,pop,electropop,0.742,0.882,7,-2.862,1,0.117,0.0466,0.0,0.206,0.463,102.04,221176
1tWBJaXRlYd3NPuqzRIfm2,Pipa - Pep & Rash Remix,Santos Suarez,3,4ZohjX0rBFNBfuZrtQHbcP,Pipa,2013-09-12,Latin Village 2019,3JcJCsvBnRsA6oc7eUYDSB,latin,latin hip hop,0.549,0.92,0,-4.983,0,0.0999,0.00513,0.879,0.212,0.316,128.009,320630
707Sfl5gopQ04y2WcqBIc0,You Are The Woman,Firefall,21,3dtEGOLkkdEMbwu6GSOmdh,'firefall Reunion Live',2009-02-26,70s Pop & Rock Hits and Deep Tracks,1uKFRCQYci8kVgMy3xzTVH,rock,album rock,0.559,0.622,2,-9.522,1,0.0448,0.197,0.0,0.968,0.558,124.468,249853
3XcsaghGUCL9WzJz3TlLKo,On My Block,Scarface,1,08QH6uS4BzYcPqeAbpcnhg,The Fix (Explicit Version),2002-01-01,Southern Hip Hop,4lcyWQDOzPfcbZrcBI3FOW,rap,southern hip hop,0.834,0.917,10,-3.194,1,0.205,0.165,0.0,0.0533,0.601,82.766,214533
3TZwjdclvWt7iPJUnMpgcs,Jump Around,House Of Pain,74,2z37UnazitI7yDEF0IjE0v,House of Pain (Fine Malt Lyrics),1992-07-21,90's Hip Hop Ultimate Collection,4IG024zoaGMurhTFBkMAv9,rap,southern hip hop,0.854,0.71,4,-6.32,0,0.0793,0.0113,8.72e-05,0.166,0.818,106.894,214947
0CLhMOVhX6TaPpugYkEsge,Never Lie (feat. Moneybagg Yo),Wiz Khalifa,64,6w9XKjOZTLF7CBhA5P6LOB,Never Lie (feat. Moneybagg Yo),2019-08-23,Rap Workout,37i9dQZF1DX76t638V6CA8,rap,hip hop,0.686,0.72,1,-5.744,1,0.0474,0.0269,0.0,0.117,0.323,140.034,213346
6pMab0QXnZ48yxPdjuWnFr,Primum,Hallasen,40,39pn8H4IJUNhJXedPvvT6p,Primum,2019-12-27,Bounce United,08QTrfsYYouffgnPjmllAQ,edm,big room,0.573,0.874,2,-8.82,1,0.0778,0.0156,0.000812,0.229,0.293,138.037,186087
5RSHSWavmv5Mv9CxlCNSjn,Zero to a Hundred,Joanna Teters,36,0J6V7Wjgg7iYyiMg5MuXes,Back to Brooklyn,2018-06-15,I Love My Neo-Soul,37i9dQZF1DX44dZ4p5QLf4,r&b,neo soul,0.595,0.539,1,-7.791,1,0.38,0.147,2.29e-06,0.168,0.71,81.996,185714
3OqotgIbr6T2z37np0Lekw,King Of My Castle - Don Diablo Edit,Don Diablo,59,0gPsK5ociyyzUPy2cZO5BI,King Of My Castle (Don Diablo Edit),2019-01-18,Fresh EDM | Progressive House | Electro House | Trap | Deep House | Electronic | Future House/Bass,0FCHg9zJMNNiOokh3hVcxd,edm,progressive electro house,0.748,0.896,1,-4.396,1,0.125,0.314,7.26e-05,0.36,0.559,125.021,173160
2dLWb2s1QtgpzAGOaBVa0h,1 Question,E-40,51,5EK2Kc4pKtcVGUM4Dvz2PQ,Practice Makes Paper,2019-07-26,Neo-Soul,1eqVgsNjaX6mxDPoefhocT,r&b,neo soul,0.61,0.676,2,-6.521,1,0.132,0.158,0.0,0.0961,0.464,90.028,250081
1rav6gpyMEfZQrMdaVs1sx,Dooriyan,Dino James,61,13BciaZH6i53mdi2EdORkz,Dooriyan,2019-12-06,RAP 91,37i9dQZF1DX1ct2TQrAvRf,rap,hip hop,0.613,0.48,9,-10.079,1,0.186,0.563,0.0,0.104,0.212,184.006,215217
4wkKpuC990DwNJBsbVIAPJ,Battle Born,Five Finger Death Punch,55,14EUES6TzmB5nuyLvxTo9b,"The Wrong Side of Heaven and the Righteous Side of Hell, Vol. 2",2013-11-19,Workout Hard Rock,4TG1lzMD9HFvZ9E1Bk6Gnu,rock,hard rock,0.465,0.965,11,-4.578,1,0.114,0.000143,0.0,0.245,0.392,148.012,223766
3qzqmTeS5h6CrSPUq5JhiX,Tres Equis,Cypress Hill,31,4tQSV1ZGpwlo3dBiTRuKvM,Cypress Hill,1991-08-13,HIP-HOP: Latin Rap ['89-present],5fWgI0IJ1el5NB1sZ0Egsx,latin,latin hip hop,0.662,0.476,0,-14.114,0,0.0613,0.00186,0.00683,0.353,0.489,103.302,114907
2VWbHHhWnMzKWPUs4IEEW9,God's Plan,Drake,12,2o9McLtDM7mbODV7yZF2mc,Scorpion,2018-06-29,GTA San Andreas Radio Los Santos,6m0BqpJfSP2m5xCOFjDRHw,rap,gangster rap,0.754,0.449,7,-9.212,1,0.108,0.0329,7.84e-05,0.55,0.35,77.167,198973
5x4Xj6R8aYqgj2mEZ5Xy1P,Carol City,Rick Ross,0,79qFHCSJ8v5DBHwbHExLOV,Black Market (Deluxe),2015-12-04,Contemporary Hip Hop,68y3WoFJMMKDHUIpqCnoM3,rap,southern hip hop,0.664,0.778,2,-5.191,1,0.14,0.00018,0.0,0.369,0.264,145.964,253227
5oiCAaTXWuvRRKJwOfHev1,Working For It - Nomero Remix,ZHU,44,1BEHyslbcycCI7tIxdt2fU,Working For It (Nomero Remix),2016-02-12,Indie Poptimism,2QiMewRbSavfZ9MSAYz2h6,pop,indie poptimism,0.708,0.581,6,-9.521,1,0.0557,0.323,0.0206,0.0961,0.329,99.987,202467
7gr57cYekMWriyJYbT7oZ4,HANN (Alone),(G)I-DLE,66,4VLR1cDqRIeS86GYSJvlmZ,HANN (Alone),2018-08-14,K-Party Dance Mix,37i9dQZF1DX4RDXswvP6Mj,pop,dance pop,0.709,0.718,6,-3.315,0,0.0312,0.059,0.0,0.167,0.24,104.971,205820
6OQea06z3cbOqYgG2O6eOZ,Killing Spree,Logic,56,1HiN2YXZcc3EjmVZ4WjfBk,Everybody,2017-05-05,"🔥💵 Hip Hop, Rap, Heavy 808's - New School",3jPkaExIWXQWklcmmF5180,rap,southern hip hop,0.856,0.758,1,-5.783,0,0.227,0.0304,0.0,0.105,0.18,124.073,206613
0Ffg0etsfpaUNwv8t0bosp,Safe Dream,Tep No,39,5RVsRQ6K2DAfHhPmMkE9nm,Safe Dream,2015-09-02,Deep-deep Bubble Pop,744VClUYfFnZCDPcOUkg5G,pop,indie poptimism,0.528,0.427,11,-8.926,0,0.0347,0.826,0.0,0.122,0.195,141.866,189071
5OQsiBsky2k2kDKy2bX2eT,Learn to Fly,Foo Fighters,73,28q2N44ocJECgf8sbHEDfY,There Is Nothing Left To Lose,1999-11-02,Classic Rock,5BygwTQ3OrbiwVsQhXFHMz,rock,classic rock,0.465,0.919,4,-4.025,1,0.0408,1.83e-05,2.07e-05,0.262,0.537,135.997,235293
0WMGutPnFFHAsLekvKa9vd,Who We Are - Jacked Mix,The Smen,26,58wAaav2OxKE9hRAMsvcXH,Who We Are (Jacked Mix),2018-06-15,💊ELECTRO-HOUSE-TECH💊,0AFYmoSuoMQiGGjzvBwr6u,edm,electro house,0.579,0.811,1,-7.914,1,0.293,0.000184,0.71,0.349,0.161,127.105,215925
2rtojZgpeM6CdfCxv4IIeV,Blame,Skylar Stecker,21,6GtxVdpqs4zbtDRCnlXBYp,Blame,2017-10-27,Indie Poptimism,1pZWCY50kMUhshcESknir8,pop,indie poptimism,0.752,0.739,3,-3.761,0,0.0607,0.185,0.0,0.0982,0.652,104.937,172457
3Gm0yg6GQN1tFnhUGYKQQT,I'll Always Be Your Fool,JGS,36,5sgIO00FPm0pYYlm1WvcHM,Take One,2019-10-19,HARD ROCK Vibes,28817h8FTrRI4V40DqHVaB,rock,hard rock,0.593,0.412,7,-9.057,1,0.0357,0.628,0.00139,0.178,0.698,167.41,203154
52Qu0no0NBho3zyRmjlsHn,Another Sad Love Song,Khalid,71,6kf46HbnYCZzP6rjvQHYzg,American Teen,2017-04-27,indie poptimism,1E5VdGGWkpDQ682gdvJAZH,pop,indie poptimism,0.834,0.472,5,-7.777,0,0.0873,0.412,6.76e-05,0.0836,0.517,107.014,244747
2wZ2L7AOU0IrmbIa6DXqYJ,Yo No Soy Tu Marido,Nicky Jam,54,0pIXeN8NWmbf23XJ9Fluuk,Reggaetón Diamond Collection,2009-07-24,Latin/Hip Hop/Dancehall/Soca,2rg9LCyvaMQvnCE2hVndpR,latin,latin hip hop,0.808,0.645,10,-7.252,0,0.0524,0.0665,5.9e-05,0.132,0.808,94.974,199320
3NIa5Ttfmn84XKfgFvOk8j,Carta,Vic Badillo,16,0kdlCwiTU2Rkyss1O7XO9d,Carta,2019-09-13,Paraíso Tropical,2v41efarffe6iY8qpMK5Gj,latin,tropical,0.704,0.573,7,-6.564,1,0.0319,0.38,2.39e-06,0.0963,0.89,95.957,211445
0LP3SUCVq4PYB4dEBZNqWN,Melanin Man,Brasstracks,26,6MBrVHj4jlZNHcMfDWOqMV,Good Love,2016-08-19,Urban Contemporary,4425cRh83Uzor4qCRfM9lb,r&b,urban contemporary,0.514,0.686,10,-4.991,0,0.207,0.0104,0.0,0.273,0.524,81.328,250521
3uflqf2yN68tM08Jdbc4w9,Secret Garden - Rob Hes Remix,Drunken Kong,3,3WflCd93XZUTRgr5m5XWZL,The Signs Within [Remixed],2017-10-09,💊ELECTRO-HOUSE-TECH💊,0AFYmoSuoMQiGGjzvBwr6u,edm,electro house,0.653,0.716,7,-8.359,1,0.0498,0.0272,0.865,0.0881,0.189,125.999,358095
1w29UTa5uUvIri2tWtZ12Y,Hip Hop Hooray,Naughty By Nature,64,4OEP9VlZWOCt1QcOzX0oXF,19 Naughty III,1993-02-23,90's Hip Hop Ultimate Collection,4IG024zoaGMurhTFBkMAv9,rap,southern hip hop,0.862,0.642,6,-13.652,0,0.101,0.102,0.0,0.272,0.765,99.201,267267
0U8hIG64PnssFf6y9w35di,Lejos de Ti,María Barracuda,26,1bhUnlxM5e8p9jkvHDGGu9,Maria Barracuda,2004-05-31,ELECTROPOP EN ESPAÑOL,3VfscqF7zq65IGKiYM3FS0,pop,electropop,0.447,0.655,4,-5.045,0,0.0316,0.0283,4.56e-06,0.215,0.332,157.623,312293
3xRbymJj98leHL7K8Y94WS,She's Playing Hard To Get,Hi-Five,55,50q6yYmQ9Mzk4L95sxGXib,Greatest Hits,1990,New Jack Swing/ R&B Hits: 1987 - 2002,4sji14lrB5bgcr51lPALYH,r&b,new jack swing,0.525,0.811,1,-6.148,1,0.0602,0.00847,0.0,0.266,0.751,199.977,276573
6P3US4DIVYrPeyG2YbOCeM,Love Gun,KISS,0,462gV7cwQDqVtMYaxZSslv,IKONS,2008-10-21,70s Hard Rock,6pZlZ20vt3aDjIKw98aBtQ,rock,hard rock,0.387,0.912,3,-5.147,0,0.0407,0.0146,0.107,0.354,0.653,147.193,196413
2hWKN5fCpkIWxBDrtFeBHc,Stuntin' Like My Daddy,Birdman,0,3fUZDYmaGBAwqBB2YF4X0p,10 Years Of Bling Vol. 2,2008-01-01,Dirty South Rap Classics by DJ HOTSAUCE,0tLHH1C4HkWEUCXXSSjbOe,rap,southern hip hop,0.713,0.877,1,-6.65,1,0.0399,0.0101,0.0,0.0957,0.818,159.997,269200
0HsTJZWuj9vY7Ns0If1ARm,If I Had No Loot,Tony! Toni! Toné!,0,6IVA8VGThiGudDN2mCg0DU,Sons Of Soul,1993-01-01,1987-1997 OLD SKOOL JAMZ,0WicovBbxeB0nvQC6IfuaT,r&b,new jack swing,0.873,0.721,11,-9.774,0,0.0448,0.113,0.0,0.27,0.81,106.725,241467
4KqunuQGZ25YDDSoZUnMR9,Are ‘Friends’ Electric?,Gary Numan,29,5rWJPV7LuFdlNMHVhGo1UO,Replicas Redux,2008-03-04,Electropop And Play,7p30DzTAgW6OhspSXHTI88,pop,electropop,0.425,0.752,5,-9.841,1,0.0382,0.0314,0.265,0.148,0.417,94.131,325200
4lDMA5DuVCCjGE5O7koap5,Rock It (Radio Edit),Ozi,8,5Ss8K3tlbDmcF4JcXzxfJI,Rock It (Radio Edit) - Single,2011,EDM 2019,1T0ed6Mg0QIruHvcoWWIKy,edm,pop edm,0.895,0.597,0,-4.486,1,0.101,0.0048,0.136,0.0421,0.349,128.031,185125
2kmlroaeR5LXqij5Z73i1q,Porque,Maldita,0,1snVKLB7cS0Ry8biO3KKhq,Sawi Playlist,2016-07-29,Pinoy Classic Rock,37i9dQZF1DWYDQ8wBxd7xt,rock,classic rock,0.378,0.318,4,-5.287,1,0.0322,0.739,0.0,0.123,0.495,199.314,297427
2u0oTsc6XcvJTh24ynQ1Ao,All Star,Mike Perry,65,1GNo2mAwMnT0UYoo1mXSVa,All Star,2019-08-23,Tropical House Remixes 🍍 Tropical Remixes & Tropical Covers,3YdAwfgQLMS4AN2WjRfRlb,latin,tropical,0.66,0.852,7,-3.573,1,0.0378,0.016,0.0,0.203,0.594,103.988,151278
2Lv1EpgTXrZ2gzJfoNGVnw,Piel Morena,Thalía,58,48Squ1oYsMrjEGUKnmEHyp,En Extasis,1995-01-01,Latin Pop Classics,37i9dQZF1DX6ThddIjWuGT,latin,latin pop,0.744,0.816,2,-6.069,0,0.115,0.321,0.0,0.0329,0.897,180.788,282893
3CkjLJYnnyOtGk4Jx4iYS4,Woman,Wolfmother,62,5ywynDHLHT3l8QSu41TcmC,Wolfmother,2006-01-01,2000's hard rock,0EmGNFBBgqLmvdQGPbgiMp,rock,hard rock,0.219,0.952,2,-3.621,1,0.176,5.1e-05,0.0989,0.157,0.172,112.886,176307
6kcHg7XL6SKyPNd78daRBL,Sweet Talk,Saint Motel,63,43URJ507cdoIRy3GJdfxjs,saintmotelevision,2016-10-21,Indie Poptimism,1pZWCY50kMUhshcESknir8,pop,indie poptimism,0.67,0.843,1,-4.311,1,0.0454,0.0392,0.0,0.225,0.713,117.01,192040
6DuE8kXIDJ3oiCibWXmgeN,Thorns,Faustix,60,57ATyOS7Gud3uEjzIbMp7Y,Thorns,2019-03-29,Dance Pop Hits,37i9dQZF1DX6pH08wMhkaI,pop,dance pop,0.708,0.825,4,-3.117,1,0.0615,0.031,0.0,0.191,0.662,109.991,186000
6hGO839yARUkVnsYG3AkJB,Nowhere,Gavin Haley,34,3lflSODQESUQBzjBR3Iqdb,Half Evil,2020-01-08,The Pulse of Indie Poptimism,5qFXOOxrQVyS4UCq3UilZN,pop,indie poptimism,0.731,0.221,6,-17.946,1,0.049,0.938,0.00785,0.189,0.445,100.982,155821
27GZ01uEeZvG7esdoed3pQ,Mala y Peligrosa (feat. Bad Bunny),Víctor Manuelle,54,2cJRX7IOFH07xtkDvB3gcG,25/7,2018-03-23,Fiesta Latina Mix 🎈🎉💃🏻🕺🏻☀️🏖,2kY6lVc5EcVfI5WNKmPQQG,latin,latin pop,0.731,0.779,10,-4.101,0,0.0898,0.622,2.96e-06,0.0419,0.907,88.993,264200
6bLvfGI2XeU5DTl8feuNrk,Cómo estás,Ke Personajes,72,30wGCjJRi0wRjdKu12PQcd,Cómo estás,2019-04-17,De Fiesta,37i9dQZF1DWVskFRGurTfg,latin,reggaeton,0.59,0.857,10,-1.986,0,0.0553,0.289,4.21e-06,0.0414,0.976,135.29,227396
7emvGfWGGflq16VgrcRx3r,Give It Away (feat. Paul Rey),Penthox,19,3UIVvJn03JxUFxiVWxjOua,Give It Away (feat. Paul Rey),2015-12-02,@deniceemoberg EDM - POP REMIXES,2fbrY1tuoW8Uji14H7623k,edm,pop edm,0.644,0.605,0,-7.021,0,0.0916,0.276,0.0,0.11,0.413,122.906,204654
3dhjNA0jGA8vHBQ1VdD6vV,I Feel It Coming,The Weeknd,80,2ODvWsOgouMbaA5xf0RkJe,Starboy,2016-11-25,BALLARE - رقص,1CMvQ4Yr5DlYvYzI0Vc2UE,pop,post-teen pop,0.773,0.819,0,-5.946,0,0.118,0.426,0.0,0.0679,0.585,92.99,269187
4m0q0xQ2BNl9SCAGKyfiGZ,Somebody Else,The 1975,73,12zl1WmHPFCSyKYbL4vBZn,"I like it when you sleep, for you are so beautiful yet so unaware of it",2016-02-26,ELECTROPOP🐹,44p8nNLe4fGfUeArS3MaIX,pop,electropop,0.618,0.793,0,-5.711,1,0.0601,0.204,0.0154,0.126,0.459,101.015,347526
3cSuhzV7wKX5diQ8hos78P,Steady Mobbin,Young Money,65,0hDy52fqKwb2ZIjyNXGxan,We Are Young Money,2009-01-01,Hip-Hop Drive,37i9dQZF1DWUFmyho2wkQU,rap,hip hop,0.488,0.691,0,-8.09,0,0.279,0.0219,0.0,0.501,0.697,156.141,310733
1vMPOXedoeZCtHzBB2Vart,We Won't Leave You,Steve Void,7,6SPPzbQ4PJVXvpLJMQtED3,We Won't Leave You,2017-08-04,EDM Trap,7CEEEMKV41x0RlFCXWdvKF,edm,pop edm,0.46,0.658,10,-5.692,0,0.0351,0.0931,0.000432,0.0777,0.142,86.122,189778
3D3lmTEhuWaunO1yxpYPD8,You're in Love,Ratt,54,7CzsLoFBEMElxviJoApcAI,Invasion Of Your Privacy,1985,’80s Hard Rock,37i9dQZF1DX68H8ZujdnN7,rock,hard rock,0.567,0.867,7,-11.541,1,0.0484,0.00384,0.088,0.112,0.535,146.008,194107
79XW8ctYhU4Wq0iOx3NGjG,Movin' Too Fast,Olly James,43,67vRhSgT9Vx6qRwJKhQxul,Movin' Too Fast,2019-08-21,Big Room EDM,3S03NWbWkrR1e7DPH9rf9Z,edm,big room,0.631,0.881,11,-6.07,0,0.0377,0.00654,0.00072,0.0945,0.619,128.029,189375
6dX62wjTHi9F1srVTjV89X,8 Letters - R3HAB Remix,Why Don't We,2,1Wb0Ne9QaY136uNR6x0ObE,8 Letters (R3HAB Remix),2018-09-28,Cardio,37i9dQZF1DWSJHnPb1f0X3,pop,dance pop,0.638,0.708,1,-5.001,0,0.0421,0.24,0.0,0.311,0.582,103.16,132233
5RUrVSdaXFVXjYK4lr2xf3,Time After Time,Lil Baby,47,1ho0cNe552yTcBHXbzfozB,2 The Hard Way,2017-11-03,Chixtape 5 - Tory Lanez,0UXwwVDipbBQeEX7h4YuKU,r&b,urban contemporary,0.874,0.426,0,-10.448,0,0.463,0.0132,0.0,0.101,0.489,140.106,200907
61blBldjlrjCOiMnRfNSFk,Blackbird,Sam Feldt,6,3DXfe2cEsCdAjORfXw0NDK,Sunrise To Sunset,2017-11-24,Tropical House,37i9dQZF1DX0AMssoUKCz7,latin,tropical,0.696,0.739,5,-6.616,1,0.0352,0.201,0.000726,0.113,0.169,117.973,179853
1qtRzY8ZFUZE0gQPnsHFK2,Scream Loud,Averdeck,33,55pFmcO56YqkZ9I96IqArX,Scream Loud,2019-11-22,Big Room EDM - by Spinnin' Records,7xWdFCrU5Gka6qp1ODrSdK,edm,big room,0.661,0.953,11,-4.913,0,0.26,0.000668,0.166,0.304,0.335,132.173,142727
7nGVsZvWnSvQJGkuxTnOrS,Move On,ayokay,38,0zZ55G2YaRaCsaxMzBnPDH,we come alive. (1-3),2019-08-09,"Indie Poptimism (PUBLIC, The Band CAMINO, lovelytheband)",69yb02k0ZOmukYaxJXwp76,pop,indie poptimism,0.712,0.677,11,-5.911,0,0.0274,0.252,0.0,0.185,0.514,110.001,224482
3GveQQdwPjyAH7ML5fqw2k,Ipanema - Original Mix,Elio & Sylvester,0,2lU3zLAwnXwesTKKzYe7Hb,Ipanema,2014-09-02,Latin Village 2019,3JcJCsvBnRsA6oc7eUYDSB,latin,latin hip hop,0.797,0.978,5,-5.885,0,0.0717,0.000685,0.912,0.0868,0.611,126.994,291045
1IypFfPPvlS8CUtaLlv2pI,Tú No Eres Para Mi,Fanny Lu,57,6DHogfr8t5fDHQXS3pgNXA,6 Super Hits,2009-01-01,MIX LATIN POP°,6IS6XTdbS9qJZgfjNKgpB8,latin,latin pop,0.857,0.917,5,-4.607,1,0.0331,0.0447,0.0,0.227,0.914,124.986,205653
05xA64s3UzOOmAnh9SIIjn,Bloom,bLAck pARty,61,5huBh4ncSbQS0awxP3FyVW,Mango,2016-10-14,Neo-Jazz Soul RnB & Afro,48AzM7l4M02DBYd2N3IFLP,r&b,neo soul,0.749,0.399,8,-7.526,1,0.0393,0.261,0.0126,0.0949,0.816,89.972,302001
1g0XWggBPVc8BMQERcxVBK,Ain't No Nigga,JAY-Z,0,5wx5RTvtRkEq7mw8E7RdEr,Reasonable Doubt,1996-06-25,90s Gangsta Rap / Top Hip-hop Classics,0C2zyPdlkbWHrwVg9gqNdU,rap,gangster rap,0.754,0.567,9,-10.331,1,0.322,0.387,0.0,0.141,0.699,98.844,243707
4r4aCjakzJQuLo8jejmHV8,Good Time [GAB Remix],Nexeri,44,3cJ25M0CCIr6iKrUMT8rrR,Good Time [Remixes],2019-12-13,Deep Electronic Music 2020 & Progressive House,5CMvAWTlDPdZnkleiTHyyo,edm,progressive electro house,0.704,0.824,11,-6.934,0,0.0618,0.0196,8.48e-06,0.206,0.223,123.987,206134
2uNPQ3hwOueVe35oXHNEOx,Getaway,Henri Purnell,62,1KT3oLEHBhKR0uMPaZdevQ,Getaway,2019-11-15,Tropical House 2020,2oivDYqm1dQK4KbwVJTaf6,latin,tropical,0.638,0.725,10,-7.232,0,0.0326,0.0991,1.12e-05,0.348,0.426,104.929,175429
2eLDUK7EkpENZkDL9O5yhz,at least i look cool,Sasha Sloan,66,3DrwGrEPG3Rq9mIsZVuklB,at least i look cool,2019-07-19,2019 in Indie Poptimism,16RNbqnNCCLlBJti7JU5nc,pop,indie poptimism,0.828,0.349,6,-9.96,0,0.17,0.647,1.57e-05,0.105,0.282,130.074,171695
7lSNZV9U8D7BnzwTIM8zlG,Greetings,Joni Haastrup,40,4Qdl3L0yx9NmcbupcyhdSf,Nigeria 70 - Funky Lagos,2009-03-23,Afro Psychedelica,37i9dQZF1DWVyizF9BJ61m,rock,classic rock,0.653,0.875,9,-5.232,1,0.125,0.0164,0.0311,0.377,0.789,116.956,373333
0zaxkDILjyVecyd3Oz7cU7,Peace and Quiet,Laffey,45,7fkLCNSj9zpmEqfBtQrWU8,Peace and Quiet,2018-10-05,Lofi Hip-Hop,37i9dQZF1DX36Xw4IJIVKA,rap,hip hop,0.734,0.627,7,-9.025,1,0.0434,0.832,0.726,0.118,0.329,88.97,119333
2vfiK6HFMl34UzBxq4NNSK,Used To Love (with Dean Lewis) - SWACQ Remix,Martin Garrix,58,6Rf09sVx3axyYeTP42EXgU,Used To Love (with Dean Lewis) [Remixes],2019-12-20,Electro House Top Tracks,1G0q0NK7g3C0XerNqq7GbL,edm,electro house,0.765,0.733,4,-6.302,1,0.0582,0.205,1.28e-05,0.593,0.47,125.037,220800
4rvnIyOOA0ws4PMiZpZgZK,Never Letting Go,Coopex,45,5otShqDea3Si1rBayfavHt,Never Letting Go,2019-12-27,Tropical House 🏝 2020 Hits,2SRbIs0eBQwHeTP7kErjwo,latin,tropical,0.49,0.818,6,-6.653,0,0.219,0.108,0.000129,0.142,0.0987,128.065,183755
6ZpX80KeWliOS2xBiQiaN4,Summer of Love,Lou Ella,29,0kMCQ62kQhJ7wWC5fehAWI,Summer of Love,2019-03-29,TUNES DANCE AND POP,3arpkhoRWXEYbdCpVAIrRR,pop,dance pop,0.664,0.231,9,-12.696,0,0.0372,0.866,1.62e-05,0.0998,0.127,89.959,242048
4iVVU8DyQvOVsKafv3KWIF,Leave a Light On,Tom Walker,66,3Qa0qW4ged1J4HGeLXbFsC,What a Time To Be Alive,2019-03-01,urban contemporary,4WiB26kw0INKwbzfb5M6Tv,r&b,urban contemporary,0.585,0.625,5,-5.94,1,0.109,0.0146,1.8e-06,0.131,0.28,68.68,185863
500mvzh7TRZ0YdnVeHhj8b,Light It Up - Remix,Major Lazer,68,4pCLlUxlKj3pNVdBtFyhrU,Peace Is The Mission (Extended),2015-11-27,ElectroPop 2020,4frhr6RQM2fMOm2mpvOVo6,pop,electropop,0.747,0.877,9,-3.782,0,0.0664,0.0375,0.000833,0.233,0.752,107.991,166138
1StVUopuLYusKECak8YT8J,All I Can Do Is Write About It,Lynyrd Skynyrd,0,6TBwXfQCeLoVIOW53dNLqz,The Complete Collection,2008-01-01,Southern Rock/Classic Rock,0QUlq0LMDVXSBtbyYLTyZh,rock,classic rock,0.575,0.408,7,-10.245,1,0.0299,0.185,0.0,0.104,0.448,75.286,262560
7FbKvU4PI0hodrETCtlRYO,JACKIN' - Extended Mix,Antranig,6,2M7dZEnj3q7tbMAgs9nbkL,JACKIN',2019-05-27,Selected House,2JPzPB9jnvJLAYtmCbvZy8,edm,progressive electro house,0.787,0.726,4,-8.31,1,0.0606,0.000108,0.39,0.0617,0.244,123.997,481769
7useXLqEWfoNdRveqGoQpv,Thangs,Steve Lacy,45,47DbvIExnHbqAhIuzBAO9W,Steve Lacy's Demo,2017-02-24,NEO-soul,3q3M4VCymcMoxJ3Tl7mRqN,r&b,neo soul,0.923,0.793,6,-3.755,1,0.0723,0.0189,0.197,0.264,0.537,124.003,110415
4DtAbMuUptQ5Arj17kkNVb,Make Believe,Quintino,47,6tkLdcL4Nb1gmlMZLSSJlK,Bright Nights,2019-10-11,Big Room EDM - by Spinnin' Records,7xWdFCrU5Gka6qp1ODrSdK,edm,big room,0.587,0.882,0,-5.838,1,0.0427,0.03,0.116,0.195,0.0653,127.97,194531
2IdZrjTUCbEJDgej5PpfEl,Доедешь: Пиши,Kaspiyskiy Gruz,43,0mulB8qakm5MacvJSUgPhW,The Best of Каспийский Груз,2018-01-16,RUSSIAN Gangster Rap,0Jw0HckkxCfIrOvpN081eV,rap,gangster rap,0.718,0.551,11,-3.94,0,0.154,0.106,0.0,0.153,0.55,78.013,234231
20s3FayrStM8GY0m4dRFsw,Paid In Full,Eric B. & Rakim,51,3miZDfDnP7SmOXAJXWdFmz,Paid In Full,1987,Minitruckin Playlist,0VVH2Nzj6kBVGK3WIUQMAw,rap,southern hip hop,0.878,0.851,7,-8.971,1,0.232,0.00228,0.00125,0.0509,0.404,99.014,228667
2Vk2IvgxwIYUGSWzfwsQ7P,Letting a Flower Die,Valley Hush,29,31Z2uYqWbm8miOwcGi0YtY,Letting a Flower Die,2018-08-24,POPTIMISM,6lWMi4lPiiPwDqn8ZpeyAY,pop,indie poptimism,0.545,0.704,5,-6.651,1,0.0316,0.00759,0.00116,0.669,0.524,79.991,195000
15a5yBoHJhHHWjKbyLO10s,Tírate Al Medio,Don Omar,46,57mWSm5UtRGT08KeJuyZqu,The Last Don II,2015-06-16,This Is: Don Omar,37i9dQZF1DWYBUdckfg1va,latin,reggaeton,0.603,0.901,2,-4.365,1,0.0536,0.0313,0.0,0.857,0.2,175.926,236827
3MQXfgB6rQbtS5tDCZR1im,Je Kent ’t Wel,Chivv,57,1YeX8mf0kiSOMY2CnObMpK,Je Kent ’t Wel,2019-08-22,🔥🦁 GOOD VIBES ONLY 🦁🔥 // BROEDERLIEFDE || FRENNA || BROEDERS || HENKIE T  || BIZZEY || POKE \\,1d0fonZHpN4LYHTKbmNRbm,latin,latin hip hop,0.868,0.917,7,-5.016,1,0.162,0.0226,0.0,0.107,0.745,120.031,218336
0todbbT9g5uQGbeFCiBf2F,imagine,Ariana Grande,11,61c5zqfBCSPO1tb3DFbbFB,imagine,2018-12-14,Electropop 2019,4Bi8VLtaSu0JILliif8lH6,pop,electropop,0.714,0.474,8,-4.993,1,0.039,0.374,0.0,0.106,0.376,62.484,212293
2f237byd0A2w0fLlnVDOV4,Patek,Ozuna,75,7f6r6ijWtMJ0QYydwuCYvH,Nibiru,2019-11-29,Trap Land,37i9dQZF1DXde9tuMHuIsj,rap,trap,0.839,0.554,0,-6.124,1,0.181,0.418,0.0,0.0923,0.727,139.952,249733
4QD2lJZA427KI59ywRAmyL,Honey,Erykah Badu,0,4yD7PqcTzAU6QTY04W28Tz,New Amerykah Part One (4th World War),2008-02-26,Neo Soul,2YPP7fiYu5pIcp2yyHvw4A,r&b,neo soul,0.407,0.795,4,-7.819,0,0.389,0.0313,0.00778,0.141,0.49,87.819,320973
2x6hopxvQkOzZTBdEMyUO2,Metropolis,David Guetta,40,4bTjdxhRRUiWfwj200f9Kl,Nothing but the Beat (Ultimate Edition),2012-12-07,Fitness Workout Electro | House | Dance | Progressive House,6KnQDwp0syvhfHOR4lWP7x,edm,electro house,0.691,0.982,2,-2.894,1,0.13,0.00301,0.195,0.244,0.364,128.03,330013
3TTragde5roTvwS2caAQOc,Perreito - Remix,Mariah,72,3JqLCPTj2fKbbrB9E0hSFZ,Perreito (Remix),2019-09-27,Perreo City,37i9dQZF1DWUlCmB8llCTB,latin,reggaeton,0.788,0.701,0,-3.064,1,0.241,0.313,0.000225,0.249,0.713,180.007,210360
1HPzBInBPVJfSUDNLsTGGn,Junto Al Amanecer,J Alvarez,60,2ouuoBa8BHjrwj68lftlaZ,El Movimiento: The Mixtape,2010-11-16,REGGAETON VIEJO,31hG19URdBvLEpQWKFYfdD,latin,reggaeton,0.614,0.702,6,-6.081,0,0.0378,0.245,4.63e-06,0.269,0.773,169.966,250547
6kbRL1WkHrKxHsBrV3ComC,Come Alive (feat. Toro y Moi),Chromeo,42,0U78mbujuFjpprS0G9QcTx,White Women,2014-05-07,Indie Poptimism!,4hKPJNFIhdAg4pAksn78FJ,pop,indie poptimism,0.843,0.757,5,-5.633,0,0.038,0.208,8.28e-05,0.0828,0.946,129.934,238479
11nNgQrRDnRZNGrgx1Nl7U,What's Beef,The Notorious B.I.G.,0,2sRdk7s8ObFBEn3ZoPmE5r,Life After Death (Deluxe Version),1997-03-04,90s Gangsta Rap / Top Hip-hop Classics,0C2zyPdlkbWHrwVg9gqNdU,rap,gangster rap,0.722,0.565,11,-7.393,0,0.292,0.0544,1.65e-05,0.32,0.668,154.77,315360
1Q3BsTZ2YrH4zooshxyhmL,Illusion,The Cranberries,37,6HNTsQFMdG9XdQ4ROCG995,In the End,2019-04-26,The Cranberries Best Of,4E3K9oQgvLcKEz0wgBBXxD,rock,album rock,0.603,0.727,9,-6.085,1,0.0288,0.0347,1.11e-05,0.126,0.356,113.011,247453
37YWwmlRl1GonSwjRuOiEq,Aerodynamic - Daft Punk Remix,Daft Punk,52,1O5WUh9KsgHT2QaUCJeVPG,Daft Club,2003-12-01,Electro/Progressive/Club House,1HtnPDj2V126xB9tJP786P,edm,progressive electro house,0.568,0.928,11,-6.071,0,0.0733,0.413,0.572,0.111,0.181,122.892,370987
2TcwEYyydQuEMJwdmSgVLD,When I Need You - Remastered,Leo Sayer,53,1d79WI0e5XKTpBymbKADDQ,Endless Flight,1976,Soft Rock Drive,37i9dQZF1DX6TIU4D13lOY,rock,classic rock,0.597,0.342,8,-8.167,1,0.0299,0.389,3.04e-05,0.114,0.11,109.609,253227
4buDeg67vos7KP1yHrS9wl,You Got It (The Right Stuff),New Kids On The Block,54,0W7mquARagPr9V1N0nHYgK,Hangin' Tough,1988-09-02,New Jack Swing | The Best 👌,3m4z6komWDtKly3Q1FvFmN,r&b,new jack swing,0.788,0.522,0,-13.029,0,0.0578,0.0126,1.35e-06,0.0671,0.923,111.578,249960
5vqMxpcsEzarRT1RSNM52X,Don't You Want Me,The DeLorean Sisters,35,58d4qk0mMIiWLlIxFAZK0E,The DeLorean Sisters,2015-06-30,Bluegrass Covers,37i9dQZF1DX56crgoe4TG3,r&b,hip pop,0.67,0.695,9,-5.689,0,0.0285,0.612,0.0,0.17,0.766,127.775,182360
5ihS6UUlyQAfmp48eSkxuQ,Landslide,Fleetwood Mac,77,5VIQ3VaAoRKOEpJ0fewdvo,Fleetwood Mac,1975-07-11,70's Classic Rock,76lrxCrKrGDkDDf3SVPnl3,rock,classic rock,0.414,0.161,7,-22.32,0,0.0318,0.883,0.000223,0.117,0.423,159.375,199493
3Te8uLyit6X3ncNW8Fp3K2,Immortals,Fall Out Boy,73,022DrG7Wp2PSCwzuD0bSzT,American Beauty/American Psycho,2015-01-20,Dr. Q's Prescription Playlist💊,6jAPdgY9XmxC9cgkXAVmVv,pop,post-teen pop,0.615,0.868,2,-3.606,1,0.07,0.00131,1.54e-06,0.671,0.475,108.017,189387
2A84tPyVzgEzRseHmxIBSt,Wasted (In The Morning) - Radio Edit,Steff da Campo,22,7dQOvJouLXIbZIaEbDAaIP,Wasted (In The Morning),2011-07-29,Gym (Melbourne Bounce/Progressive House),5BqOZpVEqRDfZScvW1QUyA,edm,progressive electro house,0.745,0.932,11,-3.629,0,0.0498,0.136,0.00153,0.191,0.446,126.006,173333
3zWGkKlCfc6DUwV8AB2VAV,Extraños En El Escaparate - Live,Miguel Rios,0,5fstCqs5NpIlF42VhPNv23,Rock & Rios (Remastered),2005-01-01,Rock and Rios,2gpKfzXEi8QWvgBNPDPk5R,rock,album rock,0.307,0.923,10,-9.439,0,0.085,0.00255,0.00126,0.733,0.424,169.719,378573
176kpV6izJDVUwkG7GSurq,Where Are You Eden?,Magnum,40,5jHqO7WGurvhlT57OB2slf,Where Are You Eden?,2020-01-10,Classic Rock Now,37i9dQZF1DX0fWtUuB7bFE,rock,classic rock,0.57,0.894,10,-5.179,0,0.0448,0.00292,0.000299,0.109,0.288,120.035,336453
4ntsD33Pgsgk8rUyZLLiUV,DEVASTATED,Joey Bada$$,70,6swV0WUnPygRIMgEKn6Ige,ALL-AMERIKKKAN BADA$$,2017-04-07,Hip Hop Controller,37i9dQZF1DWT5MrZnPU1zD,rap,hip hop,0.812,0.628,10,-6.164,0,0.0682,0.0634,0.0,0.254,0.485,123.004,207059
3pCkuopR4wBW8PhkLdlKMA,cirque du soleil,schafter,55,5xumrLUGYjBoJytl13kQNx,cirque du soleil,2019-11-18,Generacja Hip Hop,37i9dQZF1DWXJnyndhASBe,rap,hip hop,0.838,0.609,0,-6.44,0,0.185,0.187,0.0,0.0838,0.582,80.031,180413
3spqYs23KuMYNRDv0ReTEK,Intocable,Don Omar,2,3hKDEHUzH1GmdohemezsEw,"The Gold Series ""The Last Don""",2004-01-01,This Is: Don Omar,37i9dQZF1DWYBUdckfg1va,latin,reggaeton,0.887,0.631,7,-8.124,1,0.172,0.102,9.89e-05,0.107,0.482,95.032,166707
6F5cYcpgvBNOG6587ur76V,Still the One - 45 Version,Orleans,27,4gDgSpvrwxExVBKUHk1aRi,Still The One / Siam Sam [Digital 45],1976,70s Pop & Rock Hits and Deep Tracks,1uKFRCQYci8kVgMy3xzTVH,rock,album rock,0.539,0.62,9,-10.611,1,0.0449,0.13,0.0,0.0763,0.568,144.363,235480
1WbXIpiGBJkCiv3hn40iPB,Sobredosis (feat. Ozuna),Romeo Santos,72,6bm9EpUNvQ9xMglBJGRmgS,Golden,2017-07-21,Paraiso Tropical,37i9dQZF1DWYey22ryYM8U,latin,tropical,0.759,0.639,4,-8.085,0,0.0511,0.207,0.0,0.23,0.682,128.01,198332
6fJSEk0GDtPOk3gFxcnbUy,Her Eyes Are a Blue Million Miles,Captain Beefheart & His Magic Band,49,3m2ltFkbJ34zxghz9vlY6p,Clear Spot,1972-09-11,Permanent Wave,5Go0Jsxj1UnsU7Om841BEo,rock,permanent wave,0.786,0.357,4,-15.838,0,0.0472,0.416,0.00119,0.0756,0.712,88.969,177507
4zFDDTSInTkLg0d0KzxqJj,Selfish High Heels (feat. Macross 82-99 & Harrison),Yung Bae,51,7L5rEfs6SmsH8LCiHuNzhT,Selfish High Heels (feat. Macross 82-99 & Harrison),2017-11-27,Japanese Funk/Soul/NEO/Jazz/Acid,4zNayWuATXCAA9gaXvnFnq,r&b,neo soul,0.627,0.818,7,-8.359,1,0.659,0.024,0.0,0.949,0.485,119.996,226500
4beLLMy4u2X6FwLIFakpit,Airwave - twoloud Remix,Rank 1,0,1QdZxcz1DUXZGeJBr3fjSf,Airwave (twoloud Remix),2014-09-22,big boom room — TOMORROWLAND EDC EDM BIG ROOM AMF ADE DANCE TRANCE HARDWELL TIESTO,2oalsaFUockoPf1DU3wrL8,edm,big room,0.655,0.906,2,-3.682,0,0.123,0.00783,0.237,0.0436,0.203,128.003,332864
6PHn6aXuM2FkzonGWJxY28,Whatever,Godsmack,56,1w7vC8hjYXhK1fS5cM2fUM,Godsmack,1998-01-01,2000's hard rock,0EmGNFBBgqLmvdQGPbgiMp,rock,hard rock,0.545,0.882,5,-4.864,1,0.119,0.000169,0.0368,0.332,0.595,122.259,206200
5UDEi8SNujka6BfNh29eTt,Drive,Lockeland,34,4ASwZyU1ZONTwgQQAEGKnt,Drive,2019-08-30,HARD ROCK Vibes,28817h8FTrRI4V40DqHVaB,rock,hard rock,0.506,0.939,2,-2.588,1,0.121,0.0108,0.0,0.307,0.687,145.041,203747
3oIr6neILMnPkN8AhyHjKU,ÓhUhLança,Recayd Mob,57,0dyG0LYMFY0IA3npGEWCSY,ÓhUhLança,2019-02-08,Trap Funk,37i9dQZF1DWTGaQ84g8alz,rap,trap,0.834,0.89,1,-2.38,1,0.196,0.296,0.0,0.311,0.613,130.036,228923
2pygzLN7fwCgeW5FNaugEm,What You Don't Do - Tom Misch Remix,Lianne La Havas,55,134HP01Gf7TECy2tb4Cj1V,What You Don't Do (Tom Misch Remix),2015-08-07,Soul Coffee (The Best Neo-Soul Mixtape ever),16iNEskDatG5KbDV16F6LR,r&b,neo soul,0.704,0.511,10,-6.778,0,0.131,0.334,0.137,0.113,0.454,93.989,229959
1YiD079ne2nl9TEOrw43Gh,Umbrella,Rihanna,47,1qd3tLkP0GWcoEqmkGpeVE,Good Girl Gone Bad: Reloaded,2008-06-02,Pop Hits 2000-2019,6mtYuOxzl58vSGnEDtZ9uB,edm,pop edm,0.585,0.836,1,-4.572,1,0.134,0.00991,0.0,0.0448,0.579,173.934,275987
4Ta3PhWmY50ZLU1uhKFKPE,Outnumbered,Dermot Kennedy,72,7jGNAMzrW5HMXdxl9XyBMG,Without Fear,2019-10-04,urban contemporary,4WiB26kw0INKwbzfb5M6Tv,r&b,urban contemporary,0.614,0.684,0,-5.79,1,0.157,0.247,0.0,0.0976,0.258,156.85,245700
3T790QTg0ebUUk5tCRbtbN,Crumblin' Erb,OutKast,51,3l5AwLKqQ42VJbc5lTuP8G,Southernplayalisticadillacmuzik,1994-04-26,Southern Hip Hop,4lcyWQDOzPfcbZrcBI3FOW,rap,southern hip hop,0.802,0.593,7,-9.72,1,0.267,0.0782,0.0,0.282,0.55,89.66,309867
30XZElqGTzvdg6clMAMcEp,Battle Drums,Kayzo,48,1kkEBzrWOWhSRlJxBlFLtG,Battle Drums,2020-01-15,Rock Hard,37i9dQZF1DWWJOmJ7nRx0C,rock,hard rock,0.524,0.966,10,-2.141,1,0.452,0.0107,0.00327,0.439,0.386,89.896,209333
3KeiwsmA8ATkmuQSWyEh46,Presente,Control Machete,35,7HgtmenilcpT51uM8aY0vv,"Artilleria Pesada, Presenta:",1999,Mexican Gangsta Rap,28Ke4pXWqF2A5b2GfQ1pQt,rap,gangster rap,0.44,0.806,4,-6.276,0,0.123,0.158,0.0232,0.522,0.438,80.088,283933
0GLOqWgT1gzKgLwhYl7h2A,Duro,Vikström,23,7CFSfpz0Hdc3iJLMrebsfp,Duro,2019-09-06,Bounce United,08QTrfsYYouffgnPjmllAQ,edm,big room,0.568,0.93,11,-5.651,1,0.0543,0.00122,0.786,0.234,0.218,150.032,187225
03Rac7rITePpSgheEsFoMz,Oblivion,Naffar,34,396e5sssz75hqSyu6lg2BH,Oblivion,2019-10-28,Arabic Trap,37i9dQZF1DXcC6YLqj8ET8,rap,trap,0.469,0.621,0,-3.676,1,0.0404,0.292,0.802,0.106,0.247,139.328,229098
195CWBcm83Kb8NhpBt4ARG,Do The Right Thing,Redhead Kingpin,11,13D6E5anevTTtCCbzmdpoB,Fascinating Rhythms (Sound Systems & Dancefloor),2013-01-01,90's NEW JACK SWING,0dmInkymNnOTWvEFamSNzb,r&b,new jack swing,0.804,0.707,5,-10.629,1,0.0777,0.236,2.15e-06,0.357,0.831,108.36,245293
7Eso5mURNFprb5PmhOXDlf,La Plata (feat. Lalo Ebratt),Juanes,68,0XLBczjmcgplRNc6m6erfV,La Plata,2019-01-11,Exitos 2020 - Latin Billboard,0k2IDDkcVyIpIgE6d1woDM,latin,latin pop,0.762,0.74,1,-4.72,0,0.226,0.201,0.0,0.275,0.961,167.881,195493
2qHk6Nz5glNQrjW8Rhd5kv,Waves (feat. 6LACK),Normani,67,0vwWltI5IYadfWBU1A1gou,Waves (feat. 6LACK),2018-11-15,PROJECT: Contemporary,6HaCi9bqaiuSZEDfCEmwyo,r&b,urban contemporary,0.578,0.588,0,-4.92,0,0.255,0.415,0.0,0.114,0.3,79.174,215671
3L8DnKNfRS3vv13t1E5jc3,Dengue Woman Blues,Jimmie Vaughan,38,1Fcl4xWU6qGvkJ45lg3TfK,From Dusk Till Dawn - Music From The Motion Picture,1996-02-20,Blues Rock,56dbowk1V5ycS5jW7DSvi5,rock,classic rock,0.394,0.337,5,-10.709,0,0.0476,0.339,0.0431,0.165,0.586,178.32,383707
4yIuLOXO8QKDbcvsFsOOHR,I Need Nothing,Sammy Boyle,31,3Ms3dS51xmPEZjwFi4QRSr,I Need Nothing,2019-11-29,Big Room EDM,3S03NWbWkrR1e7DPH9rf9Z,edm,big room,0.496,0.801,11,-7.092,0,0.156,0.0129,0.0,0.1,0.365,128.001,163259
6m8SIT10j41SPpPFOknTmP,Good Things Fall Apart (with Jon Bellion) [Tiësto's Big Room Remix],ILLENIUM,67,1r4KIEhxQJ7o3b5Fbv2sRe,Good Things Fall Apart (with Jon Bellion) [Tiësto's Big Room Remix],2019-07-12,Pop Remix,37i9dQZF1DXcZDD7cfEKhW,pop,dance pop,0.563,0.81,2,-2.921,1,0.0522,0.00522,0.0,0.0846,0.495,129.975,247385
3kMBEnLhExewYVmOD0wGu0,Hail to the King,Avenged Sevenfold,49,5AyyVAKsUf4bQAn5e5blSB,Hail to the King,2013-07-16,Workout Hard Rock,4TG1lzMD9HFvZ9E1Bk6Gnu,rock,hard rock,0.585,0.887,3,-5.086,0,0.0362,0.000376,0.0518,0.132,0.711,118.035,304880
7rk2jwf7IL06qe0jxjpupP,So Sophisticated,Rick Ross,0,321URghwSOExYFpFwt7kRh,"God Forgives, I Don't",2012-01-01,Contemporary Hip Hop,68y3WoFJMMKDHUIpqCnoM3,rap,southern hip hop,0.681,0.864,2,-5.884,1,0.297,0.0226,0.0,0.624,0.539,77.028,247267
42zJqS8TW1Lpsa186of3OY,I Feel Like I'm Drowning,Two Feet,8,5oznTRUood1oVBoMhetxOO,I Feel Like I'm Drowning,2017-11-10,Music&Other Drugs,5jROYSZSL7cO0jGAqkPx7C,pop,indie poptimism,0.715,0.564,8,-5.56,1,0.0456,0.676,0.0072,0.0854,0.213,104.923,186267
4NUgjW9bM2c21LzUvrvUPc,10 Punten (feat. Hef & Valsbezig),Nafthaly Ramona,45,08PgVUozsmyAf6U98Cz2yE,10 Punten (feat. Hef & Valsbezig),2018-08-24,🔥🦁 GOOD VIBES ONLY 🦁🔥 // BROEDERLIEFDE || FRENNA || BROEDERS || HENKIE T  || BIZZEY || POKE \\,1d0fonZHpN4LYHTKbmNRbm,latin,latin hip hop,0.888,0.562,0,-6.355,1,0.148,0.0666,1.76e-06,0.0809,0.569,98.001,168367
07nH4ifBxUB4lZcsf44Brn,Blame,Calvin Harris,75,48zisMeiXniWLzOQghbPqS,Motion,2014-10-31,Dance Pop,0B2HdP15IucgE0vk3sluJR,pop,dance pop,0.413,0.856,0,-4.078,0,0.0808,0.0289,0.00571,0.343,0.35,128.017,212960
3PIZD7C258F5taiS9rw9lK,Responsible,Mama Cleo,27,4UWLopGUPt6RWabfDhnYza,Responsible,2019-05-23,INDIE POP! TUNES,0HD4Pc1PK8fsyKQq9e2U2v,latin,latin pop,0.563,0.492,11,-9.939,0,0.0591,0.0463,0.00432,0.0746,0.24,170.054,253753
2QsBAfiNmngcrZsOTznqBG,Just My Luck,Marc E. Bassy,63,56C0quBwX7BCQgB01K7DT3,PMD,2019-09-27,New R&B‏‏​​   ‍,4I6rTSxqKl1LRvES2O9owQ,r&b,urban contemporary,0.616,0.62,8,-6.398,1,0.0358,0.231,7.83e-06,0.181,0.367,156.986,186497
7sQKy5vlPQllr0k9IjYJv3,Sigues Con El,Dimelo Flow,90,1y0pdsLO6cixGzAv7Sf8rf,Sigues Con El,2019-12-13,Global X,37i9dQZF1DWUxHPh2rEiHr,latin,latin pop,0.883,0.668,9,-2.957,1,0.113,0.11,0.000529,0.0734,0.676,87.972,226533
4eQKQ5ZO4UlSUzskVqFU0d,Lullaby,Proleter,43,73KjLxHjBCmF1MF3Iw5405,Bubbles,2018-07-02,Electro Swing,3Dr4NKbsFQ2m7tmPxGRroO,edm,electro house,0.893,0.582,8,-8.087,1,0.15,0.2,0.0248,0.0749,0.761,99.988,280413
4n4CBlQVxxnU0MHGO5Mqv3,Mayor que yo,Tonny Tun Tun,63,5jAs6j5Dbpqo1Zr7QcZAoP,Infinite summer,2012-09-24,Reggaeton De Ayer,37i9dQZF1DWWU6Rfto8Ppm,latin,reggaeton,0.66,0.793,9,-8.005,0,0.329,0.472,0.0,0.611,0.749,179.512,249680
7jkZflOcHyeFz0xzaOZRHw,Siamo,Eros Ramazzotti,59,0ssE93P2MU1vTP6Iyz21lB,Vita Ce N'è,2018-11-23,Musica Italiana 2020 - Playlist Pop & Hip-Hop (Canzoni Italiane 2020),6kVFIQBhLT4003iw2WWEv1,r&b,hip pop,0.635,0.909,5,-3.165,0,0.0452,0.143,0.0,0.12,0.495,120.07,218427
6zaDee1GfoRNptZHYsox7P,Above It All,Ramhero,31,1kueNZ1QLy1AArumuJft2q,Above It All,2019-12-27,Top Urban Underground,4Gc9TFxlqmoe50m9Yy78ei,r&b,urban contemporary,0.785,0.751,6,-6.578,1,0.257,0.284,0.0,0.14,0.688,85.002,230294
2YlZnw2ikdb837oKMKjBkW,Like I'm Gonna Lose You (feat. John Legend),Meghan Trainor,78,5W98Ab4VvQEuFEE4TIe5fE,Title (Deluxe),2015-01-09,The Sound of Post-Teen Pop,10FCW9lj0NdeoYI5VVvVtY,pop,post-teen pop,0.63,0.53,0,-7.259,1,0.0434,0.4,0.0,0.177,0.417,108.038,225053
133G9W0ZHEi5TfZTWTYXGP,I Don't Know Why - Danny Avila Remix,Gavin James,39,7HnOUGQhOIpr1rOVXTDyvI,I Don't Know Why,2017-07-14,Tropical House Remixes 🍍 Tropical Remixes & Tropical Covers,3YdAwfgQLMS4AN2WjRfRlb,latin,tropical,0.578,0.768,6,-4.163,1,0.0443,0.105,0.0,0.236,0.347,101.907,209491
4gIAnVHAGema5dl4omzid1,ATTITUDE,PayAttention,47,286SUlwTjkgoIO1RcXBNz8,ATTITUDE,2019-06-14,Great Pops,5SO7xYih5w8X5FEpKvU7Rt,latin,latin pop,0.744,0.97,0,-2.861,1,0.135,0.36,5.34e-05,0.112,0.617,105.969,190433
0fE5kL2rRlaSQ86OvZG1NX,Always,Killswitch Engage,48,5I6bH0UaVR4LnKmVUWDZoD,Disarm The Descent (Special Edition),2013-03-29,New Hard Rock,64BvJcehegyvhqQtV82Ddz,rock,hard rock,0.535,0.936,7,-5.372,0,0.0377,0.000456,0.00359,0.356,0.316,115.005,273053
0ADZ5dmXhlfzjMw6lefoPl,Far Away,Nickelback,70,3eZd2XbhLyPcgbgcsLTZh3,All the Right Reasons,2005-09-26,Permanent Wave,2ExyzXAbukW7I8bDqdGvPB,rock,permanent wave,0.518,0.797,6,-5.153,1,0.0309,0.000696,0.0,0.107,0.293,132.915,238173
3ByAeJLS7g7s4oolHdxidF,Bernice Burgo$,Nino Khayyam,40,3Hge8wlgQhBZ4KulyOM5yU,Bernice Burgo$,2019-12-25,Top Urban Underground,4Gc9TFxlqmoe50m9Yy78ei,r&b,urban contemporary,0.867,0.607,1,-7.973,1,0.245,0.118,0.0,0.0885,0.318,135.044,199863
5FVd6KXrgO9B3JPmC8OPst,Do I Wanna Know?,Arctic Monkeys,82,78bpIziExqiI9qztvNFlQu,AM,2013-09-09,Permanent Wave,6dqoVI7qwYLyNqbg0MPad3,rock,permanent wave,0.548,0.532,5,-7.596,1,0.0323,0.186,0.000263,0.217,0.405,85.03,272394
29kvrLzNSVoRiqE11df09X,Four Seasons,Deauxnuts,50,6ubexppDoj11WHRiTpVHD4,Four Seasons,2019-12-19,Lo-Fi Beats,37i9dQZF1DWWQRwui0ExPn,rap,hip hop,0.803,0.323,10,-11.992,1,0.422,0.458,0.901,0.145,0.512,75.019,115200
3zlXiQYeJJh3BN4up7zSFb,Take That,The Game,0,2tw00fN0LLcUbek8uPI8IT,Blood Moon: Year Of The Wolf,2014-11-14,◤ Hip Hop Dance Music – Urban – Trap – Breaking Locking Popping Bopping – WOD – World of Dance,0Hr2h94pKN8QAGVAgD6BsD,rap,southern hip hop,0.762,0.545,9,-7.248,1,0.0432,0.0919,6.02e-05,0.176,0.411,99.029,184280
5XNxrqyGeSEpG5SPFeiFUo,Píntame De Colores,Gloria Estefan,31,36Rw48nFdDg5lh2o5y9Fdz,90 Millas,2007-08-06,This Is Gloria Estefan,37i9dQZF1DXarsfY89zXC6,latin,latin pop,0.758,0.899,5,-4.476,0,0.145,0.643,0.0,0.104,0.967,96.029,212373
0Ac7MrpcCf0Qj1r8fPHxqi,Loin De Paname - BOF Faubourg 36,Nora Arnezeder,0,6Goc5spPRBitKbn46s9Oi5,PARIS 36 (version internationale),2008-01-01,Urban contemporary,1ZlL3IQS8eB0s0RMxz02yD,r&b,urban contemporary,0.272,0.363,5,-6.164,1,0.0316,0.924,0.0,0.0989,0.425,179.782,195627
4FJQgzmWXgmYPvlmi8dg85,Takin' You For A Ride,Pandrezz,53,2ZV5zCY2tJBRn0EtLOj3gr,Chillhop Essentials Summer 2018,2018-06-20,Indie/Jazz Poptimism,6OaTudLqBEuTyUMPxRNpZc,pop,indie poptimism,0.811,0.406,7,-9.418,0,0.0458,0.629,0.845,0.107,0.367,92.097,141187
48zFZh27QU5qsrBjn4C2FA,Vaina Loca,Ozuna,79,0SukGZiXMtmsZoxstkBtNR,Aura,2018-08-24,Tusa - Karol G | China - Anuel AA | Estrenos Reggaeton y Música Urbana 2019,0T47pLnihK4xB8Bk9IQ0Dv,latin,reggaeton,0.754,0.805,6,-4.249,1,0.0752,0.315,0.0,0.203,0.555,93.982,176133
6WvaM9yVAKXKxuD6EdHPIu,Another Again,John Legend,0,6Fgfn4OyOWRsHd7m6DwMEz,Get Lifted/Once Again,2008-10-28,Neo Soul,2YPP7fiYu5pIcp2yyHvw4A,r&b,neo soul,0.53,0.843,6,-6.596,1,0.201,0.127,1.35e-06,0.302,0.47,82.35,241733
37BIYtAvkJdUnudWXLkF8w,Real Thing,Stars,14,5HKc64TTwVVTc6Xqx0Q7Xi,Real Thing,2017-08-25,Electropop And Play,7p30DzTAgW6OhspSXHTI88,pop,electropop,0.611,0.751,11,-5.392,0,0.0407,0.00616,0.000582,0.135,0.544,121.032,214160
2qEugvU0hYkAkf3IPWlUps,Caviar,Lenny Tavárez,46,0hZlrtHZXCNeDjon8V6eNH,Caviar,2017-02-17,Trap Rewind,37i9dQZF1DX0JcH25923HT,rap,trap,0.806,0.588,3,-6.948,0,0.0931,0.757,0.0,0.117,0.449,114.963,248373
6fZO4Uk2yM4MwrY13n2zBI,(Don't Fear) The Reaper - Single Version,Blue Öyster Cult,1,24atu8BmjlxBrHAS8aWQS1,The Singles Collection,2005,Workday: Rock Classics,37i9dQZF1DX1lwxXvReaux,rock,classic rock,0.419,0.909,0,-10.258,1,0.0639,0.00239,1.68e-05,0.24,0.494,142.217,228867
3i9UVldZOE0aD0JnyfAZZ0,Lover (Remix) [feat. Shawn Mendes],Taylor Swift,85,2UfvnX1YYeC2cExMQTMbXC,Lover (Remix) [feat. Shawn Mendes],2019-11-13,Todo Éxitos,2ji5tRQVfnhaX1w9FhmSzk,pop,dance pop,0.448,0.603,7,-7.176,1,0.064,0.433,0.0,0.0862,0.422,205.272,221307
4iD4xA4EtVhuaHZC7K5Z08,Secrets - Diplo Remix,Tiësto,0,6TQci1Jzevg7NWNLgIyGy3,Secrets (Diplo Remix),2015-07-10,Trap Nation 🔊,5aPwKjwNHr6dnCejLcPTVx,rap,trap,0.61,0.896,11,-3.414,0,0.0469,0.00847,0.726,0.322,0.618,145.974,205685
3z0XmdhO5r7axDegF8CgCU,Wahre Liebe,Agonoize,0,2EQRgR2XRnwFxO5uUtj6Gm,Wahre Liebe,2012-05-25,Gothic / Industrial / Mittelalter / EBM / Futurepop / Gothik / Electropop,53CmFroG6MWR5reOOXJX6B,pop,electropop,0.721,0.939,7,-6.159,1,0.121,0.0722,0.0024,0.214,0.446,134.974,261613
6QJ72Q3WKxQ3tGko8VVXMs,Building A Family,Mark Isham,0,3Y8Cgz9cHR6AZGa0ZfQWnN,Life As A House (Original Motion Picture Soundtrack),2001-10-30,Urban contemporary,1ZlL3IQS8eB0s0RMxz02yD,r&b,urban contemporary,0.596,0.13,9,-20.747,1,0.0343,0.972,0.88,0.367,0.539,124.449,117360
3vV2Gu4JlRaeHfJxg2Z1dk,My Oh My,Aqua,43,7uYn7ZSrXOVlmITyocZs9F,Aquarium,1997-01-01,90s Dance Hits,50cXvxgMGrvoUeLhkzCyIO,pop,dance pop,0.712,0.931,2,-7.742,0,0.0337,0.107,0.00132,0.0819,0.961,132.993,204720
23L74esErcn5KvWFY0ZAqS,Thug Lovin',Ja Rule,44,7HQJPTQwijtIlnOLwT0nTX,The Last Temptation,2002-01-01,Ultimate Throwbacks Collection,1dsaMvnC1hXPCNGC4aVtjj,r&b,new jack swing,0.765,0.68,1,-5.593,1,0.176,0.142,0.0,0.6,0.772,93.059,290373
2jlNiAhus7JJIiAI5Pgsky,She Made a Freak Out of Me,"Lee ""Shot"" Williams",23,4mO1dngTab1cGpH7svacgP,She Made a Freak Out of Me,2000,Southern Soul BBQ Mix,3nTS97zUqxJBQeiXNRs963,rap,southern hip hop,0.857,0.523,5,-9.651,0,0.0782,0.0169,4.65e-05,0.0541,0.808,111.018,328320
1qhgBzRH0jOzoVZJ2K1hDn,Royal Flush (feat. André 3000 & Raekwon),Big Boi,39,2AVZWmjkd1ymvErMUmmSYe,Royal Flush (feat. André 3000 & Raekwon),2008-04-26,Southern Hip Hop,4lcyWQDOzPfcbZrcBI3FOW,rap,southern hip hop,0.719,0.671,11,-6.881,1,0.404,0.175,0.0,0.133,0.704,94.983,195360
0vg4WnUWvze6pBOJDTq99k,You're Beautiful,James Blunt,76,1ekaxA9Q5GzUPCepx4wzMF,Back to Bedlam,2005-08-08,L' ALBUM ROCK,0jilq2XZP9F2fwzp2k6iXK,rock,album rock,0.675,0.479,0,-9.87,0,0.0278,0.633,1.76e-05,0.088,0.454,81.998,209493
3HPCDaW6nSBunUKiTDNw4Q,Raise,VITIZE,31,2ZA4l6aV9cKVY4GK8h2zUa,Raise,2019-02-01,Big Room EDM,3S03NWbWkrR1e7DPH9rf9Z,edm,big room,0.565,0.735,11,-5.778,1,0.0422,0.000657,0.0084,0.165,0.12,127.935,167927
3vG5tTQZsAPTDqMiXFhKJy,Avião,MC Caverinha,68,3qB0aw6UmDycNX9pWvyjXf,Avião,2019-12-06,Trapperz Brasil,37i9dQZF1DWWr5uieiPUVM,rap,trap,0.879,0.418,10,-11.914,0,0.0559,0.572,0.0,0.107,0.696,100.018,139200
1HiRLOnSWKOjgTr79oxHjv,There It Is,Ol' Burger Beats,43,0rMhANpygU5WO7RYo2xq54,Daybreaks,2019-06-28,Lofi Hip-Hop,37i9dQZF1DX36Xw4IJIVKA,rap,hip hop,0.642,0.235,9,-18.351,1,0.0382,0.789,0.919,0.0935,0.418,77.805,115560
1aJARygfATnC8ByjyJBLjJ,Campaign,Ty Dolla $ign,33,3NRA0mQUsbyiizN3VOaHi6,Campaign,2016-07-12,Latin/Hip Hop/Dancehall/Soca,2rg9LCyvaMQvnCE2hVndpR,latin,latin hip hop,0.864,0.712,8,-3.891,1,0.207,0.0021,7.47e-05,0.114,0.488,153.568,237687
5yd79zJqlkY7YiwN8VPmoJ,Ballin' Parlay,Big Pokey,24,4syWSST2ZqB8evixHJTVDG,Hardest Pit in the Litter,1999-07-20,90's Southern Hip Hop,2NMW1nwQYSVlXd26uLenX6,rap,southern hip hop,0.763,0.66,1,-6.79,1,0.124,0.611,0.0,0.346,0.521,90.023,280560
4ccp9ytoMerEU0967Okhu6,FUTARI x PARTY,CREAM,40,1D3mTz3srVTGuyCP9RDuyy,FUTARI x PARTY,2019-11-27,Dance Pop: Japan,37i9dQZF1DXahYFr91pFvG,pop,dance pop,0.866,0.746,8,-6.139,0,0.0706,0.446,0.0,0.133,0.594,100.019,184935
0mPTZjG5PElXTUIxj1nqgp,If You're Gonna Lie,FLETCHER,66,4aGGhfTv8mJ9JAiz8dsa0L,you ruined new york city for me,2019-08-16,2019 in Indie Poptimism,16RNbqnNCCLlBJti7JU5nc,pop,indie poptimism,0.671,0.763,8,-5.877,1,0.305,0.607,2.16e-05,0.495,0.469,149.87,203113
2ZDOmcsZxEtwJ7cYeCoCkv,Like This,Sebastian Park,30,3HdubkrzshGzgMcNvUhfAi,Like This,2019-11-08,[EAS]: Festival Big Room,71UHE27ayQs8ZDxQwY0cY1,edm,big room,0.664,0.947,0,-3.431,1,0.0653,0.0283,0.875,0.338,0.53,123.999,199355
77M0970AjqzXYTdCxHvQiN,Let's Go Home (Pegato Remix),Eklo,33,2oz1JBVWk6BVm3ihpmty9F,Let's Go Home (Pegato Remix),2015-06-25,Chillout & Remixes 💜,4NlAd9NpIa92IjErMyAriM,pop,indie poptimism,0.722,0.715,10,-7.283,0,0.0299,0.0961,0.0623,0.227,0.251,103.522,298158
6XkShR4XsRhL0bKKMKPpFz,Spark,Kasket Club,16,4ZqvMGA5HeoXtjtXLpDv5C,The King of Cool and the Acrobat,2015,Indie Poptimism!,4hKPJNFIhdAg4pAksn78FJ,pop,indie poptimism,0.543,0.872,9,-5.129,1,0.0402,0.0332,2.43e-05,0.174,0.225,164.003,240465
00Hveeqs6yqFu6MvZ50rj9,Brut Riddim - 120 bpm,Sidney Samson,10,46e4ZeWILmScYzUYfqer5M,Brut Riddim,2018-06-15,Latin Village 2019,3JcJCsvBnRsA6oc7eUYDSB,latin,latin hip hop,0.849,0.583,1,-9.003,1,0.276,0.000242,0.857,0.117,0.503,149.756,162000
69gBnFLDtc2lub6xL0sfi9,Por Tu Olor,El Kanka,53,6ZCnNpmcsTnDbQ8FcXqVGj,El Arte de Saltar,2018-02-23,Vibra Tropical,37i9dQZF1DX3fXJqxGjuEP,latin,tropical,0.789,0.499,7,-10.111,1,0.0772,0.68,0.00403,0.156,0.786,161.171,221893
2U2ByqoO82fnayaPzO4x2d,Lady In Black,Uriah Heep,56,3Khp1wHb7TJp8c9kNSsYjL,Celebration,2009-10-02,The Sound of Album Rock,3yj9YnQGTdnFuKbDyXGDi6,rock,album rock,0.547,0.698,7,-7.686,1,0.0384,0.218,0.000132,0.211,0.574,87.467,330600
4jLFEYbIYqNWnxbuLEf7z5,Malportau,Big Soto,62,2vfsczLvfRlioZqTWfoaDx,Malportau,2019-12-20,Trapperz,37i9dQZF1DWUmxBdWX3Pp4,rap,trap,0.903,0.651,6,-5.8,1,0.16,0.00836,0.000853,0.11,0.719,145.015,213471
4RbdImUyfncUx7Jc7m0K9c,最後のナイト・フライト,オメガトライブ,20,6HM0SPu1eIv721SbsO8l3o,River's Island,1984-03-21,City Pop 1985 シティーポップ,3j2osvmecEao5nmo9jZ5df,rock,album rock,0.676,0.672,11,-5.667,0,0.0254,0.0735,0.000825,0.0874,0.473,90.885,275493
53uKGbcMjEc2gIWbfmvpdS,Mírame - Remix,Nio Garcia,79,3YLXKSgU5SrzzkBbwzBQC2,Mírame,2019-07-19,Mansión Reggaetón,37i9dQZF1DWZjqjZMudx9T,latin,reggaeton,0.74,0.83,1,-3.243,1,0.153,0.119,1.32e-05,0.243,0.78,176.054,377580
3uiQZlSlSDRduWLFBTSEot,Don't Start Now - Kungs Remix,Dua Lipa,65,4mzsZJ8apTlyqRRJgJcFY9,Don't Start Now (Kungs Remix),2019-12-18,Dance Room,37i9dQZF1DX2ENAPP1Tyed,pop,dance pop,0.664,0.699,11,-7.115,0,0.27,0.0352,0.0,0.0612,0.252,122.019,216256
0xpBr84T3FTm9j4D1MdPtk,Invisible Touch - 2007 Remaster,Genesis,60,632b0oXuFpstA4DO2cUKdG,Invisible Touch,1986-06-09,80s Pop & Rock Hits and Album Tracks,0XOIK4m26aeYSD61E5nSVW,rock,album rock,0.659,0.878,0,-5.987,1,0.0298,0.339,0.000543,0.0731,0.843,131.037,209587
3cQmqM0awej9iAESjhKrI9,Confidently Lost,Sabrina Claudio,65,6Y0sR4pj7mxRN0EudJnMQw,Confidently Lost,2017-03-02,Urban contemporary,1ZlL3IQS8eB0s0RMxz02yD,r&b,urban contemporary,0.666,0.39,5,-8.575,1,0.0838,0.272,9.39e-06,0.111,0.325,113.866,209885
4boQG2JUmRWIDOoC3coBBl,Crying Out for Me,Joshua Perez,29,59hhsUZMp41ukTuTFtR2EH,Crying Out for Me,2019-09-27,2015 songs,6UJw1egIcZVfrBmcKs5uHH,edm,pop edm,0.596,0.468,10,-9.091,1,0.0411,0.376,0.0,0.115,0.399,86.967,195351
5dMDYyq1czyZ7FrEzMjARZ,Oblivion - DVN & LEVI Remix,DVN,24,5vPosNEBmHeKLudy5MOMVa,Oblivion,2015-06-22,@deniceemoberg EDM - POP REMIXES,2fbrY1tuoW8Uji14H7623k,edm,pop edm,0.687,0.649,0,-7.006,1,0.0456,0.0639,0.0032,0.0726,0.586,100.012,237600
1G00DZUnE6AxNnaeayp9HB,Shopping,Meno Tody,58,0ImyyJxJret8ZyJV91hHHo,Shopping,2019-10-23,Trap Ouro,37i9dQZF1DWYBXtbGSCurj,rap,trap,0.508,0.717,11,-6.882,0,0.186,0.0268,0.0,0.175,0.209,96.591,198621
5esTnUp3cLgKsU2Etci2Ao,Ordinary - Lake People's Circle Motive Remix,Kollektiv Turmstrasse,42,3dWqD6pjAcJmMwYflzbykp,Ordinary,2012-08-27,House/Electro/Progressive/Disco/Lofi/Synthwave,42jbIN5Zj0UUPdtmqxQRKF,edm,progressive electro house,0.73,0.488,11,-9.117,0,0.0457,0.19,0.864,0.0527,0.097,121.003,499282
6aXwozVYwf56zRSI5Z3lPK,Wind In Her Hair,Motorama,44,5cRKluB55Q4vy4LUfMVHki,Alps,2013,Permanent wave 🌊,0QN4FeJQ1mpCygRg9r2JIK,rock,permanent wave,0.32,0.749,7,-5.137,1,0.0382,0.0301,0.00201,0.357,0.186,126.064,281293
3ydQm9YPQIbmU3nA0FYdjB,You're Not Alone (feat. Kiiara),Don Diablo,50,0tv14JYueeOVggZHyAo8cr,You're Not Alone (feat. Kiiara),2019-01-31,Fresh EDM | Progressive House | Electro House | Trap | Deep House | Electronic | Future House/Bass,0FCHg9zJMNNiOokh3hVcxd,edm,progressive electro house,0.445,0.803,11,-4.055,0,0.0964,0.204,0.00147,0.066,0.4,123.502,187742
669diBOTrIfZzr12C9COHc,Swangin and Bangin,E.S.G.,24,6uXJuBbBkA5I4gezUidH7u,Ocean of Funk,1994-02-01,90's Southern Hip Hop,2NMW1nwQYSVlXd26uLenX6,rap,southern hip hop,0.863,0.549,7,-11.739,1,0.386,0.02,0.0,0.343,0.772,152.041,296560
3ZrahU0946KWyRBII23QOO,You Can,Matroda,33,2zCX2vYu0VGhkKJ01G7wom,The RED Tape - Side B,2019-05-24,Nasty Bits,37i9dQZF1DX2VvACCrgjrt,edm,electro house,0.876,0.847,0,-4.595,1,0.0999,0.21,0.863,0.113,0.482,125.008,217475
68zCp49fXje1NCJrCYMq1r,Mi Persona Favorita,Río Roma,0,13HygxnzyvCrMWl6ra1uBI,Hoy Es Un Buen Día,2014-07-22,Latin Pop antiguo,4BmnnqWEQAamNoVjtjrQJP,latin,latin pop,0.555,0.739,3,-4.881,1,0.0631,0.303,0.0,0.0871,0.682,152.119,191267
1idZSAVHfLPQq9tDTYhnIA,The Last of the Famous International Playboys - 2010 Remaster,Morrissey,38,3mKTLdYh5mS3is1LbPsB2P,Bona Drag [Remastered],1990-10-15,permanent wave,7rPsfDTqiZYIT4PVzQ4c0c,rock,permanent wave,0.617,0.876,7,-5.806,1,0.0268,0.0241,2.72e-06,0.224,0.735,104.228,216240
7aYOtQBTlk1ahqTp8o8QYj,Spear - Original Mix,Sick Individuals,0,6gEH3dws5TrkyNnSffuwql,Spear,2013-09-02,2011-2014 House,53Ga3Xt9fumdJfhNNSBvzU,edm,progressive electro house,0.799,0.901,10,-2.192,1,0.0502,0.0019,0.687,0.163,0.181,128.034,341250
0PfPMNgMQP3vdF6aZU7Gv0,Ау,Gamora,32,6LTnGuci80EqxdXnwmyDWN,Несущие стены,2017-06-18,Russian Gangster Rap,0u0qLLE8MZc679RZWCk1TT,rap,gangster rap,0.624,0.876,9,-6.298,1,0.456,0.29,0.0,0.282,0.678,147.924,240041
5eyIfIp6IafrdAjRnZF6ql,No Diggity,Blackstreet,46,5iEdkyR0Ez5wQLQFphYYAU,No Diggity: The Very Best Of Blackstreet,2003-01-01,90s R&B - The BET Planet Groove/Midnight Love Mix,7LjRWGUdOmBdPG1W1bga4i,r&b,new jack swing,0.865,0.65,1,-4.617,0,0.207,0.324,0.0,0.133,0.715,88.663,305707
5drW6PGRxkE6MxttzVLNk5,Secukupnya,Hindia,72,1DAuVHMlBvIjzWZALSUXbn,Menari Dengan Bayangan,2019-11-29,Global X,37i9dQZF1DWUxHPh2rEiHr,latin,latin pop,0.731,0.796,9,-5.098,0,0.0344,0.19,0.0606,0.354,0.933,102.006,205466
7rQfpOyX6Tj1dpQ10toy4H,Be Mine Tonight,Th' Dudes,48,6KhgQHfaUkugVQL1GDHL3D,Right First Time,1979-05-01,keg party jukebox,4PjiT7SWnUsTTTvKOuR76f,rock,permanent wave,0.548,0.699,4,-10.701,1,0.0285,0.00313,0.0994,0.0953,0.718,121.303,367747
1rkrZxfScVaKmHdwo92Hr7,The Weekend,David Puentez,48,5ycPx7vTaEsmUn6TXZPTiC,The Weekend,2019-10-11,Club Mix 2020 🍹,7sq6nuruoMyDhEWkX2oYOg,edm,electro house,0.805,0.665,6,-4.161,1,0.0433,0.663,1.3e-06,0.135,0.77,125.935,139048
1VMTt3gjqQVQfSS4oEaPRH,All You,The Cataracs,0,7c5knWHiKHovf2Uh3awIji,All You,2012-01-01,♥ EDM LOVE 2020,6jI1gFr6ANFtT8MmTvA2Ux,edm,progressive electro house,0.764,0.638,7,-5.826,0,0.0644,0.0835,0.0,0.0505,0.576,128.073,216427
3KyUEbeJ7N0BwkI55C2X7k,Groove My Mind,Color Me Badd,19,17mrdLXkhmlY36jRm9cUbw,C.M.B.,1991-07-23,Ultimate Throwbacks Collection,1dsaMvnC1hXPCNGC4aVtjj,r&b,new jack swing,0.595,0.552,4,-10.574,0,0.0375,0.0254,0.0,0.13,0.647,171.952,308933
2BJSMvOGABRxokHKB0OI8i,Shoota (feat. Lil Uzi Vert),Playboi Carti,77,7dAm8ShwJLFm9SaJ6Yc58O,Die Lit,2018-05-11,Hip-Hop 'n RnB,0275i1VNfBnsNbPl0QIBpG,rap,southern hip hop,0.674,0.649,1,-8.433,0,0.199,0.191,0.0,0.122,0.48,153.069,153800
31usEzDUXeGWAheRaCeEaD,Try Me,James Brown,56,6MjOv3BeIjmht2ymtRih3s,20 All-Time Greatest Hits!,1991,Sexy Soul 2020,5EMARioe9z9eKOeWIAC2JW,r&b,neo soul,0.683,0.265,0,-12.735,1,0.0293,0.933,0.0,0.71,0.647,102.08,149560
0UFDKFqW2oGspYeYqo9wjA,Bleed It Out,Linkin Park,72,2tlTBLz2w52rpGCLBGyGw6,Minutes to Midnight,2007-05-14,L' ALBUM ROCK,0jilq2XZP9F2fwzp2k6iXK,rock,album rock,0.529,0.967,1,-3.647,0,0.0508,0.114,0.0,0.61,0.596,140.127,166373
4M4IQlPTL8arij7jFFetWR,Helpless - Interlude,MALIA,21,1V2m2z2kQdL9TsJYjvlknA,Late Bloomer,2017-12-19,Neo-Jazz Soul RnB & Afro,48AzM7l4M02DBYd2N3IFLP,r&b,neo soul,0.924,0.297,3,-8.065,0,0.0564,0.763,0.00142,0.0997,0.547,105.027,74160
52nvjYpyVy1vPvNtqKTbvM,Sunshine - Re-Recorded,Lil' Flip,10,4P1LRl10J2zFK1YhVaRAiY,New Jack Swing - R&B Hip Hop Hits,2011-01-01,"Swingbeat (old skool), New Jack Swing, R&B, Hip Hop, Urban",3krpccUV68nBGAQbvHEZDC,r&b,new jack swing,0.867,0.432,7,-7.466,1,0.188,0.0119,0.0,0.069,0.88,94.017,225319
0Czb3OCpCYIc43O0lq2M1Y,Just A Girl - Acoustic Live - German Radio,No Doubt,5,1od8JfEutl8Oj2LcFWzi1A,Underneath It All (International Version),2002-01-01,Unplugged Hits 📣,5NTm3injIRkUMROsZr3C2O,latin,latin pop,0.695,0.419,11,-3.461,0,0.0329,0.849,1.16e-06,0.0985,0.419,105.52,217147
6dazSbGP7uiyr9eowlBkDo,1997,Moo Latte,29,4mXvO2HXDQLrttveDbB0hB,"Memo, the Beat Tape",2017-04-18,Groovy // Funky // Neo-Soul,0JmBB9HfrzDiZoPVRdv8ns,r&b,neo soul,0.508,0.673,2,-9.221,1,0.545,0.49,0.0108,0.0806,0.552,84.417,187644
6a3hD6Bc952oVtdqXyWoB4,We Didn't Start the Fire,Carl Wave,14,7w4G8tRypjK4SKvBUXIHz2,Eighties Music School: 80's Rock & Post Disco Best Songs,2014-11-20,80's Songs | Top 💯 80s Music Hits,65HtIbyFkaQPflCa4oW8KO,pop,electropop,0.713,0.886,2,-5.076,1,0.031,0.24,0.0,0.0506,0.469,144.943,264253
2Rl7eTc2aCUte9eVEvi4Ce,Mistakes,Jeremy Shayne,37,7kk12d6xFsi023jIYHkR4S,Mistakes,2018-03-02,Tropical House 🌴,06zrBJ5cts5aemZmqe80J7,latin,tropical,0.773,0.519,0,-10.272,0,0.0487,0.0221,2.54e-05,0.158,0.28,104.918,212000
1tAoLzNNXRabfHHzSqdk3R,Django Jane,Janelle Monáe,37,1hDOTC8RDYkeeQBcdCg2nY,Django Jane,2018-02-21,This Is Janelle Monáe,37i9dQZF1DWVT93EW7kPT9,pop,electropop,0.763,0.609,11,-6.375,1,0.39,0.513,0.0,0.23,0.287,102.525,193506
4yLOB87ABVGslKVNRq3qPl,Don't Hold Us - Radio Edit,Thomas Newson,24,6gEelxWm1jvU99mCfKlMx0,Don't Hold Us,2014-03-10,♥ EDM LOVE 2020,6jI1gFr6ANFtT8MmTvA2Ux,edm,progressive electro house,0.536,0.936,2,-4.306,1,0.047,0.00547,0.000155,0.0825,0.624,127.938,189375
5b5Qmt9Q99fPFCl4xFjOQ2,Me Quiere Besar,Alexis y Fido,0,5fACRW1z9LHQT8h532LKlM,Los Reyes del Perreo,2006,Reggaeton viejito🔥,0si5tw70PIgPkY1Eva6V8f,latin,reggaeton,0.787,0.818,1,-5.471,1,0.0725,0.137,0.0,0.231,0.817,95.038,155267
3x8N0uirzvvWp3Fjhz7p3o,Idlip,Imago,0,7sCHlJnLvVsCZnPvEat9nb,"Probably Not, But Most Definitely",2001-06-19,Pinoy Classic Rock,37i9dQZF1DWYDQ8wBxd7xt,rock,classic rock,0.467,0.458,7,-6.274,1,0.0263,0.305,0.0,0.155,0.288,52.017,170787
5yFSF6qQA1rcLsQRnBsZgb,All Falls Down (feat. Juliander),Alan Walker,73,4hlAdqONoJhkjf8u9XMjQr,All Falls Down (feat. Juliander),2017-10-27,New House   ‍,54XvQQsViMBwjO1ws2o2wx,edm,electro house,0.658,0.678,1,-4.407,1,0.058,0.303,0.0,0.361,0.662,97.976,199111
1WMMrUKNFsnEG2csDURxhb,Sol y Luna,Duki,61,1El0UxIBwU3431TI9656dK,Sol y Luna,2019-06-24,Trap Argentino - Trap Argentina,6ltss0ThreZ3uIMn5mr4Tm,rap,trap,0.715,0.729,7,-4.633,0,0.146,0.178,0.0,0.223,0.294,106.657,163621
6AcMShL9nO1oQHsmVhiKPn,Ali Bomaye,The Game,0,09Sk9o4ak6tFAwEhdzF6qN,Jesus Piece (Deluxe),2012-01-01,Contemporary Hip Hop,68y3WoFJMMKDHUIpqCnoM3,rap,southern hip hop,0.381,0.682,10,-5.254,0,0.43,0.0207,0.0,0.469,0.241,71.405,372707
0swoHiwTazywpoqiKDUtGQ,"La Luna e la Gatta (feat. Tommaso Paradiso, Jovanotti, Calcutta)",Takagi & Ketra,64,2GX44F0dhxdToigi4nnMAe,"La Luna e la Gatta (feat. Tommaso Paradiso, Jovanotti, Calcutta)",2019-03-01,Musica Italiana 2020 - Playlist Pop & Hip-Hop (Canzoni Italiane 2020),6kVFIQBhLT4003iw2WWEv1,r&b,hip pop,0.765,0.701,11,-4.089,0,0.058,0.0579,0.0,0.334,0.758,103.998,191639
1NbRWGX7hybvzBU1Y5ysVa,No One,Upchurch,42,3gttZZF6xNOuEn4qKrlp7c,Supernatural,2018-08-19,Southern soul & hip hop,4xJULuV0P5PLcMe3xP8Pgj,rap,southern hip hop,0.682,0.595,2,-7.787,0,0.0908,0.184,0.0,0.128,0.404,147.996,226992
79edhUCJIHerzdr8Tgclw7,Wasting Time,The Mowgli's,57,0jgGJKB3A9CHlDj9w8qvMV,Wasting Time,2020-01-03,Intro to Indie Poptimism,6Ylmweq4pT7j3ScIv5uq1c,pop,indie poptimism,0.586,0.788,8,-6.196,1,0.0337,0.0147,0.00565,0.0844,0.625,93.027,223913
1808VWtrx9NdT5fCHDMC7t,Slow Mo - Felix Palmqvist Remix,The Spacies,0,3jJB8kyQ1ZWhpRZo0xyXx5,Slow Mo (Felix Palmqvist),2016-10-25,Indie Poptimism,2QiMewRbSavfZ9MSAYz2h6,pop,indie poptimism,0.513,0.799,4,-3.299,1,0.037,0.387,0.0,0.109,0.348,142.004,202000
5nXT0jRAR9ChVWmh2tLQln,Timmy's Prayer,Sampha,47,2gUSWVHCOerKhJHZRwhVtN,Process,2017-02-03,NEO-soul,3q3M4VCymcMoxJ3Tl7mRqN,r&b,neo soul,0.452,0.558,1,-9.649,1,0.205,0.445,0.00132,0.104,0.221,139.428,263923
6susMmS2fohWe6TSlOfi1O,You And I - Remastered 2011,Queen,34,3hfcNo7WWy1Z1ie0nJ8PRy,A Day At The Races (2011 Remaster),1976-12-10,The Queen - La Discografia Completa,3E88dLx4fgFYY70gdGzdnB,rock,album rock,0.526,0.869,2,-5.78,1,0.0599,0.0796,0.00268,0.43,0.535,134.375,206147
2157DbQsErKQN45iOPETHc,Libriana,Crod,45,6YwE30jjZAeiJl1MIo43D7,Libriana,2019-11-15,Brisa Pop,37i9dQZF1DX2vsux22VuNL,r&b,hip pop,0.638,0.532,1,-8.598,1,0.0915,0.572,0.0,0.0962,0.495,93.972,201762
2hMy5zGCBCE5oBKalKWMCd,The Streets,Lil Uno,13,6euFhRipLVGcI51bmzxD1F,The Streets,2005,Chicano Rap,3o3xRXWMtBMezk0E3wmtGI,latin,latin hip hop,0.642,0.831,0,-5.727,0,0.125,0.464,0.0,0.307,0.651,93.494,248707
5TAf4lnZCZTLlZHNZMLFLi,I Try,Macy Gray,71,50DkoLL4ArRVXhWx9ssQSe,On How Life Is,1999-07-03,Soul Coffee (The Best Neo-Soul Mixtape ever),16iNEskDatG5KbDV16F6LR,r&b,neo soul,0.593,0.642,2,-7.284,1,0.0299,0.313,0.000582,0.0804,0.736,76.403,239440
1mU8A0bKStnhYuS043o6Je,Go To War,Nothing More,54,3iN7zyUi2NQuc2BSJLhbd4,Go To War,2017-06-23,Hard Rock Workout,6kXNv8J3HCYztxjOIUzApv,rock,hard rock,0.461,0.892,6,-4.807,0,0.0901,0.00187,1.34e-06,0.0942,0.35,137.35,245196
7ewT0nLFkMD8ONbRibePr9,I Don't Care - Single Version,Fall Out Boy,59,6KOWjVP0mh5rOqmzm4tkPD,Folie à Deux,2008-01-01,Dr. Q's Prescription Playlist💊,6jAPdgY9XmxC9cgkXAVmVv,pop,post-teen pop,0.55,0.938,11,-3.556,0,0.0522,0.00171,2.18e-05,0.555,0.433,133.99,214493
5xD021bM8VbqrhCVhxRozx,Message In A Bottle - Remastered 2003,The Police,16,5fMAuIxI96lqdSPqUGwlXd,Reggatta De Blanc,1979-10-02,Classic Rock Retrogamer,6gUFdcGzKAHyDXY9TKC6cP,rock,classic rock,0.582,0.81,1,-7.024,0,0.0396,0.0338,1.68e-05,0.202,0.875,151.006,290280
1ZSu2nD48t0pnj0LcpdXGt,Burn,In Flames,25,3QqYehg4qkksI0uEwA05dU,Burn,2019-02-08,Hard Rock Workout,6kXNv8J3HCYztxjOIUzApv,rock,hard rock,0.522,0.971,6,-4.59,1,0.109,4.8e-05,0.0534,0.054,0.195,114.992,223720
0PZVhSVqZz9kyTHjPaMRtU,Escalera,Javiera Mena,27,4C3iEuPGaKx70a24kTEZmA,Espejo,2018-04-27,This Is: Javiera Mena,37i9dQZF1DWSOvcBNdfJ87,pop,electropop,0.647,0.596,1,-6.991,0,0.038,0.0168,0.801,0.132,0.173,125.038,238840
6lDTR2JakgO4nyaqASdtIT,Everybody Wants to Rule the World,Love Canon,34,2WcSVdRwyvMHAnZKq0FvdE,Greatest Hits Vol. 2,2012-11-21,Bluegrass Covers,37i9dQZF1DX56crgoe4TG3,r&b,hip pop,0.414,0.713,2,-6.523,1,0.0424,0.422,0.000332,0.103,0.531,118.023,265267
3298yRJKPcCndQdNiTZKIo,Sweet Caroline,Neil Diamond,20,0qtV1svcPG2MmN9Meo6ZZu,Sweet Caroline,1987-06-29,School Dance 2019 (Squeaky Clean),0SqaMfNsngZCpPw0UuelA7,latin,latin hip hop,0.538,0.127,11,-16.057,1,0.0284,0.589,0.00017,0.238,0.527,62.829,203573
2fdfsGuqb6SBX5ocoBWHUd,The One I Love - Remastered,R.E.M.,63,65kIVEdb93smbnC7k4aie7,Document - 25th Anniversary Edition,1987-09-01,"Maxi Pop  GOLD (New Wave, Electropop, Synth Pop...)",2nRWtTI9a2LWjJ9Wy3JZs5,pop,electropop,0.488,0.841,2,-4.626,1,0.0358,0.000395,1.21e-06,0.346,0.559,127.861,197800
1vWSlI10yWoGvUei1oLuyt,Hero,As I May,31,5QaGweP4nrkE7wbR2QQsbe,Hero,2017-08-04,Hard Rock Workout!,5nQrMpkyWmxPX0gk74htMk,rock,hard rock,0.593,0.817,7,-4.637,1,0.07,0.000355,0.00318,0.035,0.156,115.047,198261
0cSJGFChou7M6u2ju9SWN1,Microphone Fiend,Eric B. & Rakim,47,42p4dRDB24b9mvBmMb0QR9,Follow The Leader,1988,90s Hiphop / Gangsta Rap,5yGuoOwRQF3o8NVRRlvCj7,rap,gangster rap,0.586,0.795,11,-8.71,1,0.258,0.354,0.0,0.187,0.694,94.101,314600
5dvpipXxOIH96gcGEKR1Iu,Ain't Nothing Changed,Loyle Carner,60,6wjryxtrKxzTZID9kyZUV5,Yesterday's Gone,2017-01-20,Saxophone in Hip Hop - R&B Lounge - Jazz Rap,2ujrP2rPxu8ao7wNeG1ZOY,r&b,neo soul,0.753,0.663,8,-8.073,1,0.176,0.505,0.0598,0.115,0.149,90.011,194427
1zZdGnwXDLfVe8V2bclJQh,What Is Life,George Harrison,3,16YCkHew4MBxGtpqkCTx6M,All Things Must Pass (Remastered),1970-11-27,The Black Album,0KNLLunbFh9XgitPMOGmQg,rock,album rock,0.469,0.833,4,-5.804,1,0.0314,0.00566,0.000419,0.314,0.886,131.185,264413
7GXeN4Kb8jOE4L7UNJym4Y,Be Focused,Ghost Rider,42,4vJjPmOCvkzwsgppzIUFyi,Be Focused - Single,2014-09-04,Underground Party | Hypnotic | Minimal | Acid | Big Room | Tech | Liquid,29jj7pQlDqnWclbHQk21Rq,edm,progressive electro house,0.809,0.734,6,-8.409,0,0.156,0.0409,0.566,0.0978,0.0633,138.004,448696
4Cr3846tRMwCqk8Qw181aC,"Top Hat, White Tie and Tails - Radio Edit",Ashley Slater,20,6UFKnxNcysZaAoCvpdKjkV,"Top Hat, White Tie and Tails (Electro Swing)",2018-06-29,Electro Swing Top 100,5M7xLCQTYJL0lbKIrUn3a4,edm,electro house,0.658,0.856,7,-4.207,1,0.232,0.262,3.93e-06,0.116,0.796,204.058,163529
6TesHoNPZGdcVjllhAuKJh,A$AP,Dillom,66,6gZRifxANm2D2Q0NFlSPjl,A$AP,2019-09-27,Trapperz,37i9dQZF1DWUmxBdWX3Pp4,rap,trap,0.942,0.808,10,-5.317,0,0.119,0.073,0.0,0.0935,0.444,98.978,184242
2up69Rho7swRdP1MHqzX3n,Pam Pam,Wisin & Yandel,67,0LHnOx2oLegPCawcuxRF7j,La Historia De El Dúo (Vol.1),2013-01-01,Reggaeton Classics,37i9dQZF1DX8SfyqmSFDwe,latin,reggaeton,0.874,0.69,10,-6.373,1,0.114,0.121,0.0,0.249,0.735,95.025,227280
0upLyFR8Rr52ZpMp5esQoq,You Really Got Me - 2015 Remaster,Van Halen,64,7DdEbYFPKTZ8KB4z6L4UnQ,Van Halen (Remastered),1978-02-10,Dr. Q's Prescription Playlist💊,6jAPdgY9XmxC9cgkXAVmVv,pop,post-teen pop,0.454,0.946,1,-5.978,0,0.13,0.0223,0.0,0.173,0.647,138.18,156147
1WsEgieHsWWndAzLkmV105,hostage,Billie Eilish,79,7fRrTyKvE4Skh93v97gtcU,dont smile at me,2017-12-22,Urban contemporary,0qOJuaqHeg4u1i6gjPKnxE,r&b,urban contemporary,0.427,0.123,9,-15.228,0,0.0497,0.868,3.12e-05,0.0732,0.0394,129.565,229426
62BoHRGSeDnRd4wMn2DUTp,Do Yo Time,Geto Boys,13,0iPd9eiDhtC4iua8yknqxW,"Da Good, Da Bad & Da Ugly",1998-11-17,90's Southern Hip Hop,2NMW1nwQYSVlXd26uLenX6,rap,southern hip hop,0.781,0.57,2,-9.92,1,0.37,0.0255,0.0,0.11,0.179,90.817,262800
4Mr73gFwZUeFnrfRov23we,Slave II,Logic,55,0WMr3ulx5Mzi1B3C8LsHVA,Bobby Tarantino,2016-07-01,This Is Logic,37i9dQZF1DWTIuAboZgTMf,rap,hip hop,0.515,0.508,10,-5.997,0,0.16,0.026,0.00279,0.108,0.129,90.507,196893
2GRL794l2R1SFJc3Z0pIlr,Away,The Bolshoi,0,1IZ1slyJWQT1BPfrX1u5Bb,Friends,1986,"Maxi Pop  GOLD (New Wave, Electropop, Synth Pop...)",2nRWtTI9a2LWjJ9Wy3JZs5,pop,electropop,0.6,0.752,0,-8.984,1,0.0358,0.165,7.12e-06,0.157,0.541,121.079,295360
6dxOG7bXlN9wK9LXw59KWF,I Forgot To Be Your Lover,William Bell,50,6Mk5jBRZjWJgzRzR8YFehS,The Very Best Of William Bell,2007-01-01,Sexy Soul 2020,5EMARioe9z9eKOeWIAC2JW,r&b,neo soul,0.33,0.42,4,-8.383,0,0.0275,0.298,0.0,0.124,0.761,140.327,140733
7wMq5n8mYSKlQIGECKUgTX,Hall of Fame,The Script,78,7JOCOjZTcLysDMkZGWlcIj,#3 Deluxe Version,2012-09-07,post teen pop,6rjxP7GQKoqqgoakzxl3PY,pop,post-teen pop,0.421,0.873,10,-4.343,1,0.0565,0.0653,0.0,0.123,0.63,84.803,202533
5ChkMS8OtdzJeqyybCc9R5,Billie Jean,Michael Jackson,81,1C2h7mLntPSeVYciMRTF4a,Thriller 25 Super Deluxe Edition,1982-11-30,Classic Rock Playlist.,7CESj1xKbxdArRzloygvkl,rock,classic rock,0.92,0.654,11,-3.051,0,0.0401,0.0236,0.0158,0.0359,0.847,117.046,293827
1t0P9nBKpnrh5MntGd3qw6,El Chivo (feat. T3r Elemento),Berner,65,0IbbPJkA83Unb76NTio1YP,El Chivo,2019-05-05,Arena Hip-Hop,37i9dQZF1DWVFZbCNivv6B,rap,hip hop,0.53,0.828,7,-6.017,0,0.134,0.215,0.0,0.135,0.471,189.995,275401
2UM5jlU2iLXDEAtzIfa1m0,Daydreams,ARTY,53,4NPQLgALvm7TeWwMT1HZe1,Daydreams,2019-10-04,Electro House Top Tracks,1G0q0NK7g3C0XerNqq7GbL,edm,electro house,0.564,0.615,1,-6.066,1,0.0314,0.185,0.0,0.114,0.248,127.932,177656
0OMUfNVJpO1XvNkoJGYd0O,Tradición,Gloria Estefan,32,2K2yvhTFeRBZdDboSQzFAJ,Mi Tierra,1993-06-03,Cuban vibes only,6VWXakL2ojgiVC01I271e2,r&b,urban contemporary,0.571,0.698,0,-6.786,1,0.109,0.0839,0.00319,0.127,0.909,132.215,320027
3XIMC4cHU7Iu4BR5aBU0Oa,Honey - Joe Goddard Remix Edit,Robyn,29,5TYF4tXsQPZaHyr93cra9e,Honey (Joe Goddard Remix),2019-09-20,Deep Electronic Music 2020 & Progressive House,5CMvAWTlDPdZnkleiTHyyo,edm,progressive electro house,0.688,0.548,9,-11.446,1,0.0427,0.0646,0.705,0.128,0.313,121.973,273848
1JGb28R23RdtKZYT4XOf7u,Tell Em I'm Doing Eetswa,Hooligan Hefs,67,36PndmQwRLjOMgikVHKOgI,Tell Em I'm Doing Eetswa,2019-12-12,A1 Hip-Hop,37i9dQZF1DX0sDai2F5jCQ,rap,hip hop,0.907,0.92,11,-2.828,1,0.175,0.396,0.000115,0.263,0.794,129.997,151327
5MEMiHV54Y5ODV1zvEPsyp,I Still Haven't Found What I'm Looking For,U2,1,586ZRfgsIckfcKvHVcGM4V,The Joshua Tree,1987-03-10,80s Pop & Rock Hits and Album Tracks,0XOIK4m26aeYSD61E5nSVW,rock,album rock,0.561,0.63,1,-12.924,1,0.0395,0.0205,0.00133,0.0695,0.682,100.646,277493
04xWapbcBAgNWGHGdhcxoR,Certainly - Flipped It,Erykah Badu,1,0AdCd5aZbu62xuQTR1gLPe,Baduizm,1997-02-11,R&B 80's/90's/00's,2Ey63yNQeC9Yto7JwX9BGJ,r&b,new jack swing,0.754,0.361,10,-8.634,0,0.0493,0.0134,0.326,0.124,0.455,78.093,326040
3eS1VMcEmq2IUgpaeDysCb,One Touch,Jess Glynne,70,7GCY1J01hcEpdgeY0vtSsN,Always in Between (Deluxe),2018-10-12,Dance Pop Hits,37i9dQZF1DX6pH08wMhkaI,pop,dance pop,0.686,0.693,0,-6.245,0,0.131,0.329,0.0,0.136,0.699,124.206,197876
5CxHzMIN3ZOH8f18RdNYwO,MANIFEST,STARSET,24,1zpQtzd2dasyYmuPtxg7GG,MANIFEST,2019-08-15,Rock Hard,37i9dQZF1DWWJOmJ7nRx0C,rock,hard rock,0.531,0.874,8,-5.939,1,0.0524,0.000191,6.35e-05,0.256,0.489,147.948,267239
5NkCxPZOHGCsP2UGDyNLRV,Infinite Possibilities,Amel Larrieux,13,4z7JmlQhmcw8p470hwxCVX,Infinite Possibilities,1999,Neo-Soul / Soulful R&B,4F3xAxHxeBwXhK6k6GPnrW,r&b,neo soul,0.546,0.57,4,-10.289,0,0.0715,0.196,9.95e-05,0.303,0.282,90.514,258067
6ld0SjdFPdZtoWBxzn0Ytp,I Seen a Man Die,Scarface,53,2Z1lDWB2EfTUKV5ILxjdvu,The Diary,1994,90's Southern Hip Hop,2NMW1nwQYSVlXd26uLenX6,rap,southern hip hop,0.692,0.674,2,-5.523,1,0.292,0.0022,0.0,0.359,0.5,79.925,272680
2V8FnzDA3T6Jrc19HlHy9Z,Angel,Fra Lippo Lippi,45,5vlcbD9c5rrBJ8MeySijkb,Light And Shade,1987-01-01,Permanent Wave CHDB,2foj4ZYVHRGqSd1aMqNPBj,rock,permanent wave,0.751,0.422,0,-14.807,1,0.0305,0.179,0.000294,0.0595,0.715,123.933,312133
1Slwb6dOYkBlWal1PGtnNg,Thinking out Loud,Ed Sheeran,67,6NoBzYmh5gUusGPCfg0pct,x (Wembley Edition),2013,Post-teen pop,2KyjkYsSsC1UR75b0m98vd,pop,post-teen pop,0.781,0.445,2,-6.061,1,0.0295,0.474,0.0,0.184,0.591,78.998,281560
0t6NrHyr4HSXZRM1sKQnx2,Why - Original Edit,Klaas,17,1jV4Ye1VG1BhgJgX7t3IUH,Why,2016-02-19,Hands Up‏‏​​   ‍,1lSdljPk8zcAdXVMUduDia,edm,progressive electro house,0.555,0.989,6,-2.521,0,0.0488,0.0943,0.334,0.346,0.701,127.995,162188
4GGSmoTmc5LClrowB4SmEw,Mind Is A Prison,Alec Benjamin,82,3oFteG1YXJg2LS6R7Ge2yB,Mind Is A Prison,2019-12-12,Fresh Essentials,4RFszTXlSMZFgpqIJS3754,r&b,hip pop,0.636,0.661,5,-5.217,0,0.05,0.527,0.0,0.18,0.694,151.148,162034
2DBU3G7bYWcLKxKNtsXJ5h,Arab Trap: Made in Egypt,DJ KABOO,34,2ZYdkTjXsKXajkPiwUTgQ7,Arab Trap: Made in Egypt,2018-07-01,Arabic Trap,37i9dQZF1DXcC6YLqj8ET8,rap,trap,0.734,0.882,0,-4.973,1,0.0467,0.00365,0.88,0.0955,0.755,139.906,154712
7pf6YT5CmmQxs6Uz7dABNB,Doggy Dogg World (feat. The Dramatics & Tha Dogg Pound),Snoop Dogg,54,7f9KDGqY7X2VLBM5aA66KM,Doggystyle,1993,90's Gangster Rap,1g3APxk2mLVNU2TuHCPli0,rap,gangster rap,0.685,0.686,7,-6.311,1,0.292,0.0036,0.0,0.0959,0.682,94.188,338813
3Kdo8Zkp16NQBnJU0QRPhy,I Wanna Thank Ya - Without Rap,Angie Stone,10,7bkV93ZTE1MI1rtGzk2QX0,Stone Hits: The Very Best Of Angie Stone,2005-06-21,Soul Coffee (The Best Neo-Soul Mixtape ever),16iNEskDatG5KbDV16F6LR,r&b,neo soul,0.73,0.849,7,-7.247,1,0.124,0.101,1.95e-06,0.359,0.694,98.981,191333
0fTiDOXRNEN0lUeYGoSHml,Somebody,The Chainsmokers,69,6ZvDJs17O3woQirttKRYCG,Sick Boy,2018-12-14,Hip Pop 2019,3tmx4p5RGlOV1AapXOt1Ze,r&b,hip pop,0.32,0.63,10,-7.019,0,0.0493,0.192,0.0,0.102,0.323,203.443,221987
0genv3YPSq1hsZhB2Xw9f3,Northern Lights,Gui Brazil,33,77EOJ0LwmeWJ0INZk2y0NE,Northern Lights,2018-10-26,CHRISTIAN ELECTRO / DANCE / EDM,0MhTMIo1bgH6zzPh7BdChT,edm,progressive electro house,0.668,0.894,7,-7.309,0,0.084,0.0037,0.0863,0.112,0.297,128.026,172505
6ovp1nCwIAOSMotiCF7pjk,Bufón,Lit Killah,62,5RpGiCddWLzGrrAsB6EcgI,Bufón,2018-06-08,Trapperz Argentina,37i9dQZF1DWXrVH01e3PIE,rap,trap,0.851,0.637,5,-5.534,1,0.0977,0.165,0.0,0.366,0.526,130.071,242500
5m4rKNB8wf2Q4oMupdmXFQ,38,KALIM,0,7uyXse5zWL6XRZUtygOoyo,38,2017-09-01,GANGSTA Rap,5GA8GDo7RQC3JEanT81B3g,rap,gangster rap,0.875,0.73,10,-5.807,0,0.252,0.498,1.46e-06,0.13,0.397,123.072,277813
7fJtPlEZKxu6gvkfBFc5tW,Too Good,Drake,59,0G1ffjfFuTUTVjDrVdLimH,Views,2016-05-13,Latin/Hip Hop/Dancehall/Soca,2rg9LCyvaMQvnCE2hVndpR,latin,latin hip hop,0.793,0.653,7,-7.839,1,0.103,0.0484,4.91e-05,0.1,0.393,117.993,263373
2kBgJXGbVA6WcA40IFA9KF,Tu Cariñito,Puerto Rican Power,64,0eoWrfcaxarOASMm50HE7s,2 Grandes de la Salsa Vol. 4,2008-11-11,Paraiso Tropical,37i9dQZF1DWYey22ryYM8U,latin,tropical,0.691,0.873,5,-8.758,0,0.0382,0.33,1.63e-06,0.0362,0.916,93.685,251253
7vE3nlnirKZ21FRqhVDyxa,Ya No Más,Nacho,67,0pcxaklquKqaPFIBOLFkps,Ya No Más,2019-12-13,Flow Selecto,37i9dQZF1DX4OjfOteYnH8,rap,trap,0.781,0.77,0,-4.057,1,0.123,0.229,0.00214,0.164,0.845,170.05,231933
7hldl207cyjCsldUi3rKtn,Unperfect,Deraj,18,2LRHNTLZq6KvXg8UjudHuA,Goodish - EP,2017-09-15,CHRISTIAN ELECTRO / DANCE / EDM,0MhTMIo1bgH6zzPh7BdChT,edm,progressive electro house,0.688,0.644,4,-5.246,0,0.0878,0.259,0.0,0.0765,0.368,129.989,268615
5r7OKhOQl2vM8SZnCXSQk1,Free The Frail,JPEGMAFIA,59,5ilsl5R2lGACTnPZMKIp7o,All My Heroes Are Cornballs,2019-09-13,Ultimate Indie Presents... Best Tracks of 2019,37i9dQZF1DWTc5QDlvD7t0,r&b,hip pop,0.553,0.509,1,-7.955,1,0.353,0.515,0.0,0.154,0.264,153.674,210570
3i85UIF4nR7qZXTnEwqdPr,Changes,Charles Bradley,39,4TiJdmV0Oh7GauOdmfrXNe,Changes,2016-04-01,Sexy Soul 2020,5EMARioe9z9eKOeWIAC2JW,r&b,neo soul,0.41,0.449,0,-8.14,1,0.0346,0.00584,0.00133,0.067,0.307,148.119,342999
4nTYxxF8iWBq54LO3dBUie,Rhythm Nation,Janet Jackson,50,4OD3LU6001esAtFshDX46M,Rhythm Nation 1814,1989-09-19,New Jack City,6RLvj5OnEuPzI1P02KwnzK,r&b,new jack swing,0.633,0.931,1,-7.752,1,0.0686,0.0504,0.109,0.375,0.676,109.116,330933
753pbo7JqZJ7Ahh7JuhEvC,Powertrip,DallasK,8,3WcnJ4IbD9rJyX7KZtMwoP,Powertrip,2016-09-16,Hands Up‏‏​​   ‍,1lSdljPk8zcAdXVMUduDia,edm,progressive electro house,0.709,0.968,7,-2.876,1,0.195,0.00194,0.363,0.121,0.0394,127.992,195000
3hxrdVUhsIlkZhYVhluLVc,Si No Le Contesto - Merengue Version,Plan B,5,10a5h4vll69IZ1MFDHFDAF,Latino 42,2011-12-29,Latin/Hip Hop/Dancehall/Soca,2rg9LCyvaMQvnCE2hVndpR,latin,latin hip hop,0.867,0.73,6,-5.071,0,0.039,0.115,0.0,0.083,0.939,109.982,195160
7ukl9x1A5He253WcoNUQI9,They Call Me Pokey (Remix) [feat. Tucka & Tyree Neal],Pokey,0,66JLE1UZGAF8BkNOs6EFVR,Josephine Son Pokey,2013-07-04,Southern Soul BBQ Mix,3nTS97zUqxJBQeiXNRs963,rap,southern hip hop,0.742,0.536,8,-5.863,1,0.0341,0.115,0.0,0.275,0.623,84.015,310714
2RFINeQiVYWfpo10rF28gi,VvsNike (Prod. Olek),Malik Montana,55,0B2xTS4bjSATkSQsLh0X71,VvsNike (Prod. Olek),2019-09-18,Trap strefa,37i9dQZF1DWY3UKS6jvnxr,rap,trap,0.837,0.43,1,-11.284,1,0.322,0.623,0.0,0.1,0.721,80.984,151109
3msKIQc0Yjuz3Zn39g3KLX,Don't Check On Me (feat. Justin Bieber & Ink),Chris Brown,71,2ETIoEB0cSEtl8UvhHHXtC,Don't Check On Me (feat. Justin Bieber & Ink),2019-06-25,2020 Hits & 2019  Hits – Top Global Tracks 🔥🔥🔥,4JkkvMpVl4lSioqQjeAL0q,latin,latin pop,0.66,0.395,7,-5.242,1,0.0333,0.873,0.0,0.112,0.678,81.997,204880
0REinjAZvoW0PrhDS2aHAg,Threnody,Naeleck,25,2CUUZuC9EhMcnU7zdNWWrI,Threnody,2016-12-26,Electro House 2020,317O0e8iWJLClLGDKtieRe,edm,electro house,0.71,0.751,2,-4.455,1,0.0646,0.000119,0.892,0.102,0.311,128.016,243809
1S9XH424KbQOj872uSOSQ2,For the First Time,Vilma Gil,0,3gZCC6m1veKIFeQ49PALAB,Ladies of Freestyle 2,2001-08-07,Latin Hip Hop/Freestyle,2MYEUjX0YAI9dxrBDzoCK7,latin,latin hip hop,0.643,0.965,11,-5.607,0,0.0813,0.00152,0.000301,0.386,0.853,125.651,293200
4Vjc2hFx7GT7YtyfRmomgR,Street Lamp Swing,Dirty Honkers,38,09g7W6QRRXWNGDvfDtBtJe,Self Portrait in 3 Colors,2016-09-23,Electro Swing,3Dr4NKbsFQ2m7tmPxGRroO,edm,electro house,0.626,0.619,1,-8.698,1,0.227,0.0659,0.000607,0.168,0.611,99.792,238000
7hY8tAAC9j8KFbStmpSamx,Se Aloca,Reykon,0,2bILZKm2YYmbpVqzvunVBx,El Lider 1,2010-09-25,REGGAETON VIEJO,31hG19URdBvLEpQWKFYfdD,latin,reggaeton,0.857,0.693,6,-7.825,1,0.151,0.245,2.22e-05,0.147,0.875,98.027,229645
3Z9vR8JrHFyyjB0JoHzx6p,Pretty,Landon Cube,62,6cnC79HOafGgH2sUT7zsnh,Pretty,2019-10-18,Sad Trap,7kzKtw5vug3IIxKfLadi8A,rap,trap,0.679,0.853,0,-5.289,0,0.0659,0.195,0.0,0.132,0.767,76.064,191440
58XWGx7KNNkKneHdprcprX,Rock You Like A Hurricane,Scorpions,68,71cfSO0iO1fjgQLEb3Wc6C,Love At First Sting,1984-03-27,Classic Rock Retrogamer,6gUFdcGzKAHyDXY9TKC6cP,rock,classic rock,0.482,0.617,4,-12.931,0,0.0458,0.00543,0.000146,0.284,0.718,125.697,252493
46THN9jjPWhSqFUu6YsBhv,Panda,Desiigner,11,6SK5vZcB1MiTtzdVtFilLo,Panda,2016-02-26,ELECTROPOP,2UsEj2GUukV0GLbsE3rldz,pop,electropop,0.679,0.734,10,-5.542,0,0.444,0.0241,1.65e-06,0.369,0.245,145.028,247867
6Xio661Y2iL7SDKFFOG9cv,Who Got Da Props,Black Moon,55,6WqXR9PUGCCQe26QDL5gY3,Enta da Stage,1993,90's Hip Hop Ultimate Collection,4IG024zoaGMurhTFBkMAv9,rap,southern hip hop,0.805,0.653,8,-11.251,0,0.185,0.138,0.0,0.1,0.257,100.349,270067
636vdFAufIda3oSxnafrDI,The Way I Are,Timbaland,3,7Eq7oXFdBLwDxV6OCtE6vu,Summer Party,2013-04-15,BALLARE - رقص,1CMvQ4Yr5DlYvYzI0Vc2UE,pop,post-teen pop,0.743,0.828,3,-6.273,0,0.0692,0.167,0.744,0.132,0.753,114.725,169413
0u04FjMR2FedXkOQIFUx2r,Think Twice,Lisa Gey,33,2agXSqEy5qDOAg71i6QsVy,Power Ballads 80's 90's: Best Romantic Songs & Rock Ballads from the 80s 90s Music,2013-07-20,Rock Ballads 80s 90s | Best Rock Love Songs 80's 90's Music Hits,0y8MUle9Lf8VDNjPsskzJB,rock,hard rock,0.557,0.554,5,-7.428,1,0.0358,0.469,0.0,0.534,0.395,133.904,245813
3YiF4GqPHrifMDhn7mUnD1,Arroyito,Fonseca,60,53BSvP9Gegfk3OV4OtcWA7,Gratitud,2008-01-01,MIX LATIN POP°,6IS6XTdbS9qJZgfjNKgpB8,latin,latin pop,0.513,0.903,11,-6.735,1,0.163,0.269,0.0,0.147,0.682,93.513,238667
3fRLC1A5JiWESTBaPULjrM,Lost Dreams,Morgan Page,31,59WeAj8do7bPrswR0lh3hQ,Lost Dreams,2018-02-21,"Electrónica, Progressive House, Electro House y más 🎧",0o5gKmuET7F3lQnpFxvPO8,edm,progressive electro house,0.622,0.633,10,-2.487,1,0.0417,0.326,0.0,0.178,0.251,128.074,189544
0SiywuOBRcynK0uKGWdCnn,Bad Romance,Lady Gaga,78,6rePArBMb5nLWEaY9aQqL4,The Fame Monster (Deluxe Edition),2009-11-05,post teen pop,2ltt5ouiEO301o2jbxn30d,pop,post-teen pop,0.696,0.921,0,-3.755,1,0.0363,0.00314,5.24e-05,0.0842,0.714,119.001,294573
2H2Tg24kqd1eA3F7BSQFSi,Qué Voy a Hacer Con Mi Amor,Alejandro Fernandez,63,03RyWnTLH0JFemkDOp0nGi,Lo Esencial De Alejandro Fernández,2011-08-16,Latin Pop Classics,37i9dQZF1DX6ThddIjWuGT,latin,latin pop,0.536,0.457,1,-8.785,1,0.0405,0.38,1.27e-05,0.169,0.499,165.693,245133
5OdBi3RisDymZXw0oEr8xV,Best Friends (feat. Bushido),Ali Bumaye,36,7ANHeNj3YsLxWumtX2O51y,Rumble in the Jungle,2016-06-03,GANGSTA Rap,5GA8GDo7RQC3JEanT81B3g,rap,gangster rap,0.635,0.707,10,-5.023,1,0.317,0.284,0.0,0.102,0.296,84.698,183573
64DAZ2XBuZevR3d0LfmayU,Goliath,Heno.,9,7MCoakUH407YzQewYnvAdr,Goliath,2018-11-06,Smooth Hip Hop,7ozFIvz1bE1HPgQTUl5qfT,r&b,hip pop,0.552,0.587,11,-11.881,0,0.182,0.718,0.0,0.0786,0.634,83.705,134269
1tWQK2NoRsWj6JECrLhotv,Who Am I (feat. Conrad Sewell),Enzo Ingrosso,58,4CtiMFZDcDwu2Ww06vQR2G,Who Am I (feat. Conrad Sewell),2019-06-21,New House   ‍,54XvQQsViMBwjO1ws2o2wx,edm,electro house,0.569,0.889,9,-5.419,1,0.0333,0.00779,0.0,0.304,0.584,128.001,207807
39bipb25GobAR4QtYISUcw,Savages - Magnificence Remix,Sunnery James & Ryan Marciano,12,5PNit1b9DebzoDXmJp4ID4,Savages (Remixes),2018-07-13,Latin Village 2019,3JcJCsvBnRsA6oc7eUYDSB,latin,latin hip hop,0.79,0.903,11,-3.911,0,0.0468,0.0528,0.0474,0.131,0.398,125.988,129524
16IXvk7noDMknHNqmSYvwC,Sailing Away,AVEC,10,207TkAuFB7Zjb8JAZEWha7,Heartbeats - EP,2015-11-27,urban CONTEMPORARY,1nFfDHtp8RY3obgen8KODl,r&b,urban contemporary,0.528,0.258,7,-10.238,0,0.0394,0.653,0.000106,0.0882,0.121,121.328,256463
7MabTMP5zJbTESC4N5YYUN,Heartbeat - Original Mix,John Dahlbäck,0,46C4aRWVfkzrCie76k5CFN,Heartbeat,2014-10-20,big boom room — TOMORROWLAND EDC EDM BIG ROOM AMF ADE DANCE TRANCE HARDWELL TIESTO,2oalsaFUockoPf1DU3wrL8,edm,big room,0.655,0.756,5,-2.492,1,0.0533,0.00497,0.0756,0.115,0.122,127.991,326385
0NSHFVRsifouetxcWGANe0,So Close - Curbi Remix,NOTD,21,3DxmIHc4IwNuBgJ0dc5c6F,So Close (feat. Georgia Ku) (Remixes),2019-03-08,PAROOKAVILLE - Big Room,6vbHQdtfmexb0ptmBSpemm,edm,big room,0.638,0.882,5,-3.243,0,0.0564,0.0371,0.00246,0.188,0.118,128.059,202505
53BX9bScZinfUywOiZdm7z,In Between,dvsn,56,2QF9IT7irnk83GLHbl2hDN,In Between,2019-07-09,Neo-Soul,1eqVgsNjaX6mxDPoefhocT,r&b,neo soul,0.47,0.299,1,-10.248,0,0.0878,0.508,2.54e-05,0.0981,0.507,84.624,201546
6WkbpykevvQi312Lez5KXP,Stand Up,Jessie J,24,3ga4adzUpLaS2LDcoqfs2r,Who You Are (Platinum Edition),2011-01-01,Big White Room-Jessie-J,5FhhmunkvwTAsGaiXpRHkJ,edm,big room,0.467,0.729,0,-4.197,1,0.344,0.072,0.0,0.39,0.719,78.019,207173
3HPocb6fNCUSS0mmXpGGXn,Let It Go,Paige,0,0dWuDDit2jZJU7s6MMXE0s,Let It Go,2018-06-15,🔊BASSBOOSTED🔊⚡ELECTRO HOUSE⚡🔥EDM CAR MUSIC2018/2019🔥,4GSiiL8tcMgvoV7K1IADb8,edm,electro house,0.681,0.716,5,-7.033,0,0.103,0.0588,0.000868,0.137,0.23,124.021,189707
3I1dBcU36DdnR9cjK0li2I,One Second,Josh Arce,38,3RDhlJd60eASvZ7zKob6AJ,One Second,2019-10-18,a taste of the mainstream,4gbXqmZDUFHqlaYjf4uVyS,pop,post-teen pop,0.673,0.722,6,-5.324,1,0.122,0.152,0.0,0.0902,0.808,123.952,201504
0rI56S1biB0efYypn7eNpP,Kill For You,Skylar Grey,50,0CQMTyHzmWKAhY9TV4Zqqc,Natural Causes,2016-09-23,Latin/Hip Hop/Dancehall/Soca,2rg9LCyvaMQvnCE2hVndpR,latin,latin hip hop,0.67,0.8,4,-5.933,0,0.297,0.151,3.47e-06,0.613,0.268,95.693,291667
7CDRaqIaJYJoxa4tlhcihh,Someone,Pete Kingsman,32,7jgIEZC9DTfT2egGFAUdsL,Someone,2018-07-20,Big Room House / Bigroom,2EnVd4ugXUybVQoQrarICY,edm,big room,0.564,0.746,0,-6.353,1,0.0455,0.0196,0.0,0.118,0.404,144.963,219658
6wJwkMo278iWVlWl1XQ4WA,The Heart Wants What It Wants,Selena Gomez,70,2iFTxCYwhF5oC1L8s1B0rI,The Heart Wants What It Wants,2014-01-01,post teen pop,6rjxP7GQKoqqgoakzxl3PY,pop,post-teen pop,0.616,0.789,7,-4.874,0,0.0377,0.053,0.0,0.142,0.621,83.066,227373
5QEOyTOieflmYwkkFoDTRm,Etnia,Visage Music,28,4Alpr0Oh86mgs1UopHPGk7,Etnia,2018-09-17,💊ELECTRO-HOUSE-TECH💊,0AFYmoSuoMQiGGjzvBwr6u,edm,electro house,0.837,0.725,0,-7.652,1,0.0495,0.0186,0.26,0.451,0.0392,120.01,246000
2IkZFbw7m2uh4tqJkuWDJM,Echte Berliner,AK Ausserkontrolle,50,7dSo0zkSKiPSBquhrDfNuP,Selbststeller - EP,2016-04-29,GANGSTA Rap,5GA8GDo7RQC3JEanT81B3g,rap,gangster rap,0.56,0.74,10,-3.873,0,0.372,0.0828,0.0,0.251,0.466,91.959,163293
1wXtvhUaHymGrhbjPI0KK9,Burn It Down,AtellaGali,0,4ejzlYqWyHPwLfOCY1IX74,Burn It Down,2017-07-14,ElectroPop,0cuHKz65ZPqBX1brG8djlg,pop,electropop,0.783,0.766,10,-4.947,1,0.0993,0.0106,0.00318,0.0608,0.513,100.018,201747
0OeBUQzpwf7PYIvGtSPGAE,Battlement,Neuschwanstein,7,1591mGQHMwUHjRfU4ma9jH,Battlement,2006-10-19,Progressive Rock / Metal - Rock /Metal  Progresivo,7GhTpb4eOp6403Bmgqz3db,rock,album rock,0.23,0.684,9,-9.467,0,0.0368,0.462,0.818,0.312,0.0984,155.14,432867
062mh4qAZyDV9dIQK70iu0,Miss You Much,Janet Jackson,42,7jtBAkD6DL5yn7komrFTxE,Rhythm Nation,1989-09-19,New Jack Swing,3ykXidKLz1eYPvuGoFlD1e,r&b,new jack swing,0.703,0.973,6,-8.719,0,0.0401,0.0284,9.59e-05,0.302,0.704,115.184,252427
4qYHnP5AmKzXbJhciPV8si,Ain't No Love In The Heart Of The City - Single Version,"Bobby ""Blue"" Bland",58,5OkHt7JZ6HSkJH359y2H31,Dreamer,1974-01-01,The 1950s/1960s/1970s/1980s/1990s/2000s/2010s with pop/r&b/soul/boogie/dance/jazz/hip hop/hop/rap.,1S7BckuYIkEazeNKOSM0uA,r&b,urban contemporary,0.518,0.376,9,-18.248,0,0.0431,0.933,0.86,0.0976,0.744,158.089,233560
1ObsWA74zO0Q2QQeFZ3tH3,Purple Haze,Jimi Hendrix,0,1AOk1anF8r6J2gmGG3Kzra,Experience Hendrix Box Set,2000-09-11,Classic Hard Rock,1gAeQGQ7hr2q7IYmaejDW6,rock,hard rock,0.458,0.823,2,-5.347,1,0.068,0.0125,0.357,0.323,0.518,108.554,208333
0a4agFmqHXxcZl1nho1BxM,Heart Of Glass - Special Mix,Blondie,70,7mEjsBlRmfP63cH1gdPT6A,Best Of Blondie,1981-10-31,The Sound of Permanent Wave,4EYSGTuqe9cVfSVpX4gtGv,rock,permanent wave,0.694,0.577,4,-14.63,1,0.0308,0.015,0.00836,0.0853,0.845,114.478,275733
0M955bMOoilikPXwKLYpoi,I Hate Everything About You,Three Days Grace,70,13topfW33NjnACjnRiZBX7,Three Days Grace,2003-04-19,Permanent Wave,2ExyzXAbukW7I8bDqdGvPB,rock,permanent wave,0.498,0.83,6,-5.157,0,0.0421,0.00461,0.0,0.139,0.453,89.342,231480
30BsewEJZPxfuLNAlZPFje,"Read All About It, Pt. III",Emeli Sandé,68,0QwbgAJnx9FEFFC3EsyLrQ,Our Version Of Events (Special Edition),2012-01-01,Urban contemporary,1ZlL3IQS8eB0s0RMxz02yD,r&b,urban contemporary,0.63,0.44,2,-7.186,1,0.0249,0.822,3.87e-06,0.0926,0.343,98.082,283707
5nbNdS5SKdpiDZjCBh8W7b,Get It On,T. Rex,18,6hPt04r4KtO00nwhdGJ8Ox,Electric Warrior (Deluxe Edition),1971-09-24,Blues Rock,56dbowk1V5ycS5jW7DSvi5,rock,classic rock,0.728,0.878,11,-6.926,0,0.0564,0.176,0.856,0.61,0.911,126.59,262613
0arymh4a4YsUaps34DfA7L,When Can I See You,Babyface,13,5y4ohfVVgrOEwTM74TJbuS,For The Cool In You,1993-08-24,New Jack Swing,3ykXidKLz1eYPvuGoFlD1e,r&b,new jack swing,0.813,0.432,1,-13.324,1,0.0602,0.251,1.36e-05,0.115,0.573,84.612,229307
7hN5TKSdRb56uytwIpcUES,99 Problems,Hugo,61,6Tolvy5sgnENXLNDNwQ9L6,Old Tyme Religion,2011,Bluegrass Covers,37i9dQZF1DX56crgoe4TG3,r&b,hip pop,0.529,0.557,9,-7.762,1,0.0738,0.0357,3.93e-05,0.0734,0.592,162.599,137427
4poybupy26pTWPr9zY1i7h,Some Say,Nea,81,5pCAWYym13GcQN8CXEb89m,Some Say,2019-09-06,"post-teen alternative, indie, pop (large variety)",1y42gwI5cuwjBslPyQNfqb,pop,post-teen pop,0.779,0.342,3,-6.316,0,0.0404,0.701,2.56e-06,0.132,0.482,104.993,175602
48K6PkRH2xYoQ4UHDf0Tjm,Ocean,SZY,23,1827BzNwLnISYO0kMxmUmV,Ocean,2019-08-02,Charts 2020 🔥Top 2020🔥Hits 2020🔥Summer 2020🔥Pop 2020🔥Popular Music🔥Clean Pop 2020🔥Sing Alongs,3xMQTDLOIGvj3lWH5e5x6F,r&b,hip pop,0.522,0.67,1,-8.511,1,0.0965,0.507,5.17e-06,0.179,0.469,160.034,163516
3zVibdZHsVH05p5Crux6xX,La Demanda,Romeo Santos,65,1yM8iaMk4Slsqr94LabgN1,Utopia,2019-04-05,Paraiso Tropical,37i9dQZF1DWYey22ryYM8U,latin,tropical,0.865,0.712,6,-4.519,0,0.0397,0.102,1.22e-06,0.311,0.951,122.021,234480
14X1WxiHXdVRJ99cMCBzOE,How I Move (feat. Lil Baby),Flipp Dinero,67,3zMEkZNzS5yJDcnqPhIk10,LOVE FOR GUALA,2019-11-22,Hip-Hop Central,37i9dQZF1DWY6tYEFs22tT,rap,hip hop,0.826,0.635,5,-5.181,0,0.212,0.102,0.0,0.245,0.808,119.954,224916
7dsHYU5bH0qksf8e1loXcl,Catch,Dresses,33,1tWU86dOXqIE0oSDBg70lm,Let Down,2015-10-23,random playlist that can't decide its genre so go ahead jam along with these catchy tunes,49qyKvg6UAQAvIMUIGMnP3,pop,indie poptimism,0.818,0.574,10,-7.192,1,0.0476,0.29,0.0,0.0875,0.869,120.027,231121
4sabZStEJHsz88F2PLQYfz,Kylie,Akcent,40,26EvgYcmTMHHvVNObNPkhQ,Primul Capitol,2006-01-01,Electro/Progressive/Club House,1HtnPDj2V126xB9tJP786P,edm,progressive electro house,0.761,0.817,5,-6.187,0,0.0392,0.00859,0.0,0.0762,0.759,125.021,245960
3BaridxR3bsmZw3F8ERWPj,Burn (feat. Big Sean),Meek Mill,47,2BP4Ln4clEY4tZpX9qGNj3,Burn (feat. Big Sean),2012-09-10,Gangster Rap Workout,0ZRwrJ2EDGyKR6YgQPWXeO,rap,gangster rap,0.67,0.895,2,-1.438,1,0.349,0.327,0.0,0.269,0.622,111.389,216667
4llK75pXNWZz6KAho2Gp16,She Will Be Loved - Radio Mix,Maroon 5,80,5zClcGCSWj926AMjvBNSLc,Songs About Jane: 10th Anniversary Edition,2002,post teen pop,2ltt5ouiEO301o2jbxn30d,pop,post-teen pop,0.651,0.663,0,-5.569,0,0.0281,0.228,0.0,0.0994,0.465,102.0,259453
13aXosb9ASn6tRQbfw1WPU,Dope Boyz,T.I.,32,0KKo9KfKSsewezQ6Iyh7Ww,I'm Serious,2001-10-01,Dirty South Rap Classics by DJ HOTSAUCE,0tLHH1C4HkWEUCXXSSjbOe,rap,southern hip hop,0.755,0.619,4,-8.895,0,0.225,0.03,0.0,0.213,0.297,86.992,264840
7CmZyVcq6tZ12uDy2MTMCf,Shotgun,RudeLies,19,4fg2Vj2IiCKQ4NoyN5qkk9,Shotgun,2018-11-30,Big Room EDM,3S03NWbWkrR1e7DPH9rf9Z,edm,big room,0.637,0.935,5,-3.909,0,0.0486,0.00198,0.367,0.18,0.428,127.947,168750
5cImOblhS97lw6MvbPupUu,Strong,R3HAB,52,55Hll4wRYqiKB3kMm6Hl7n,Strong,2015-11-27,BIG-ROOM NEVER DIES !,4QtO2XySphMOJt7pX0yaVi,edm,big room,0.448,0.856,5,-3.162,0,0.0537,0.0211,2e-05,0.2,0.511,127.977,169102
1cOj24fUMnBSXhtp7waHVW,That's What Friends Are For,Dionne Warwick,57,0HpZFxWfSL8V4wzEtUvGFo,Greatest Hits 1979-1990,1989-10-31,80s Pop & Rock Hits and Album Tracks,0XOIK4m26aeYSD61E5nSVW,rock,album rock,0.673,0.286,8,-14.643,1,0.0313,0.294,0.0,0.086,0.199,120.117,256467
1FvOiE8MGWB8MUCAPvro3h,Flowers,Jacob Tillberg,50,6qUFkYctUITXkByoa80xbi,Flowers,2019-03-24,Gangster Rap,5joQabz9ys3XPGbSx5CaKv,rap,gangster rap,0.754,0.652,11,-4.924,0,0.0308,0.174,0.0,0.113,0.474,95.006,192013
1umsRbM7L4ju7rn9aU8Ju6,Sacrifice,gizmo,29,1E7gYGatd62EOqbtecCF2B,Sacrifice,2018-12-18,< DARK TRAP >,19WuHd4MxWLzE1fpMmw4S4,rap,gangster rap,0.767,0.576,10,-9.683,0,0.256,0.145,2.61e-06,0.0968,0.187,139.99,96062
4LLHvfvE21JQFD9ZKVCbd0,Lost,T-Dre,62,5ksj97hVu25U5lHRov3kkX,Mexican Invasion,1998,Chicano Rap,3o3xRXWMtBMezk0E3wmtGI,latin,latin hip hop,0.762,0.545,2,-9.221,1,0.145,0.211,5.78e-06,0.122,0.039,93.629,288157
6BDTqdiitPRU8C23zThBV0,Move To The Rhythm - Original Mix,Tiësto,0,6o1PfuVl08EDpwVAPc0ZrX,Move To The Rhythm,2013-08-26,2011-2014 House,53Ga3Xt9fumdJfhNNSBvzU,edm,progressive electro house,0.415,0.986,10,-3.886,0,0.107,0.000313,0.877,0.0736,0.037,128.006,348750
0NTMtAO2BV4tnGvw9EgBVq,Bitch Better Have My Money,Rihanna,75,4S8F794ucXJcAtycwOZgR9,Bitch Better Have My Money,2015-03-26,◤ Hip Hop Dance Music – Urban – Trap – Breaking Locking Popping Bopping – WOD – World of Dance,0Hr2h94pKN8QAGVAgD6BsD,rap,southern hip hop,0.781,0.728,1,-4.981,1,0.0621,0.0509,1.94e-06,0.257,0.395,102.99,219306
6BPUwak7LDEFuU2FZVHhgl,Coffee,Sylvan Esso,0,5ituB2BTH7YtlSWDLdKloe,Coffee,2014-01-01,Deep-deep Bubble Pop,744VClUYfFnZCDPcOUkg5G,pop,indie poptimism,0.45,0.461,0,-8.081,1,0.16,0.345,0.000837,0.0872,0.184,98.729,268213
1NgpsJbbpHcFg9j88eb3TK,El Día Que Muera,Ñejo,51,4BtctIcXmt8MiYEI2DDGLC,El Día Que Muera,2019-06-21,Trap Land,37i9dQZF1DXde9tuMHuIsj,rap,trap,0.835,0.572,9,-5.86,1,0.244,0.149,0.00617,0.156,0.459,145.914,257556
524euygKKFWurhvIdSrkg6,I Tuoi Particolari,Ultimo,66,6sbV5tigkQuCteprgk9pwd,I Tuoi Particolari,2019-02-06,Musica Italiana 2020 - Playlist Pop & Hip-Hop (Canzoni Italiane 2020),6kVFIQBhLT4003iw2WWEv1,r&b,hip pop,0.659,0.588,0,-5.682,1,0.063,0.632,0.0,0.124,0.297,135.884,219939
4Sj8JZ9zZfl8HaOav5yTVq,1-800-273-8255,Logic,3,6moZiBIgT0LQNSSDNw1hPA,1-800-273-8255,2017-04-28,Hip Hop Controller,37i9dQZF1DWT5MrZnPU1zD,rap,hip hop,0.622,0.593,5,-7.755,0,0.0414,0.56,0.0,0.175,0.369,100.048,250200
2He7ZIvNyBo188a6hvS0zT,Ben,Tessa,66,77c46Hk6NjX0EqUBwaFY5v,Ben,2019-10-11,DK rap,37i9dQZF1DXdhDukKQ88Cc,rap,hip hop,0.897,0.536,1,-5.612,0,0.308,0.398,0.0,0.338,0.71,92.984,176129
6iovySmAVi5FSbQgzTfoAG,Soundtrack 2 My Life,Kid Cudi,44,1OnCqi7IuzjnrOh2ZNvJHd,Man On The Moon: The End Of Day,2009-01-01,Hip-Hop 'n RnB,0275i1VNfBnsNbPl0QIBpG,rap,southern hip hop,0.468,0.753,4,-6.761,0,0.115,0.454,1.33e-05,0.368,0.467,86.473,235627
4QIzuPwXBsznrd3THZMEJs,The Universe Is Yours (feat. Micah Martin),ARMNHMR,48,3hgIBnfiy81mjhtGsRiXyt,The Universe Is Yours (feat. Micah Martin),2019-11-22,Electro House 2020,317O0e8iWJLClLGDKtieRe,edm,electro house,0.319,0.902,8,-2.703,0,0.065,0.0486,0.0,0.307,0.225,152.019,194211
5PiRqego6KQfP0Y1PgdsWp,Wouldn't Be Surprised,Oddisee,22,48nXg8R2dOVpx4x0cPxqIN,Alwasta,2016-03-24,Smooth Hip Hop,7ozFIvz1bE1HPgQTUl5qfT,r&b,hip pop,0.453,0.754,7,-5.173,0,0.274,0.539,0.0,0.514,0.363,79.997,122975
23IK8TF2MSiLnuEjaYPfVV,Nightshift,Commodores,61,6QRiOSB53KZEe22LfWr6EP,Nightshift,1985-01-01,80s Pop & Rock Hits and Album Tracks,0XOIK4m26aeYSD61E5nSVW,rock,album rock,0.727,0.559,8,-10.194,1,0.0392,0.62,0.0114,0.0629,0.393,105.06,306560
3d9snMJKWWca3FB7PwJ5gx,What’s My Name,Ringo Starr,35,5Oi2l8yztQLKvJ9uAYOe81,What's My Name,2019-09-13,Classic Rock Now,37i9dQZF1DX0fWtUuB7bFE,rock,classic rock,0.479,0.84,7,-5.629,1,0.031,0.00687,0.000647,0.214,0.725,149.968,225227
6hBofveV7cUFOSuUB9RQjk,busking,_tag,62,5n3Tv4OXiCOqMA9Tcazwhq,busking,2019-02-12,Lo-Fi Beats,37i9dQZF1DWWQRwui0ExPn,rap,hip hop,0.622,0.0701,0,-13.016,1,0.0421,0.495,0.911,0.102,0.247,77.065,140714
4objxuNfJlJHomkRIPa2Y2,Drinking Alone,Carrie Underwood,61,6LURWtPusB5fGenqj0lbFd,Cry Pretty,2018-09-14,Sexy Soul 2020,5EMARioe9z9eKOeWIAC2JW,r&b,neo soul,0.691,0.732,5,-3.715,0,0.0294,0.0326,0.0,0.0608,0.477,97.949,258293
2TUJkHltq1US7pmQOTniTe,Kesh,D-Rashid,3,4bFMPyTHE7qct5IQehf9Hy,Salto Sounds Presents Moganga Big,2017-04-14,Latin Village 2019,3JcJCsvBnRsA6oc7eUYDSB,latin,latin hip hop,0.687,0.931,5,-2.937,0,0.0648,0.00196,0.86,0.703,0.406,127.003,263040
4Q6wWm1GyMweUtoz6PNvrr,Everything Looks Beautiful,Lucie Silvas,23,1VVaCcDi6CDJ86XpyGVUQ0,E.G.O.,2018-08-24,Sexy Soul 2020,5EMARioe9z9eKOeWIAC2JW,r&b,neo soul,0.393,0.44,6,-6.225,1,0.0489,0.0778,2.25e-06,0.0817,0.311,140.188,299067
46D0hYb1B7qiU33VtXt21W,Easy,Camila Cabello,78,514p9UpvibpBhShFgpZaxS,Easy,2019-10-11,Pop - Pop UK - 2019 - Canadian Pop - 2019 - Pop,46Cl6dmeiylK6TRGXr7hHe,pop,post-teen pop,0.574,0.593,4,-5.731,0,0.0463,0.411,1.55e-06,0.0966,0.355,128.073,194686
1DqdF42leyFIzqNDv9CjId,Dynamite,Taio Cruz,71,159jpldDCgsgH6KGgjy63c,Rokstarr,2010-01-01,Dr. Q's Prescription Playlist💊,6jAPdgY9XmxC9cgkXAVmVv,pop,post-teen pop,0.754,0.804,4,-3.177,1,0.0853,0.00332,0.0,0.0329,0.818,119.968,203867
6EfPYZWmBWO2KSR5AAPeid,Viral,Soly,30,76Cr22XQMAd46fiWeoZqfQ,Viral,2018-08-31,LATIN FLOW MIX - Música Cristiana🎵,396llvvFOIB9jgPg0kqNDb,latin,latin hip hop,0.857,0.609,11,-5.752,1,0.137,0.0889,0.0,0.0949,0.201,125.987,270476
5JEx7HbmvHQQswJCsoo9rA,Close To Me (with Diplo) (feat. Swae Lee),Ellie Goulding,82,4bLCVUEB9YWKEeaJm8FfqQ,Close To Me (feat. Swae Lee),2018-10-24,Electropop 2019,4Bi8VLtaSu0JILliif8lH6,pop,electropop,0.574,0.758,1,-5.029,0,0.0621,0.0969,0.0,0.395,0.492,144.111,182623
12M2FNbOi1FOIe5KBGEwU3,Rabb Rakha,BIR,31,7xiFRhSJMOAaE9NQp7UnEb,Rabb Rakha,2018-12-07,RAP 91,37i9dQZF1DX1ct2TQrAvRf,rap,hip hop,0.885,0.58,10,-10.24,0,0.225,0.719,8.74e-05,0.12,0.94,93.981,167547
0u8G4v3ys9EM5zbdkRStOP,Oh Mama Shake That Booty (feat. Lunar),Martin Silence,37,5er3L8T00NKhQpDDr02aq4,Oh Mama Shake That Booty (feat. Lunar),2013-12-16,EDM 2019,1T0ed6Mg0QIruHvcoWWIKy,edm,pop edm,0.741,0.867,6,-5.513,0,0.0487,0.00108,2.89e-06,0.283,0.553,130.028,220269
00p85inzGeXRXgqDVn7Ftq,Laps,Zotiyac,36,3JPejWmP5LweCgQ2xHgYjV,Laps,2018-11-16,Rap Party 24/7 Radio / Gangsta Rap,4sGnz2x5tbHE2YlW1nemfb,rap,gangster rap,0.756,0.453,8,-9.965,1,0.318,0.0039,0.0,0.632,0.114,140.132,144380
7aNTFhSXwUtXWP063Y46rV,As You Will,Wolfgang Lohr,35,045pd68z8017VF3kkVx8d6,As You Will,2016-03-24,Electro Swing,3Dr4NKbsFQ2m7tmPxGRroO,edm,electro house,0.825,0.845,10,-6.345,0,0.088,0.00423,0.719,0.182,0.764,123.034,378538
2N7Qm7YdgvWlg8ZoxLkOND,Never Be The Same,Tritonal,57,7vII1vHdNWjz8lX04nZdyO,Never Be The Same,2019-09-27,Electro House Top Tracks,1G0q0NK7g3C0XerNqq7GbL,edm,electro house,0.504,0.87,4,-4.828,1,0.0449,0.0164,0.0,0.125,0.276,127.997,264375
5bY5dJ7CGyNRSo6icGUo6H,Diva,Nicki Nicole,43,5KdLGjhWQgwor8l5DsSZgR,Recuerdos,2019-11-08,De Fiesta,37i9dQZF1DWVskFRGurTfg,latin,reggaeton,0.795,0.579,0,-6.48,0,0.0426,0.188,0.0,0.0788,0.637,115.032,200200
4ddsyeVgiigtQToGyn6hMJ,Stay,Roderic H,33,6epBrNkflQDKRhCrMb3bop,Stay,2020-01-10,INDIE POP! TUNES,0HD4Pc1PK8fsyKQq9e2U2v,latin,latin pop,0.676,0.367,5,-15.681,0,0.0328,0.169,0.000569,0.127,0.259,119.968,165777
1HfPcQ3c2HyGeID3u1lmCa,She Wolf (Falling to Pieces) (feat. Sia),David Guetta,53,5aprcHwM1KJhaY9Kbxkfkn,Nothing but the Beat 2.0,2011-08-26,Happy EDM,3d2JFEbvcx7p2CHkBaQeMZ,edm,pop edm,0.492,0.857,7,-2.634,1,0.0655,0.0841,7.82e-06,0.344,0.393,129.973,222500
5tNPTZNNSGt4LnOMdg2OgO,La Mentira,Mando,17,6l53tWKERC023oCN5u8KEm,La Mentira,2019-02-22,Exitos 2020 - Latin Billboard,0k2IDDkcVyIpIgE6d1woDM,latin,latin pop,0.609,0.796,6,-4.661,0,0.0332,0.101,0.0,0.345,0.692,94.018,204255
2eAnGTLot2MF7rZspl8F3Q,Stick Em,DJ Isaac,0,3g2PUF3lUzehiqROmJBBI6,Stick Em,2015-08-31,BIG-ROOM NEVER DIES !,4QtO2XySphMOJt7pX0yaVi,edm,big room,0.377,0.926,4,-4.385,0,0.0683,0.00144,0.769,0.0827,0.0342,130.163,180923
4yEyeWa53n6yAx8kxxj8kt,Bite My Tongue,The Academic,26,1FpIi2NcYiXBGJcXhAzJQc,Tales from the Backseat,2018-01-12,permanent wave,3uFyGoayrP71xS6T6Y8Bh2,rock,permanent wave,0.53,0.85,7,-3.813,1,0.037,9.77e-05,2.48e-06,0.29,0.546,139.894,206012
1CRy08G60mS5jvhB27xMpS,Juliet & Romeo,Martin Solveig,72,4ndTH1x8j5zYaidYSO5MXh,Juliet & Romeo,2019-12-06,Dance Room,37i9dQZF1DX2ENAPP1Tyed,pop,dance pop,0.712,0.664,11,-8.026,1,0.0345,0.0416,0.000104,0.0668,0.781,122.014,204514
0kFM6t9htbB53Dg8frGDGh,Kiss Me Deadly,Lita Ford,54,5nfd1bXqze24U3EZXP1Qlk,Lita,1988-01-02,’80s Hard Rock,37i9dQZF1DX68H8ZujdnN7,rock,hard rock,0.468,0.743,0,-10.846,1,0.0326,0.00819,7.88e-05,0.369,0.648,156.103,241800
6NGet2NFndj4XvpjH9iMvb,Bailando - Spanish Version,Enrique Iglesias,4,54MhxA94XThhIcDmlw9PrD,SEX AND LOVE (Deluxe),2014-01-01,"Hot Latino Mix (Latin, Hip Hop, Rap, RnB, Dancehall, Reggeaton, Afro)",3hR2R6szlkwZeGyclTgHcF,latin,latin hip hop,0.725,0.779,7,-3.501,1,0.119,0.0457,2.76e-06,0.0446,0.948,91.018,243413
0TBuySbBzGo4Jgc410MvJp,Who Want It,David Banner,30,3Rdf6EFR90LuwLXkBWxLvm,The God Box,2017-05-19,Southern Hip Hop,4lcyWQDOzPfcbZrcBI3FOW,rap,southern hip hop,0.456,0.929,2,-4.576,1,0.453,0.0415,0.0,0.121,0.393,168.114,236373
1irXmwdCbngOtucJNd5mSl,Violet City,Mansionair,4,1iLP59oFLYZaL801I48i9P,Violet City,2018-04-05,Indie/Jazz Poptimism,6OaTudLqBEuTyUMPxRNpZc,pop,indie poptimism,0.596,0.784,3,-6.723,0,0.033,0.0642,0.139,0.216,0.432,162.019,213516
765ZpBQUUFKAVjzVyW77if,stop and stare,joan,47,2x0dCdfqGuqk7e9eJsUsjU,portra,2018-07-11,Indie Poptimism,21nxmipQe5xtXoHHPaYfnY,pop,indie poptimism,0.58,0.746,10,-5.704,1,0.04,0.00948,6.76e-05,0.11,0.548,97.008,201953
7FQyzz3MRRyIHB2xuPjQhL,Twenties,Wolfgang Lohr,42,7413jwxa7Q2UbGbegbuMBj,Twenties,2020-01-10,Electro Swing Top 100,5M7xLCQTYJL0lbKIrUn3a4,edm,electro house,0.733,0.837,0,-6.593,1,0.125,0.248,0.000555,0.359,0.911,121.093,190413
3B3El69ZXyan2w7wt14Z6c,B 612,Nhyx,38,4LNlXjHDKmn685CFOEXLYH,B 612,2019-12-13,Electro Posé - Discoveries,6nZaTh6K1SwhdELFTmA99C,edm,electro house,0.684,0.609,5,-8.236,1,0.0369,0.853,0.902,0.102,0.204,117.973,268475
1WoYl4FAEAv4Sy0kTCRle4,Ontas (Te Pago El Uber),Leandro Da Silva,42,2dSHgJdfbSWE41uhhxIwIi,Ontas (Te Pago El Uber),2019-12-02,EDM 2019,1T0ed6Mg0QIruHvcoWWIKy,edm,pop edm,0.758,0.881,5,-3.432,1,0.105,0.0249,0.707,0.183,0.546,125.018,158224
0cppqb4vQycORHNMxr8DGd,Favorite Part Of Me,Astrid S,70,585s4f9yrPNsp0G7AkTFDF,Down Low,2019-09-26,"post-teen alternative, indie, pop (large variety)",1y42gwI5cuwjBslPyQNfqb,pop,post-teen pop,0.598,0.502,1,-6.273,1,0.0447,0.862,0.0,0.096,0.403,121.621,198391
6Q45iYMuedSPVotifXvBSh,Good Together,The Runaway Club,35,2jKvPiYDsclRE1D60y61em,The Runaway Club,2014-03-04,The Sound of Indie Poptimism,7nHgmv7uyIA1KHj6qTttjH,pop,indie poptimism,0.708,0.894,0,-3.38,1,0.0313,0.00128,6.47e-06,0.109,0.886,126.032,234842
0PFEGtfuum8JiBkRied2vy,Dibiase,03 Greedo,38,4elwYqB897R5hwIqJXDXxy,God Level,2018-06-27,Southern California Hip Hop Primer,206vi9Q0p3juAU73flxPsz,rap,southern hip hop,0.686,0.539,6,-7.172,1,0.121,0.0764,0.0,0.0787,0.627,180.071,242390
6fjsIxSPXnOjQleb11AYNU,"What Christmas Means to Me - from ""The Best Man Holiday Original Motion Picture Soundtrack""",Fantasia,49,1oV4pg51THaPN4eJveWxHt,The Best Man Holiday: Original Motion Picture Soundtrack,2013-10-25,Christmas Soul,6FZYc2BvF7tColxO8PBShV,r&b,neo soul,0.679,0.759,1,-5.208,1,0.129,0.0348,0.0,0.0663,0.333,87.618,144453
2V0u2rXv1bzTiwivScz9fM,Fast Talk,Stephanie Mills,8,2ttKyfkGqMzpQQ6oqBwCqd,Home,1989-01-01,Kenny B's Ultimate New Jack Swing Mix,7bdhfXlbfml9CuNn5c7372,r&b,new jack swing,0.756,0.715,7,-10.743,1,0.0571,0.0502,0.0,0.219,0.635,107.314,309173
4Wbr1qIj5QtzYETxuXQrV7,Nomite - Passenger 10 Remix Edit,Horisone,20,2T7fgpdAnakJslWPTNfZJW,Raw,2019-03-08,Pop Dance Hits,7eERKCkgNKCCx5GYdeMIZf,pop,dance pop,0.693,0.805,8,-7.335,0,0.0507,0.00799,0.854,0.0669,0.0461,123.991,222581
1DLhyRZQq8YRh4waqHMfet,LFT,Quadron,39,1DK7dxeuo9R1Ma0iaZBz3f,Avalanche,2013-05-31,Neo-Soul Essentials,0DIwi1dMI59NItQtiNcevy,r&b,neo soul,0.73,0.623,9,-6.5,0,0.0876,0.594,0.000144,0.15,0.873,96.067,209867
1urwvHUw8YORELR3sU0zZP,As Mulher - Gregor Salto Remix,Chernobyl,13,7HKVZNc5mfCADuVobFe8rp,As Mulher,2013-07-21,Latin Village 2019,3JcJCsvBnRsA6oc7eUYDSB,latin,latin hip hop,0.565,0.822,7,-5.03,1,0.365,0.0375,0.0136,0.031,0.378,191.624,281250
2PtBhfoPZ6VYtXkrE5FrCH,Reflections,MisterWives,62,726GB3GTBwPdsGr5XzOQbz,Our Own House,2015-02-24,The Sound of Indie Poptimism,7nHgmv7uyIA1KHj6qTttjH,pop,indie poptimism,0.682,0.676,2,-5.46,1,0.0291,0.0226,0.0164,0.101,0.604,111.008,186440
7vhFKZFIYkbgxt8RXputjM,Euthanize,Zero Theorem,26,0hyVO1j5KmEyy53honhoFi,Ataraxis,2018-05-04,Hard Rock Workout,5nOO372uzpOM5rB2bRWfkp,rock,hard rock,0.379,0.99,9,-2.758,1,0.16,0.000502,0.0,0.363,0.211,173.702,187586
0OGDredxd4n2ai4IJjfLNH,Me Quedaré Contigo,Pitbull,63,6nCJAxRvXmPkPiZo8Vh5ZG,Libertad 548,2019-09-27,Latest Latin American Hits 2020,51LvliKED7oZNJR8XCiPip,latin,latin hip hop,0.671,0.918,1,-3.588,0,0.0774,0.0593,0.0,0.206,0.712,92.132,226773
2MnAs40kO1izWTF63MW5uM,America Online,The Midnight,7,7nUIXnRMkRFbyoduYKRnvF,America Online,2019-05-03,Electropop And Play,7p30DzTAgW6OhspSXHTI88,pop,electropop,0.601,0.609,2,-11.795,1,0.0428,0.0108,0.757,0.249,0.0671,101.973,349706
7791eaHScobUflcXYVvxpt,Glitter,Bhavi,55,2wZm3oiGzbsavV2NL7a3n5,Glitter,2019-04-20,Trapperz Argentina,37i9dQZF1DWXrVH01e3PIE,rap,trap,0.833,0.49,2,-6.685,1,0.31,0.115,2.65e-06,0.113,0.376,122.862,133728
3geRc8gbDYPkpfebdUm4MI,Passinho do Rá,Dennis DJ,47,6wRiCTq2YWIP4I9H8EUyHb,Passinho do Rá,2019-10-24,Verão 2020 | Pop | Funk | Sertanejo | EDM | Top Hits 2019 - As Mais Tocadas,5HmZtuuIDMtIy21kylqhx6,edm,pop edm,0.593,0.813,1,-3.192,0,0.268,0.325,0.000234,0.0663,0.698,175.137,153249
7ANcjNhtvlfmb2RVCJP7an,"What's The Frequency, Kenneth?",R.E.M.,0,5PHng5BLIYSwmFfrihOeOi,In Time: The Best Of R.E.M. 1988-2003,2003-10-27,L' ALBUM ROCK,0jilq2XZP9F2fwzp2k6iXK,rock,album rock,0.376,0.916,2,-4.496,1,0.0319,0.19,0.132,0.157,0.738,94.3,241160
4GlM9yBl7W9lBMPQEWoEu4,Stranger Love,Robin Novaku,38,6mATsV44UgyRGJOmlwlDdV,Stranger Love,2018-06-01,Tropical House 🌴,06zrBJ5cts5aemZmqe80J7,latin,tropical,0.726,0.676,11,-6.314,0,0.0349,0.102,0.00192,0.265,0.752,116.991,127838
6teNGJXM3cwa3saa4rOQjJ,People Of The Night,Dash Berlin,35,2oe5wbyJfN9KbmzgF3FP3E,We Are (Part 1),2014-08-29,"Electrónica, Progressive House, Electro House y más 🎧",0o5gKmuET7F3lQnpFxvPO8,edm,progressive electro house,0.542,0.823,7,-4.173,1,0.038,0.0213,6.4e-06,0.127,0.163,127.025,241890
2xlCyb1ZfFad6np6zx4hhw,Desire - Gryffin Remix,Years & Years,5,7oRxgNBZeMhA7O1eu8OHas,Desire (Gryffin Remix),2015-07-31,Tropical Beats,37i9dQZF1DX1bDvyV0IkZ3,latin,tropical,0.558,0.871,10,-5.041,0,0.0516,0.0596,0.0,0.139,0.476,122.034,268840
0vUhEAJIaTGqBJfDsOZoNt,Pensare Male (con Elodie),The Kolors,62,4K8RcA1mnKbJqOUwdvY1iQ,Pensare Male (con Elodie),2019-03-15,Musica Italiana 2020 - Playlist Pop & Hip-Hop (Canzoni Italiane 2020),6kVFIQBhLT4003iw2WWEv1,r&b,hip pop,0.662,0.882,9,-5.123,0,0.203,0.228,0.0,0.309,0.797,91.947,209348
29Ddz0FZ4c3ICEs1CNQ9nX,Leaving,Blinders,48,4Gfyl9nYHRsWVIii2w32aX,Leaving,2018-09-28,Electro House,6k45gxiQhfVqACfIdqONsC,edm,electro house,0.607,0.949,9,-4.725,0,0.197,0.0992,7.07e-05,0.117,0.26,127.805,171562
6ZQSvQh5wb2M5AaEaoymMY,Don't Leave Me,Blackstreet,36,5iEdkyR0Ez5wQLQFphYYAU,No Diggity: The Very Best Of Blackstreet,2003-01-01,90s R&B - The BET Planet Groove/Midnight Love Mix,7LjRWGUdOmBdPG1W1bga4i,r&b,new jack swing,0.791,0.585,2,-4.609,0,0.0346,0.0817,0.0,0.0775,0.732,81.809,310867
5Aevni09Em4575077nkWHz,Closer - Sultan & Ned Shepard Remix,Tegan and Sara,20,6kD6KLxj7s8eCE3ABvAyf5,Closer Remixed,2013-03-08,♥ EDM LOVE 2020,6jI1gFr6ANFtT8MmTvA2Ux,edm,progressive electro house,0.522,0.786,0,-4.462,1,0.042,0.00171,0.00427,0.375,0.4,128.041,353120
6dcdXz3385Tew9tOqpCTCo,Un Poquito,#TocoParaVos,43,4b10EvdYJG27bXYZEACjTy,Un Poquito,2019-08-23,Latin Pop Songs,5uOMV7g6vp8WxoqXfkzKaw,latin,latin pop,0.856,0.657,11,-3.775,0,0.168,0.5,0.0,0.0887,0.793,92.004,158904
64yBYBrJLWlGqDlGGHCfAL,Feenin',Jodeci,0,4Q8fGnbtJ3z3spSAmmz1A9,Diary Of A Mad Band,1993-12-21,New Jack Swing - 90s R&B fused w Hip Hop,79xd4wnVuKZK4rJMsL2wPa,r&b,new jack swing,0.675,0.612,5,-10.853,0,0.0651,0.168,0.0,0.943,0.593,121.702,310707
1eetzMDPNpYSZOreBw7SSk,Soul Sista,Bilal,51,6n09PKuOUkvyOmX9U3uO77,1st Born Second,2001-01-01,Neo-Soul / Soulful R&B,4F3xAxHxeBwXhK6k6GPnrW,r&b,neo soul,0.706,0.326,8,-10.45,0,0.116,0.538,8.06e-06,0.171,0.705,145.976,318667
5CP7jMyHdDJKD28TGqNekW,Hisaab,Karan Aujlaa,5,1EtGp3Rcqy9iwWhCVr2333,Hisaab,2019-07-10,Hip Te Hop,37i9dQZF1DWTqYqGLu7kTX,rap,hip hop,0.566,0.754,6,-3.982,0,0.297,0.181,0.0,0.493,0.507,175.954,175412
0nIYXJd4ksG3kGrAjaOUBT,Safe and Sound,WUSA,45,6xTQgQnO1S4zIRV4XAvCA4,Safe and Sound,2019-03-15,Tropical House 2020,2oivDYqm1dQK4KbwVJTaf6,latin,tropical,0.677,0.505,10,-11.139,1,0.0278,0.141,0.718,0.125,0.358,110.008,202111
2eMwDehkIC1j68U6FA3Eiq,XO TOUR Llif3,Lil Uzi Vert,11,4CZVGlURM8vncG4ftZULTS,XO TOUR Llif3,2017-03-24,Hip Hop Controller,37i9dQZF1DWT5MrZnPU1zD,rap,hip hop,0.732,0.75,11,-6.366,0,0.231,0.00264,0.0,0.109,0.401,155.096,182707
2fLL9lFVduAN0QHgbQ5oSV,Gemini,Sponge Cola,49,4Jfm8pzDGoeDqWKf6Q5qO6,Palabas & Transit Collection,2013,Pinoy Classic Rock,37i9dQZF1DWYDQ8wBxd7xt,rock,classic rock,0.414,0.525,6,-7.549,1,0.0292,0.506,0.000332,0.132,0.177,148.283,212693
19Y4ZNlzPqgmWyF4qK3BSq,Platinum Chains,Michael Woods,0,1xVG7o3MHpn9Tp2XCu8lHo,Platinum Chains,2013-03-11,2011-2014 House,53Ga3Xt9fumdJfhNNSBvzU,edm,progressive electro house,0.705,0.923,11,-5.195,1,0.0474,0.035,0.875,0.324,0.214,127.01,369454
6mZcNu9i8uhOYMiEAyEx81,How We Do,The Game,10,0d0QL1mV66wpb9cBvCSF0G,The Documentary,2005,Hip-Hop 'n RnB,0275i1VNfBnsNbPl0QIBpG,rap,southern hip hop,0.862,0.648,4,-7.401,0,0.251,0.0455,0.0,0.0332,0.637,98.012,235533
4lteGaLzU5veJOe6wnOvz4,Dancer,Gino Soccio,50,71NzsQgmjQ5rIm33Hpjv2V,Outline,1979,House/Electro/Progressive/Disco/Lofi/Synthwave,42jbIN5Zj0UUPdtmqxQRKF,edm,progressive electro house,0.896,0.339,11,-9.576,0,0.0884,0.0183,0.552,0.0311,0.389,122.106,508120
2yrJ1jWo3HLksJFUqUsZE4,The Love Club,Lorde,66,6rnzvZhe3PA57xKcKLRtJ6,Pure Heroine (Extended),2013-01-01,indie poptimism,1E5VdGGWkpDQ682gdvJAZH,pop,indie poptimism,0.794,0.493,5,-7.257,1,0.0563,0.212,0.0133,0.13,0.626,92.026,201434
2ACys0pX0SjmpQmQWzp7wt,Jersey,Future,62,1ozpmkWcCHwsQ4QTnxOOdT,What A Time To Be Alive,2015-09-20,◤ Hip Hop Dance Music – Urban – Trap – Breaking Locking Popping Bopping – WOD – World of Dance,0Hr2h94pKN8QAGVAgD6BsD,rap,southern hip hop,0.758,0.526,5,-10.81,0,0.255,0.509,0.000467,0.0913,0.312,146.054,188703
5e9lzDRWdQR6gGHjiTcg4M,Waiting For Love,Brooks,60,3epN9BAzuZDvdHqhrReb5K,Waiting For Love,2019-07-26,Electro House 2020,317O0e8iWJLClLGDKtieRe,edm,electro house,0.57,0.836,10,-4.414,0,0.0706,0.00334,0.000469,0.0909,0.712,127.917,157500
2QeCyjLDJ6qDJsCyofrEW9,Polynesia,Gazzelle,63,7dyNq0cHDxBjgYdQh4cWbH,Polynesia,2019-06-21,Musica Italiana 2020 - Playlist Pop & Hip-Hop (Canzoni Italiane 2020),6kVFIQBhLT4003iw2WWEv1,r&b,hip pop,0.783,0.726,11,-5.052,1,0.0965,0.0291,2.62e-06,0.0548,0.584,124.993,194590
48A3iXuphgaaQ3yoLeV5RJ,We Right Here,DMX,0,5I7EYZ1edjUbfyY5WR3l9X,The Best Of DMX,2010-01-01,Gangster Rap,5joQabz9ys3XPGbSx5CaKv,rap,gangster rap,0.767,0.678,9,-7.795,1,0.137,0.00731,0.0,0.314,0.635,92.923,271013
3OKdgFt9VxoUYpUXPGqowk,Presidential,Rick Ross,0,321URghwSOExYFpFwt7kRh,"God Forgives, I Don't",2012-01-01,Contemporary Hip Hop,68y3WoFJMMKDHUIpqCnoM3,rap,southern hip hop,0.466,0.777,2,-4.432,1,0.233,0.126,0.0,0.0772,0.191,163.964,249147
6oheWhUHTYSegLGV9x3BMd,Dragon - Radio Edit,Martin Garrix,2,5D8IRQ0MLsDQ5t6CMf6vWV,Break Through The Silence EP,2015-07-27,Jeff Seid Electro House,2Tisn6NZbeofpc57Oc6MGo,edm,electro house,0.513,0.917,7,-4.048,0,0.0628,0.00543,0.816,0.0592,0.145,128.024,196671
2BrfJdTXohQRtWBKsBTIp0,Por Amar A Ciegas,Arcangel,62,5MLBEmgDNIltSfxvXesq9s,El Fenomeno,2008-12-09,Reggaeton De Ayer,37i9dQZF1DWWU6Rfto8Ppm,latin,reggaeton,0.564,0.684,7,-4.719,0,0.0348,0.0461,0.000718,0.335,0.404,119.99,234027
25CnqAR7fzAQbb2SVoSa0b,I Need A Hot Girl,Hot Boys,47,6eUYT38tLl7YwqZFJm1Ulb,Guerrilla Warfare,1999-07-27,Hip-Hop Drive,37i9dQZF1DWUFmyho2wkQU,rap,hip hop,0.815,0.797,2,-6.304,1,0.186,0.0557,0.0,0.641,0.65,96.006,292840
7JG411Bqg3I54wvm7QYwxB,Shinin',DJ DMD,13,4rI0SuqUvuPKCC9TVnuntn,Twenty-Two : P.A. World Wide,1998-01-01,Southern Hip Hop,3R5c1OfJY7Rzl3p28pzGtL,rap,southern hip hop,0.772,0.663,11,-6.683,0,0.145,0.0189,0.0,0.33,0.637,84.18,289707
3NajEGiznO1cRT84v7UcRI,Criminal Mentality,Mr. Criminal,39,42nWPJrBQz18GIJta1n0iZ,Criminal Mentality 2,2011-06-14,Chicano Rap,3o3xRXWMtBMezk0E3wmtGI,latin,latin hip hop,0.547,0.904,7,-4.822,1,0.385,0.254,0.0,0.286,0.69,98.389,214627
7JGjgJOUPjyc35carv8hoh,Um Pôr do Sol Na Praia,Silva,64,1UVkJQfyY6tX2su3aLSgXO,Um Pôr do Sol Na Praia,2019-07-19,Orgulho Tropical,37i9dQZF1DWZ8fJXMbebf9,latin,tropical,0.822,0.466,2,-8.432,1,0.0407,0.284,0.00506,0.152,0.595,141.975,188416
1e8PAfcKUYoKkxPhrHqw4x,Someone You Loved - Future Humans Remix,Lewis Capaldi,69,7m7vv9wlQ4i0LFuJiE2zsQ,Someone You Loved (Future Humans Remix),2019-03-05,Pop Remix,37i9dQZF1DXcZDD7cfEKhW,pop,dance pop,0.65,0.833,1,-4.672,1,0.0359,0.0803,0.0,0.0833,0.725,123.976,189052
3V8UKqhEK5zBkBb6d6ub8i,Te Boté - Remix,Nio Garcia,80,42wLKnuGyBLGWwH89lnimL,Te Boté (Remix),2018-04-13,Trap Luv,37i9dQZF1DWTLxOkM7PwUb,rap,trap,0.903,0.675,11,-3.445,0,0.214,0.542,1.28e-05,0.0595,0.442,96.507,417920
4zkd33S3lelpqt1lyMD8u8,So High,Spada,45,6jLXQGa7zn4Trpw6nT2W7v,So High,2019-12-13,Deep Electronic Music 2020 & Progressive House,5CMvAWTlDPdZnkleiTHyyo,edm,progressive electro house,0.724,0.859,1,-6.453,1,0.0662,0.027,0.808,0.403,0.23,124.013,199427
4cJxvVC1pp010FJM1v4ssx,Dancing (Roger Thornhill Edit),Roger Thornhill,32,7Gg1expnayIuTlBOQcGnZw,"Tropical Disco Hustle, Vol. 1 and 2",2015-12-04,House/Electro/Progressive/Disco/Lofi/Synthwave,42jbIN5Zj0UUPdtmqxQRKF,edm,progressive electro house,0.681,0.671,6,-14.377,1,0.066,0.184,0.32,0.135,0.762,123.909,375912
0KpfYajJVVGgQ32Dby7e9i,"Hey, Soul Sister",Train,27,5lTCUyQrKcSmcw5ULkt75O,"Hey, Soul Sister",2009-08-06,Pop Inglés (2020 - 2010s)💙 Música En Inglés 2010s,4QAzO1Z92yqqD6Mf3mOANu,pop,dance pop,0.675,0.885,1,-4.432,0,0.0436,0.217,0.0,0.086,0.768,97.03,216667
1kPBfgw6LrlKF4A95DrWJ6,Botas y Texana,La Plebada,53,1JzBKmGquiMOsmZLXwvgCe,De Lo Más Solicitado,2019-09-11,Arena Hip-Hop,37i9dQZF1DWVFZbCNivv6B,rap,hip hop,0.838,0.688,2,-8.413,0,0.0793,0.0783,0.0,0.0748,0.706,134.01,210663
4Ptzp31UszO8vPqoSKtr8U,Memories,Cat Dealers,52,5UgZ0pTJjmfoIr6jgRtv9r,Memories,2017-07-19,🔊BASSBOOSTED🔊⚡ELECTRO HOUSE⚡🔥EDM CAR MUSIC2018/2019🔥,4GSiiL8tcMgvoV7K1IADb8,edm,electro house,0.841,0.608,10,-5.326,0,0.0402,0.00177,0.0525,0.0382,0.41,123.029,271298
69U3cSTPAkGJufskzC0qHK,"Sleep, For The Weak! - Lost Frequencies Remix",Lea Rue,27,2BvuP1GqOGMu0SVcol8IIw,"Sleep, For The Weak! (Lost Frequencies Remix)",2015-12-15,Chillout & Remixes 💜,4NlAd9NpIa92IjErMyAriM,pop,indie poptimism,0.784,0.501,7,-8.589,1,0.0415,0.256,0.075,0.0987,0.634,120.989,200331
6hVGw7yVUd2bpdHMPCWrtN,March Madness,Future,69,17jrvK2s43hnAYpays9tyb,March Madness,2015-08-31,Hip Hop Controller,37i9dQZF1DWT5MrZnPU1zD,rap,hip hop,0.406,0.661,8,-5.142,1,0.311,0.173,0.0,0.101,0.335,180.206,244613
2jghFigDjVie6Ogwt2hVGb,Let Me Love You - Sean Paul Remix,DJ Snake,0,26MHQSWHpCXQ8HGQKh3Qa3,Let Me Love You (Sean Paul Remix),2016-12-21,Electropop Hits  2017-2020,7kyvBmlc1uSqsTL0EuNLrx,pop,electropop,0.593,0.706,8,-4.798,1,0.0744,0.0208,1.83e-06,0.181,0.121,99.635,215560
1bki22ZoLCkqb0QIJ5PtJF,China Girl - 1999 Remaster,David Bowie,22,37KYBt1Lzn4eJ4KoCFZcnR,Let's Dance (1999 Remaster),1983-04-14,permanent wave,7rPsfDTqiZYIT4PVzQ4c0c,rock,permanent wave,0.626,0.642,4,-9.838,0,0.0264,0.00961,0.081,0.156,0.817,133.947,333267
4RY96Asd9IefaL3X4LOLZ8,In Da Club,50 Cent,71,4ycNE7y1rp5215g1kkqk1P,Get Rich Or Die Tryin',2003-02-06,Hip-Hop 'n RnB,0275i1VNfBnsNbPl0QIBpG,rap,southern hip hop,0.902,0.72,6,-2.776,0,0.347,0.26,0.0,0.0749,0.805,90.059,193467
7y11mfzYWqqcccZlIuLig8,Calcutta,Kura,25,6O46W0oD6BEs4eiKY5Z7Fp,Calcutta,2017-06-26,Big Room Beast,3PNyCpkY7NAXyhopBpj7vc,edm,big room,0.656,0.948,1,-3.922,1,0.0454,5.16e-05,0.741,0.406,0.253,127.982,168750
3fGn4vhiwSZB6SabYaol81,So Seductive,Tony Yayo,0,3gOuJvWSrTYXjriX03riUY,Thoughts Of A Predicate Felon,2005-01-01,Gangster Rap,5joQabz9ys3XPGbSx5CaKv,rap,gangster rap,0.569,0.869,8,-3.351,1,0.215,0.216,0.0,0.0874,0.707,96.07,209862
4tjCNQ7aCL2Ou2rJlmrTpj,"Cuándo, Cuándo Es?",J-King y Maximan,54,0TfHpRj8cscMuY7UM0eINm,Los Superheroes,2010-01-01,Fiesta Latina Mix 🎈🎉💃🏻🕺🏻☀️🏖,2kY6lVc5EcVfI5WNKmPQQG,latin,latin pop,0.826,0.745,11,-3.615,1,0.0415,0.0187,0.0237,0.163,0.605,121.002,237160
75ARkUKb54dQ86YezuoNhn,Hate To Say I Told You So,The Hives,14,4LIKns3pN21w48Yf4dA6eL,Veni Vidi Vicious,2000,Permanent Wave,5glAD13obyL0G9SH9ukBz2,rock,permanent wave,0.447,0.9,5,-6.741,1,0.0578,0.00114,0.00596,0.47,0.39,135.861,199733
4pYVwcwdWc0SaBeGpUbaja,Scenes from an Italian Restaurant,Billy Joel,0,2ox4dq2HflOZlph8QbpNHD,Greatest Hits Volume I & Volume II,1985,Classic Rock Greatest Hits,6TeyryiZ2UEf3CbLXyztFA,rock,classic rock,0.437,0.899,5,-6.392,1,0.093,0.381,0.000796,0.131,0.432,97.94,454853
18LavD1R3IO5UCtkXrRVzm,Other Side Of The Game,Erykah Badu,35,0ANbEIqol6OKQl36DYBAom,Baduizm - Special Edition,1997-02-11,Neo Soul,2YPP7fiYu5pIcp2yyHvw4A,r&b,neo soul,0.666,0.254,8,-10.64,0,0.0774,0.426,0.406,0.115,0.207,82.884,393693
5AJuPOJW3hLErTdYmP3qM6,Este Amor,Toda la Vida,35,5lYhbuNuOiC2hNlRXhjUDa,Este Amor,2017-02-07,LATIN FLOW MIX - Música Cristiana🎵,396llvvFOIB9jgPg0kqNDb,latin,latin hip hop,0.813,0.705,6,-4.21,1,0.0443,0.148,1.81e-06,0.156,0.462,99.983,199200
1iaLcGW8ffLMPFSLSGn0Zs,Symphony,Sick Individuals,63,517JKBEa4h8VceELDOHulM,Symphony,2018-10-26,"Festival Music 2019 - Warm Up Music (EDM, Big Room & Progressive House)",73uj4YmsC7SJ6SbUMTvf07,edm,progressive electro house,0.612,0.888,3,-3.796,1,0.0603,0.0374,6.95e-05,0.123,0.189,127.92,202148
7zOCMKp74Lq7ZSNn0FeWpL,Immortals - (Chris Howland Remix),Terine,14,0aBQqLsvc7zK7ZzqTi7mml,Like Kids Remixed,2017-10-28,CHRISTIAN ELECTRO / DANCE / EDM,0MhTMIo1bgH6zzPh7BdChT,edm,progressive electro house,0.824,0.612,1,-4.4,1,0.301,0.0201,0.000352,0.0968,0.623,103.976,210163
0MoB0WyFkyRFAn1CWpcvCo,Celebration,Junko Ohashi,30,10BIzys0QO4l9UQGay0iRI,THE BEST SONGS of JUNKO OHASHI,1998,City Pop 1985 シティーポップ,3j2osvmecEao5nmo9jZ5df,rock,album rock,0.732,0.76,1,-5.545,1,0.0748,0.221,0.0,0.0934,0.715,106.067,275093
6CUTYJQKcDwcQ63EulINUo,Officially Missing You,Tamia,52,43QuYbSfbTjcsghwJyUnyP,More,2004-04-05,urban contemporary,7en9i0JMyJlRFX4r4XrXXx,r&b,urban contemporary,0.476,0.407,4,-9.239,0,0.0368,0.247,0.0,0.144,0.226,178.258,242467
54vsmEMKau5ZkZay3MsIJk,Who You Are (feat. MIO),Syn Cole,53,5yqOmEyntgjAbY5GaSQrOI,Who You Are (feat. MIO),2018-03-16,Female Vocal EDM,5QaPRbVgbEcCc9jC1UxgD1,edm,progressive electro house,0.695,0.827,2,-3.13,1,0.0379,0.0724,0.0,0.0927,0.681,119.957,195000
3urRfHZCU0xtFfOlGyHzP8,Easy Baby,Mr. Pig,28,0OhLtQbo428APm9HzIejaF,Easy Baby (feat. Screamau),2017-01-22,EDM TROPICAL,3pS63EDS40FVGYL41zAcU4,latin,tropical,0.773,0.69,7,-8.322,0,0.0858,0.00266,0.00769,0.0925,0.259,124.022,255518
6iIQFnknhqitV3qJXICseF,Addiction (feat. Lil Wayne & Saweetie),Big K.R.I.T.,58,1KvZT4NZm69EkOym8rLqW1,K.R.I.T. IZ HERE,2019-07-12,The Sound of Southern Hip Hop,18jT9NMRZifv6cMtK2jWD4,rap,southern hip hop,0.607,0.618,1,-5.697,1,0.316,0.0564,0.0,0.0877,0.504,186.991,169944
3tG9UOEUNKChTsgxw92P1q,Same Old Fool - Son!k Remix,TJR,0,4IqZfaIvoKRDigGfRPJZi2,Same Old Fool,2012-09-24,Gym (Melbourne Bounce/Progressive House),5BqOZpVEqRDfZScvW1QUyA,edm,progressive electro house,0.894,0.82,1,-6.078,1,0.0625,0.000173,0.168,0.135,0.214,128.003,296356
44E4aMwLp8EosJDp8WyQe4,Como Fuego,Reyna Tropical,42,2cob5a2IGcGDa0CuYS3jLi,Como Fuego,2019-01-20,Vibra Tropical,37i9dQZF1DX3fXJqxGjuEP,latin,tropical,0.762,0.635,1,-7.027,0,0.0665,0.952,0.921,0.116,0.802,134.044,184925
0Vh90yDfWgrYRIGM7ZgWdO,Aeta,LaCrème,20,25fVTAdXQDTsN62kL1vHjZ,Aeta,2019-01-28,SINULOG Festival 2020,0COM4nZqdXC3sMjVdcaU7V,edm,big room,0.711,0.941,6,-3.991,1,0.103,0.00272,0.742,0.162,0.459,129.952,191286
5RDqj06z9J287XqeQgYZdb,Elevators (Me & You),OutKast,0,3ga2TlSBquH5TdutDARxRX,ATLiens,1996-08-27,Dirty South Rap Classics by DJ HOTSAUCE,0tLHH1C4HkWEUCXXSSjbOe,rap,southern hip hop,0.774,0.586,10,-10.434,0,0.301,0.0234,0.000726,0.0562,0.642,85.075,265200
14XWHEf6k1wfimnCCV95vZ,Do You?,Rebecca Black,41,4TaSbha13kCtGNbiRwU5QK,Do You?,2019-06-21,urban CONTEMPORARY,1nFfDHtp8RY3obgen8KODl,r&b,urban contemporary,0.575,0.126,4,-12.587,0,0.0289,0.709,2.24e-06,0.273,0.129,83.99,199146
3Pk6O7DndRfH1q6UFsCaWm,Timeless,Auxxk,17,0HEVjdBT9nYXCqmqswgdKl,Simplicity,2016-10-07,< DARK TRAP >,19WuHd4MxWLzE1fpMmw4S4,rap,gangster rap,0.665,0.446,1,-14.845,1,0.172,0.069,1.88e-05,0.323,0.117,115.282,156048
1sI0LMtBNktdYtgGMyU9CI,F**k Faces,Scarface,32,2q2wy7VKGFgSIi3q2djUFJ,My Homies,1998,90's Southern Hip Hop,2NMW1nwQYSVlXd26uLenX6,rap,southern hip hop,0.721,0.549,5,-10.98,1,0.186,0.138,2.3e-06,0.121,0.497,170.127,377573
5fsU7AtSTp0zySUf46hwbt,Just Between You And Me,April Wine,47,2jdTTnlMRfq0cWhz16FMD6,Nature Of The Beast,1981,The Sound of Album Rock,3yj9YnQGTdnFuKbDyXGDi6,rock,album rock,0.511,0.308,7,-15.021,1,0.0247,0.408,2.2e-05,0.15,0.377,83.546,235560
5BfbdJLRp9gUyyxeGJUECL,Outside,Foo Fighters,54,2qwN15acAl3sm3Idce5vK9,Sonic Highways,2014-11-09,2000's hard rock,0EmGNFBBgqLmvdQGPbgiMp,rock,hard rock,0.362,0.866,4,-6.319,0,0.0725,1.25e-05,0.312,0.0831,0.371,166.007,314573
3u9g38eyqu5eJxU4Mhhzam,This Night Won't Last Forever,Michael Johnson,43,1DxnK2IpTzpxiDWLZ1xNdK,Dialogue,1979-01-01,Soft Rock Drive,37i9dQZF1DX6TIU4D13lOY,rock,classic rock,0.621,0.439,2,-14.18,1,0.0289,0.544,0.0,0.0798,0.666,106.613,241267
5BOCqugSKgOkLBpzrGIkBz,Path,Jay Eskar,1,4JeenhcUpkBCnPBRQbQg45,Path,2019-05-24,Trending EDM by Nik Cooper,4N1ipiKR3xla8UXtE12XBm,edm,progressive electro house,0.71,0.989,1,-1.514,1,0.0716,0.032,0.0522,0.078,0.285,127.982,199189
43a41kwTMZClWCLTONiaqm,Bob Marley,Grizfolk,56,6R6Xy2gwyTO6GS1Cs4K1cI,Waking Up The Giants,2015-12-04,The Sound of Indie Poptimism,7nHgmv7uyIA1KHj6qTttjH,pop,indie poptimism,0.562,0.695,6,-4.662,1,0.0332,0.0151,0.119,0.122,0.446,118.174,216067
4exKBPywrjt5lTMhBhpD1G,Trouble,R3HAB,46,7rXJOnBDZk3yPmpMXFNsPZ,Trouble,2017-09-15,Tropical House Run 190 BPM,37i9dQZF1DWSTc9FdySHtz,latin,tropical,0.744,0.595,9,-6.076,0,0.0782,0.181,5.89e-05,0.148,0.56,94.92,173203
6o4nVtywF4F75RkOcDxrtd,With That (feat. Duke),Young Thug,60,0BsMZIueWsJLWng8A7sE8e,Barter 6,2015-04-16,RAP Gangsta,1Z1gW89x4MSBjkvVjGg7DQ,rap,gangster rap,0.751,0.597,9,-6.59,0,0.125,0.0659,0.0,0.0881,0.159,123.997,202533
5Op9PcisNc0oGnS4dysmbu,Shine A Light,Bryan Adams,53,3oFEUoJSqKrOgDKE3kHfwP,Shine A Light,2019-03-01,Classic Rock Now,37i9dQZF1DX0fWtUuB7bFE,rock,classic rock,0.552,0.858,0,-3.942,1,0.0386,0.000735,7.55e-06,0.178,0.69,126.961,206027
4hLGvFqsCM5z3714dbEDVV,RUN,Kardinal Offishall,42,0TV9ECPnibvqk023pQ34tB,RUN,2019-06-04,Rap Workout,37i9dQZF1DX76t638V6CA8,rap,hip hop,0.592,0.87,1,-4.55,1,0.27,0.00432,0.0,0.0596,0.794,90.065,234851
6Ius4TC0L3cN74HT7ENE6e,Wet Dreamz,J. Cole,78,7viNUmZZ8ztn2UB4XB3jIL,2014 Forest Hills Drive,2014-12-09,Smooth Hip Hop,7ozFIvz1bE1HPgQTUl5qfT,r&b,hip pop,0.504,0.705,6,-8.205,0,0.364,0.0752,0.0,0.128,0.584,175.483,239320
381g0b6QZxC13SzA2HRMIc,Power Up,Red Velvet,65,5zWa1ZEUBctbKqvwXbFawo,Summer Magic - Summer Mini Album,2018-08-06,K-Party Dance Mix,37i9dQZF1DX4RDXswvP6Mj,pop,dance pop,0.732,0.934,8,-4.618,1,0.144,0.0774,0.00745,0.306,0.898,159.998,202040
3MKQkpRVkcGWiGo1HH5hz4,Pressure - twoloud Radio Edit,Dirty Rush,18,3wsN3pQeMxqcvjwhhOjAB4,Pressure,2015-03-23,Epic Bass Drops,49EXQVXh5k1t8SOhmUeyU7,edm,big room,0.627,0.949,5,-4.129,0,0.0384,0.000824,0.687,0.366,0.45,127.968,159779
2iNjzjmZPOojZ2AP00Ww92,Signs Of Gemini,Prince of falls,41,6LfUSQspKzcBEt2Tjduf0M,Till We Feel Something,2019-08-30,Rap Party 24/7 Radio / Gangsta Rap,4sGnz2x5tbHE2YlW1nemfb,rap,gangster rap,0.775,0.417,1,-9.429,0,0.0514,0.122,0.0,0.108,0.714,115.998,157440
3mQ6SLdxxaL52Yte7KF2Ks,Morado,J Balvin,82,7ynTaSXD9esXkgY0GG8UFd,Morado,2020-01-09,Todo Éxitos,2ji5tRQVfnhaX1w9FhmSzk,pop,dance pop,0.881,0.696,11,-3.838,0,0.0797,0.137,4.13e-05,0.0927,0.781,97.002,200667
14KzU7j0dtHmGK2uswevMx,Ella,Esmé,19,0qdTtPwwuTVLI24HScXFxx,Ella,2019-08-09,Neo Soul / Modern Jazz / Smooth Hiphop,07SNJ4MwYba9wwmzrbjmYi,r&b,neo soul,0.714,0.508,0,-8.197,0,0.0362,0.0911,0.0,0.167,0.379,136.419,189383
3qLpCWS4DBUtRG7rKRrwGZ,Happy Holiday,Faith Evans,37,4OlCa1kTyE2DBcU4ZfBQhX,A Faithful Christmas,2005-01-01,Christmas Soul,6FZYc2BvF7tColxO8PBShV,r&b,neo soul,0.303,0.582,1,-7.612,1,0.0474,0.131,0.0,0.489,0.432,74.814,319147
5GkHz6iL6D20kI3bUG5PcI,Esperanza,Control Machete,28,7HgtmenilcpT51uM8aY0vv,"Artilleria Pesada, Presenta:",1999,Mexican Gangsta Rap,28Ke4pXWqF2A5b2GfQ1pQt,rap,gangster rap,0.695,0.684,10,-6.538,0,0.0491,0.133,0.00736,0.12,0.513,83.744,311840
6oFd2c2UiVfFBTIJiFVfz6,Howl At The Moon - Radio Edit,Stadiumx,0,2PbxYpEOoknsPzrr0nkkSJ,Howl At The Moon,2014-03-10,Fitness Workout Electro | House | Dance | Progressive House,6KnQDwp0syvhfHOR4lWP7x,edm,electro house,0.514,0.934,10,-3.201,0,0.0992,0.0525,0.00089,0.137,0.182,127.953,183750
4BxzNZpcm1j3JczZzGNe2k,Bandoleros,Don Omar,67,4SJhZBuuLYlwUJGxWf8Pj0,The Fast And The Furious: Tokyo Drift (Original Motion Picture Soundtrack),2006-06-20,Reggaeton Classics,37i9dQZF1DX8SfyqmSFDwe,latin,reggaeton,0.662,0.896,5,-5.311,0,0.251,0.318,0.0,0.186,0.79,90.622,305280
3NxjPAciuwddPmhuvR2xjO,homesoon.,jamesjamesjames,38,72RPcI0gbsxX4cYzJjWQdv,homesoon.,2019-12-27,Electro Posé - Discoveries,6nZaTh6K1SwhdELFTmA99C,edm,electro house,0.753,0.497,8,-12.92,0,0.0453,0.172,0.862,0.139,0.108,124.986,235000
29kl2eX6jqxcYrnIGCWdVK,Show Me Love,Above & Beyond,47,5cqwXF2j9LkvFInBFlnQd3,Balance,2019-10-25,"Festival Music 2019 - Warm Up Music (EDM, Big Room & Progressive House)",73uj4YmsC7SJ6SbUMTvf07,edm,progressive electro house,0.46,0.878,4,-5.203,0,0.0437,0.022,0.508,0.157,0.454,128.017,211655
0E0ZAWynZx0CutIg4rb8q3,Red Right Hand - From 'Peaky Blinders' Original Soundtrack,PJ Harvey,50,1EwgB1o0qsNwnCzhRiThr6,Red Right Hand (From 'Peaky Blinders' Original Soundtrack),2019-10-23,Permanent Wave,5Go0Jsxj1UnsU7Om841BEo,rock,permanent wave,0.241,0.0695,7,-21.218,1,0.0439,0.986,0.00686,0.0863,0.0374,169.846,170693
6ElANRiS4S25oIn361o8Ye,Trend,Sidhu Moose Wala,52,07LkboydJU8NSoNXkviZfJ,Pbx 1,2018-10-18,Hip Te Hop,37i9dQZF1DWTqYqGLu7kTX,rap,hip hop,0.626,0.725,7,-5.482,1,0.207,0.0755,0.0,0.245,0.556,179.953,221818
23TPP1eeElFfvYVznskwCY,Glitter,BENEE,79,6pTMhQX8gt1xegiIwo3Ekb,FIRE ON MARZZ,2019-06-28,Pop Hits 2020,5TDtuKDbOhrfW7C58XnriZ,r&b,hip pop,0.801,0.589,7,-5.157,1,0.0485,0.0863,0.0,0.162,0.58,116.934,180147
0bl3loogtnE6ssdEGb9GCn,I Heard It Through The Grapevine - Single Version,Creedence Clearwater Revival,1,1QRhshZbhwQPx2ooj27aXX,Creedence Covers The Classics,2009-01-01,70's Classic Rock,76lrxCrKrGDkDDf3SVPnl3,rock,classic rock,0.917,0.649,2,-7.972,1,0.0419,0.131,0.00115,0.0536,0.752,117.626,231000
7e3gyE1cDH1xjfHtorqh23,You're Not The One,Ray,4,3CjrM7lAzd90cbjcVGRjkX,Made To Be Free,2018-04-06,Tropical Vibes,37i9dQZF1DX6RA5ZrA5a23,latin,tropical,0.747,0.854,5,-5.048,1,0.0405,0.0502,0.0,0.119,0.762,118.005,221475
52UKAGhxfKuctrJOpymVtr,Sick Little Games,All Time Low,0,6El6xMovbnBhHOxN2ukzbk,Nothing Personal,2009-07-06,Pop Punk | Post-Hardcore,1YgWQAs1s77NzieIH4ARKn,pop,post-teen pop,0.478,0.802,11,-4.298,0,0.0333,0.00478,0.0,0.32,0.473,96.974,216560
2tW2Kn1IGFFVfRVnQE2UaQ,In My Mind (feat. Georgi Kay) - Axwell Radio Edit,Ivan Gough,61,7itE3cK3ye649qjIcsgGNu,In My Mind (feat. Georgi Kay),2012-05-22,2011-2014 House,53Ga3Xt9fumdJfhNNSBvzU,edm,progressive electro house,0.51,0.831,7,-4.514,0,0.0606,0.0435,3.14e-06,0.346,0.376,128.025,185625
5QPBftyzwq0cR4urKmASUd,Hoy Se Me Olvida,Chucho Rivas,49,61m0MH9BQYHXRV4wbL6RbL,Amarte y Perderte,2019-11-29,Latin Pop VIP,37i9dQZF1DX1QnNyJOBQBv,latin,latin pop,0.627,0.752,4,-6.975,1,0.277,0.0356,0.0,0.11,0.603,198.106,171020
4Cn3jeDKxrpxJwRjbc5GFB,Beauty and Madness - 1993,Fra Lippo Lippi,54,60cN1bj9bawIUInhKaAums,The Best Of,2003,Permanent Wave CHDB,2foj4ZYVHRGqSd1aMqNPBj,rock,permanent wave,0.453,0.183,10,-14.54,1,0.032,0.955,0.000313,0.149,0.44,100.174,281240
2aIdVb8v9KTpEZnftkz2mD,Buy U a Drank (Shawty Snappin'),T-Pain,76,44Z1ZEmOyois0QoAgfUxrD,Epiphany,2007-06-05,Hip-Hop Drive,37i9dQZF1DWUFmyho2wkQU,rap,hip hop,0.451,0.55,1,-8.137,1,0.262,0.0108,0.0,0.0737,0.594,80.001,227960
5ztchKx1kmWXmc6fN6pNsm,My Corduroy Hat,Neighbor Susan,41,2uopgtrU7zwNzow9ZY8kzo,My Corduroy Hat,2019-12-25,The Edge of Indie Poptimism,5vIdb67lQcdFwoVkE4UMep,pop,indie poptimism,0.566,0.675,9,-8.063,1,0.0305,0.000603,0.0134,0.0757,0.385,139.981,264009
5prhnDp2J8AYdZd53LFqpP,Seek Bromance (Avicii Vocal Edit),Tim Berg,0,1vOqOo6segextLMs0l6ZCJ,Ballermann Club Hits 2011,2011-03-11,Selected House,2JPzPB9jnvJLAYtmCbvZy8,edm,progressive electro house,0.511,0.79,1,-3.576,0,0.0408,0.0938,0.0,0.116,0.512,125.968,200973
1Gi5QPlpbDNDJUGvMemBJM,Ghetto Cowboy,Mo Thugs,43,0X18Lbb2IFjbJt1vBHR2H6,"The Best of, Vol. 1",2018-03-23,Minitruckin Playlist,0VVH2Nzj6kBVGK3WIUQMAw,rap,southern hip hop,0.701,0.574,0,-7.823,1,0.18,0.000351,0.00134,0.0713,0.196,170.268,325460
0oHO4SzupiDdp9OU1hu8AK,Phoenix,Blasterjaxx,41,5WjzVnQwZSmLnpwCaCYjrg,Phoenix,2018-01-15,BIG-ROOM NEVER DIES !,4QtO2XySphMOJt7pX0yaVi,edm,big room,0.602,0.901,8,-5.144,0,0.0412,0.00108,0.45,0.144,0.0376,128.063,203437
2VsKJODsXzU1NtoFYIh9FM,Crossfire / So Into You,Nai Palm,54,4b6uW0x09FkRSqadcioB1u,Needle Paw,2017-10-20,Neo-Jazz Soul RnB & Afro,48AzM7l4M02DBYd2N3IFLP,r&b,neo soul,0.484,0.367,9,-8.459,1,0.0374,0.925,0.00069,0.109,0.377,81.038,268187
13VWHWIIVckG3bHq6oduFJ,Jet - Remastered 2010,Paul McCartney,8,5WDwQd1NNzitecaWN7BoUB,Band On The Run (Standard),1973-12-05,The Black Album,0KNLLunbFh9XgitPMOGmQg,rock,album rock,0.504,0.739,9,-7.265,1,0.0316,0.0179,0.08,0.0949,0.417,128.918,248360
1p4rYrxjVkj6v2eMzRhLfA,Arrullo De Estrellas,Zoé,68,3UZ0vtpq3mGcr4J0kjveSD,Programaton,2013-01-01,②⓪①⑨ mixed,2bOjjgN1S3Gqd8vSMyafvJ,rock,permanent wave,0.459,0.764,5,-7.001,1,0.0359,0.326,0.22,0.0743,0.384,81.503,252693
4kAJawkLZj4Q7N5521ofP6,With Or Without You - Remastered,U2,24,2qKmY7yt0kXdzSQxYAu9eZ,The Joshua Tree (Deluxe Edition Remastered),1987-03-10,keg party jukebox,4PjiT7SWnUsTTTvKOuR76f,rock,permanent wave,0.538,0.432,2,-11.882,1,0.0295,0.000185,0.309,0.139,0.116,110.181,295520
380vwKxkPp73hCveD9obIJ,Loose Lips Sink Ships,The Band Royale,30,49YK7dxOmqDk7644XsOSwP,The Band Royale,2020-01-01,Modern Indie Rock // Alternative Rock / Garage Rock / Pop Punk / Grunge / Britpop / Pop Rock,1VnvyBDqoV5TCZAnXYferL,rock,permanent wave,0.302,0.979,8,-5.279,1,0.127,0.000223,0.326,0.104,0.194,159.968,246844
5kj0QS2Eh0c4MKMvfBDij2,Next Level - Nicky Romero Edit,John Christian,0,5UFKGqQemed8aiSYc3c3YP,Next Level (Nicky Romero Edit),2014-06-09,2011-2014 House,53Ga3Xt9fumdJfhNNSBvzU,edm,progressive electro house,0.733,0.986,5,-2.148,0,0.23,0.00791,0.888,0.36,0.435,127.986,312246
4zzi2eD2cEPpQ3a307mPPj,Billie Jean,The Civil Wars,64,3N99UWfASH8iTQqGoFV7q5,Between The Bars (EP),2012,Bluegrass Covers,37i9dQZF1DX56crgoe4TG3,r&b,hip pop,0.532,0.203,9,-8.524,0,0.0668,0.829,0.0,0.108,0.543,89.646,259920
12GnlylbGCoHldjYsMoz0C,All I See - Pomo Remix,Bondax,36,0kEPgrArOSYiAvB40qmnNG,All I See (Remixes),2014-10-17,Groovy // Funky // Neo-Soul,0JmBB9HfrzDiZoPVRdv8ns,r&b,neo soul,0.71,0.735,10,-4.733,0,0.188,0.0134,0.00112,0.216,0.627,115.753,237253
5Hq99Ds2YzuyoTaBdvXZml,Long Gone,Akon,27,3ZpfQDwafNdaEUnbWVHIlM,Koncrete Vol. 1,2013-12-17,Pop 2009-2011,3gV6KQYZKIuoWml0094vx6,latin,latin hip hop,0.544,0.397,10,-8.943,1,0.0271,0.656,0.0,0.238,0.507,130.083,253448
1XqmGsszezEWzARNFEYdV3,Got You Babe - Erlandsson Remix,Hogland,1,00wq3NzuxxDBc0tXtZGda9,Got You Babe (Erlandsson Remix),2017-07-21,Crossfit‏‏​​   ‍,5GiPRvTccToqwOzkoAcDrY,edm,electro house,0.573,0.794,7,-4.315,1,0.252,0.0901,0.0,0.277,0.425,128.004,176265
0DBIL8arX0Zo6eAuxNIpik,Bump n' Grind,R. Kelly,61,11UWeyxXNreHeZwEViqs3y,12 Play,1993-11-07,R&B 80's/90's/00's,2Ey63yNQeC9Yto7JwX9BGJ,r&b,new jack swing,0.621,0.481,11,-8.016,1,0.0371,0.0984,0.0,0.241,0.679,65.004,256133
4Gt53ktThfaImqOOdyDC3V,You're Mine - Original Mix,Oscar and the Wolf,52,1pk6krb7wBXOPYKrbPHbRz,Electronica,2015-11-20,Techno House 2020 👽 Best Collection 👻 Top DJ’s Electronic Music - Deep House - Trance - Tech House - Dance - Electro Pop,3QEYvCsVXZj8KuzE0bDmcI,edm,electro house,0.741,0.461,10,-9.59,0,0.0373,0.0344,0.503,0.0933,0.174,107.984,329467
1CmOc5SaNBaH3uXhLt15FX,Kaleidoscope World (feat. Krista) - Radio Mix,Jenil,16,2OChnuKihk5H2gDP2XTFKM,Kaleidoscope World (feat. Krista),2019-01-21,URBAN NATION,4EKXjB5zlv2DpTS84h407H,r&b,urban contemporary,0.689,0.857,1,-7.278,1,0.057,0.0182,0.344,0.07,0.173,128.005,175006
4YW2Fr25fHwUt6qgvM1iE1,Nota de Amor,Wisin,59,7vUJAdvDYXhjf1p0P2yIxh,Los Vaqueros: La Trilogía,2015-09-04,MIX LATIN POP°,6IS6XTdbS9qJZgfjNKgpB8,latin,latin pop,0.806,0.929,10,-3.017,1,0.121,0.263,0.0,0.0622,0.602,97.99,232373
5KA6S4auXremQLoBIsKprz,Bow Down,Westside Connection,51,3llZpeXGCVbJN51XZMhFYh,Bow Down,1996-10-22,90s Gangsta Rap / Top Hip-hop Classics,0C2zyPdlkbWHrwVg9gqNdU,rap,gangster rap,0.892,0.455,9,-11.206,1,0.292,0.0181,0.0,0.344,0.473,92.885,206933
4hyZR3YZVYH2jJewwke9ja,Super Human,Tobi,43,0v2LqWh4kY7MwNpme76mJE,Super Human,2019-11-13,Trapperz Argentina,37i9dQZF1DWXrVH01e3PIE,rap,trap,0.745,0.612,8,-4.282,0,0.0557,0.51,0.161,0.0939,0.619,170.0,177890
5KmwE6KlFaQn4Une3LTrhs,Gemini Feed,BANKS,1,2mLbfPeIaZumIDctB6HZar,Gemini Feed,2016-08-02,Deep-deep Bubble Pop,744VClUYfFnZCDPcOUkg5G,pop,indie poptimism,0.768,0.649,11,-6.29,0,0.0845,0.188,0.000615,0.14,0.522,102.006,186333
7z72BGlsE21horfWo8hG4d,Rewind (feat. Sophie Strauss),Wingtip,3,37OQTAUlRrqwirt2DNpLb6,Rewind (feat. Sophie Strauss),2016-09-20,Today's Hits (Clean),7ENISpOJhocpMJVcGb0qcT,r&b,hip pop,0.66,0.625,8,-7.123,0,0.0689,0.114,0.000233,0.172,0.283,100.025,197330
055gPMFqjFak8WbagTBSOU,Let This Be,Jack Rose,46,3OaHY0v2eiJ9d0JgoUhRTQ,Let This Be,2019-12-20,Great Pops,5SO7xYih5w8X5FEpKvU7Rt,latin,latin pop,0.573,0.626,5,-8.901,1,0.0507,0.24,0.0,0.187,0.638,153.101,217493
7vFdDL6rEnsQ3FwKUMhVKY,Heartbeat,Sheyna,37,5qlcD91YAh09kqYobSyJff,Heartbeat,2019-11-22,EDM 2019,1T0ed6Mg0QIruHvcoWWIKy,edm,pop edm,0.54,0.669,7,-5.834,0,0.0421,0.11,2.97e-06,0.0883,0.194,123.818,175067
1soECbw2IFdWt5W8Rb4uG7,Payasos,Romeo Santos,66,1yM8iaMk4Slsqr94LabgN1,Utopia,2019-04-05,Paraiso Tropical,37i9dQZF1DWYey22ryYM8U,latin,tropical,0.855,0.698,10,-4.511,0,0.0447,0.245,0.0,0.347,0.906,124.057,203427
09qIdioXLJPGXAM9zsy20v,Aprovecha (feat. Daddy Yankee),Nova y Jory,58,3EnaZ9NS7K6avHw6TfOUta,Mucha Calidad,2011-07-12,Reggaeton De Ayer,37i9dQZF1DWWU6Rfto8Ppm,latin,reggaeton,0.624,0.772,7,-4.687,0,0.165,0.178,0.0,0.11,0.589,172.014,222240
0YOVFzGazR21xDobJvGkxx,Stranger In My House,Ronnie Milsap,44,0MnLZDAy1Z0PmA7rex304k,Ronnie Milsap Sings His Best Hits For Capitol Records,1996-01-01,HARD ROCK CAFE,55ybnG2z8rpTIerRfnCsw6,rock,hard rock,0.655,0.63,7,-8.601,1,0.0265,0.00397,0.000575,0.183,0.636,111.917,253360
5q6iykOAJ0N2fe7wvj0r3A,Through People Like Me - Chris Howland Remix,Mass Anthem,39,5hD1dXOyGkApOTXsjxw0jm,Through People Like Me (Chris Howland Remix),2018-06-08,Christian Dance Party,37i9dQZF1DWUUPO0Sbx2CM,pop,dance pop,0.692,0.726,8,-5.598,1,0.035,0.0204,0.0,0.0659,0.437,99.982,207600
6aGjEZ7kq3YXgD0EDt80O5,Live While We're Young,One Direction,70,5SxEsi1PNyo1XfEKDYcFKF,Take Me Home: Yearbook Edition,2012-11-09,🤩🤪Post Teen Pop🤪🤩,6IT8LGpwLw3Pt2XnVUBN7j,pop,post-teen pop,0.658,0.837,2,-2.063,1,0.0543,0.0629,0.0,0.0969,0.936,126.015,200187
127uq83uGFapbddqiMUKky,Sexy Bitch (feat. Akon),David Guetta,72,5DJc5qCdB5pPrDO97LXjeW,One More Love,2010-11-22,post teen pop,6rjxP7GQKoqqgoakzxl3PY,pop,post-teen pop,0.813,0.627,11,-5.018,0,0.0486,0.076,0.000616,0.131,0.801,130.011,195853
1RTvfARVlo7MdZln3xDamz,Like a Lion - Reyer Remix,Reyer,18,3uP3ufwg4FE7HHj2vrkjF5,Like a Lion,2017-11-16,CHRISTIAN ELECTRO / DANCE / EDM,0MhTMIo1bgH6zzPh7BdChT,edm,progressive electro house,0.672,0.789,7,-9.354,0,0.0659,0.00928,0.00739,0.0801,0.237,124.999,182410
2xuke1OBFKsOJbsionFKUk,No Podrás,Cristian Castro,58,2rbcVsVBBzCi3gVdVj9Tji,The Best Of…,2016-10-01,Latin Pop Classics,37i9dQZF1DX6ThddIjWuGT,latin,latin pop,0.663,0.882,10,-4.627,1,0.0284,0.0182,0.000157,0.423,0.789,117.717,245573
2G2yZspUEByEgiGCAAW3ue,Losing Sleep - Kat Krazy Remix,John Newman,0,2qxorHcjyvIslJatHk2rfT,Losing Sleep,2013-12-12,Vocal House,5PCAWKfUWAUj8VeY8G7xRQ,edm,progressive electro house,0.649,0.935,0,-2.739,0,0.0574,0.318,0.00361,0.321,0.662,126.994,230886
7oGRkL31ElVMcevQDceT99,Tchu Tchu Tcha (feat. Enrique Iglesias),Pitbull,33,4aawyAB9vmqN3uQ7FjRGTy,Global Warming,2012-11-16,"Hot Latino Mix (Latin, Hip Hop, Rap, RnB, Dancehall, Reggeaton, Afro)",3hR2R6szlkwZeGyclTgHcF,latin,latin hip hop,0.638,0.809,8,-5.418,1,0.114,0.0175,0.0,0.0975,0.44,126.072,205800
3dYD57lRAUcMHufyqn9GcI,Take Me To Church,Hozier,80,0Uv83rRhY5QvHKkQoULRKk,Hozier,2014-07-20,Post pop teen,222nc9tKxKhfZ2GBrOpwH3,pop,post-teen pop,0.566,0.664,4,-5.303,0,0.0464,0.634,0.0,0.116,0.437,128.945,241688
45Egmo7icyopuzJN0oMEdk,Love Lies (with Normani),Khalid,79,4CEAev7neETRdqBFtzA8B9,Love Lies (with Normani),2018-02-14,Pop Inglés (2020 - 2010s)💙 Música En Inglés 2010s,4QAzO1Z92yqqD6Mf3mOANu,pop,dance pop,0.708,0.648,6,-5.626,1,0.0449,0.0956,0.0,0.134,0.338,143.955,201707
02DoXNeIVYvONhTk1fGQrz,Nothing Really Matters - Afrojack Remix,Mr. Probz,52,5d7WVFuTwxrJ72NLQMQD1x,Nothing Really Matters (Afrojack Remix),2015-02-20,EDM - pop remixes,0cvVad4XizGbOS0vlwZYS5,edm,pop edm,0.656,0.752,4,-5.622,1,0.0378,0.354,1.1e-05,0.0707,0.477,128.029,199247
5ecZWU5uQOiCVSnPxBZNmT,7 Things - Single Version,Miley Cyrus,61,0Yu3czJNOQ68fZgkvpjuHL,Breakout,2008-01-01,post teen pop,45AKTTGQEfYgAyidW5hucn,pop,post-teen pop,0.59,0.903,1,-4.478,0,0.0363,0.0232,0.0,0.0786,0.542,107.023,213453
0szKeS5WTmnMzFIgJCQllo,It Don't Come Easy,Ringo Starr,42,30HX2qhSInJL0rxjH4F1mE,Very Best Of,2007-01-01,The Black Album,0KNLLunbFh9XgitPMOGmQg,rock,album rock,0.628,0.738,7,-7.082,1,0.0298,0.0838,0.00012,0.287,0.649,123.063,181880
2kBHv0gFA2iheTUXmPB9e1,Under Control,The Internet,51,69g3CtOVg98TPOwqmI2K7Q,Ego Death,2015-06-26,NEO-soul,3q3M4VCymcMoxJ3Tl7mRqN,r&b,neo soul,0.706,0.714,7,-6.134,1,0.061,0.327,0.0111,0.185,0.503,98.003,244293
5SwEgzUFDHwpWHKrbnP32Z,Youth feat. Khalid,Shawn Mendes,11,6AjREacSERvnQTe6GFTx3c,Shawn Mendes,2018-05-25,Post Teen Pop,2Aud8PXoTGcyY5esHu4Aaz,pop,post-teen pop,0.518,0.596,6,-6.653,0,0.124,0.569,0.0,0.133,0.326,100.28,190867
2VnKo1kUEFkM5CwzsreulS,RideOut,enjo,49,0i2BugEZOry3RpeCA9kJSA,EnjoyLife,2017-08-04,Lush Lofi,37i9dQZF1DXc8kgYqQLMfH,rap,hip hop,0.78,0.327,10,-8.763,1,0.136,0.915,0.689,0.112,0.388,82.027,79024
28Val6Yko2x2iJQ9YlG789,Call Out My Name - The Four Performance,Leah Jenea,42,0ol42AMaaMzeJSYg6gp0IB,Call Out My Name (The Four Performance),2018-07-19,Urban contemporary,1ZlL3IQS8eB0s0RMxz02yD,r&b,urban contemporary,0.705,0.42,3,-7.176,0,0.035,0.131,0.0,0.16,0.277,133.962,193712
5WyuRWUcOOhAic0tj9Pl28,Satellite of Love,Lou Reed,61,5SqbMEyAt8332ISGiLX0St,Transformer,1972-12-01,Classic Rock Retrogamer,6gUFdcGzKAHyDXY9TKC6cP,rock,classic rock,0.458,0.502,5,-10.186,1,0.0294,0.442,5.51e-06,0.299,0.571,121.861,221120
31G7eQpneJAn4lj5jbdGQ1,Cardiac Arrest,Bad Suns,0,4b7DQiUFRpmHKVfiAIxp5e,Language & Perspective,2015-01-30,indie poptimism,1E5VdGGWkpDQ682gdvJAZH,pop,indie poptimism,0.616,0.88,1,-3.59,1,0.042,0.0521,0.000717,0.0539,0.751,94.011,182518
152lZdxL1OR0ZMW6KquMif,Location,Khalid,82,6kf46HbnYCZzP6rjvQHYzg,American Teen,2017-04-27,urban CONTEMPORARY,1nFfDHtp8RY3obgen8KODl,r&b,urban contemporary,0.736,0.449,1,-11.462,0,0.425,0.33,0.000162,0.0898,0.326,80.126,219080
0OP1RzrglC008kj79Httv3,Zorra,Bad Gyal,77,6Syxhy1xpKZXWO8KPm34G3,Zorra,2019-12-12,Todo Éxitos,2ji5tRQVfnhaX1w9FhmSzk,pop,dance pop,0.637,0.65,11,-6.646,1,0.186,0.682,2.2e-06,0.0786,0.736,176.075,186120
2vNw57KPaYDzkyPxXYUORX,Nightrain,Guns N' Roses,61,3I9Z1nDCL4E0cP62flcbI5,Appetite For Destruction,1987-01-01,This Is Guns N' Roses,37i9dQZF1DX74DnfGTwugU,rock,album rock,0.4,0.992,6,-6.995,1,0.0725,0.107,0.0113,0.179,0.243,149.41,266173
3XBlxEYza2r2GqIiQTbH07,Let There Be House (feat. Chuck Roberts),Mosby & Stinson,33,7cNtyJBSsk8WU0uzNhYwIr,Let There Be House (feat. Chuck Roberts),2020-01-03,EDM House & Dance,5CTzufLc0f6MufjKYrIaoO,edm,pop edm,0.691,0.72,7,-5.404,1,0.296,0.0033,0.12,0.273,0.523,124.955,186000
3HYXqOAm2Q8b2OyYqzv8d4,101,WALLA,49,2JJJHPnEkjM2quRLB0vnYl,101,2015-01-19,random playlist that can't decide its genre so go ahead jam along with these catchy tunes,49qyKvg6UAQAvIMUIGMnP3,pop,indie poptimism,0.71,0.827,0,-5.244,1,0.032,0.0437,1.28e-05,0.0896,0.833,110.003,203500
0kPIrtp3youhat1nkmPACX,Write It Down,Hamzaa,51,04QYg0Crlk7ZQDEtUuR6zi,Write It Down,2019-10-30,Global Top 50 | 2020 Hits,1KNl4AYfgZtOVm9KHkhPTF,latin,latin hip hop,0.499,0.578,10,-5.126,0,0.0874,0.352,0.0,0.0785,0.353,164.004,215041
3CUz9uazoEvF9kS8rloHGI,Good Together - Jarami Remix,HONNE,28,5ZTt0G6Vf7RTQNdy2KHutv,Good Together (Remixes),2016-10-14,Groovy // Funky // Neo-Soul,0JmBB9HfrzDiZoPVRdv8ns,r&b,neo soul,0.754,0.504,5,-8.236,0,0.198,0.173,0.0,0.146,0.363,105.949,230519
0kHEr6iF9m7mrkTjv9pbZ6,Polaris,Ghostemane,53,4pzCKSWYNM2yUWrNvycC6e,Hexada,2017-09-05,< DARK TRAP >,19WuHd4MxWLzE1fpMmw4S4,rap,gangster rap,0.649,0.772,11,-5.332,0,0.133,0.717,0.00305,0.103,0.0294,109.973,219749
7DnrADDBDIIXw2ZlU5q49W,Dumptruck,Wilson,55,4rmzbSTWvNnPwVL21u7bdd,Tasty Nasty,2018-08-24,Hard Rock Workout!,5nQrMpkyWmxPX0gk74htMk,rock,hard rock,0.491,0.87,2,-4.327,1,0.0443,4.49e-05,0.000145,0.0607,0.21,103.072,217720
5eM7BYfmKceIm5Dv4FjacW,Уведи меня за собой,Chester Nebro,21,6tY7ew15vBQP6qE9dDRqZG,Уведи меня за собой,2018-03-23,Russian Gangster Rap,0u0qLLE8MZc679RZWCk1TT,rap,gangster rap,0.595,0.837,7,-6.104,0,0.0752,0.465,0.0,0.216,0.313,102.005,238824
2eTvRNPaHrW4lRuFaPiVSp,What's Goin' On,Vigiland,45,27J8NLg3g0te9HFHSbicPz,What's Goin' On,2018-12-14,Fresh EDM | Progressive House | Electro House | Trap | Deep House | Electronic | Future House/Bass,0FCHg9zJMNNiOokh3hVcxd,edm,progressive electro house,0.797,0.724,8,-7.238,1,0.0584,0.000127,0.918,0.054,0.306,125.028,192500
3EADyGIBYk9m26FABcv18T,Closer - Speaker of the House Remix,Elephante,0,38pt0kvOiol4MXsEIFRdwj,I Am The Elephante Remixes,2016-12-14,Indie Poptimism,2QiMewRbSavfZ9MSAYz2h6,pop,indie poptimism,0.696,0.784,11,-7.2,0,0.071,0.216,0.00108,0.417,0.276,111.985,245357
7cz506PyIgh2bMN90Mc8Tn,Boasty (feat. Idris Elba),Wiley,74,7JoyVaXzxpgTPjkgB8mWk3,Boasty (feat. Idris Elba),2019-01-22,Latin Village 2019,3JcJCsvBnRsA6oc7eUYDSB,latin,latin hip hop,0.887,0.765,2,-5.207,1,0.0669,0.00915,0.000872,0.0907,0.456,102.958,177186
7LfXCNzYnWfTeDRDe1sU08,Tuve un Sueno,RKM,42,7j07WDJHBIEwhu7mkbT9bI,The Royalty,2008-09-09,Reggaeton De Ayer,37i9dQZF1DWWU6Rfto8Ppm,latin,reggaeton,0.77,0.732,4,-6.459,0,0.0618,0.269,0.00681,0.101,0.736,87.992,189507
2u7tDWQ6LX0Kw1LiK1jaok,Calypso,Luis Fonsi,64,5C0YLr4OoRGFDaqdMQmkeH,VIDA,2019-02-01,Pop Latino 2019 - Mix Canciones Reggaeton & Pop Latino - Pop En Español 2019 Musica Para Bailar,5ifDekrUt5lbSIMTSzNNqB,latin,latin pop,0.863,0.84,1,-3.7,0,0.0587,0.158,0.0,0.368,0.934,109.977,200973
4BGfM7Faj0dyEnSuaOw67j,I Fall in Love Too Easliy,Caleb Belkin,62,1z2EULhFIYioLEV4K6DEHp,Discography,2017-07-16,Saxophone in Hip Hop - R&B Lounge - Jazz Rap,2ujrP2rPxu8ao7wNeG1ZOY,r&b,neo soul,0.662,0.349,5,-14.022,0,0.214,0.637,0.00213,0.124,0.234,141.951,139691
2N4idqj9TT3HnH2OFT9j0v,Still Beating,Mac DeMarco,66,6XzoFb3hP14jVQeCMRdVJR,This Old Dog,2017-05-05,Indie/Jazz Poptimism,6OaTudLqBEuTyUMPxRNpZc,pop,indie poptimism,0.709,0.496,1,-10.528,0,0.0417,0.581,0.195,0.151,0.469,78.477,181587
2anaAv8v48ZGZTyESqIoma,Donde Estabas Anoche,Aymee Nuviola,44,3C8gpstu54klHUzxjo17y7,Donde Estabas Anoche,2019-01-25,Paraiso Tropical,37i9dQZF1DWYey22ryYM8U,latin,tropical,0.75,0.879,0,-3.606,0,0.0412,0.503,6.35e-05,0.104,0.898,105.012,238712
7d7nFnedVJnEeeGMMNhyKC,Run To The Hills,Iron Maiden,0,1BiC2uDlpjUyCY4ZGybdfA,Somewhere Back In Time,2008-05-13,80s / Classic Rock,29dTrOurPDrMcrnio2q6hZ,rock,classic rock,0.223,0.952,0,-4.635,1,0.0861,0.0123,0.000446,0.216,0.472,173.487,233407
1InzTnM9CRkVlrRzVqbo2P,Mohabbat,Kaam Bhaari,53,50a68Hd5GrW2yQuDB5zBRv,Mohabbat,2019-10-05,RAP 91,37i9dQZF1DX1ct2TQrAvRf,rap,hip hop,0.696,0.759,0,-8.851,1,0.158,0.0862,0.00062,0.141,0.895,120.034,194000
4hXUJb211iP2iuyoh4eV44,Forever My Lady,Jodeci,0,5Wj6LFb7HSezkDwJuuwk8p,Back To The Future: The Very Best Of Jodeci,2005-06-07,"Back in the day - R&B, New Jack Swing, Swingbeat, RNB..etc.",3a9y4eeCJRmG9p4YKfqYIx,r&b,new jack swing,0.695,0.721,9,-7.899,0,0.0363,0.142,0.0,0.512,0.746,117.993,315160
0RnDu3eYJqbFKz6MHv2ajd,Poison,Bell Biv DeVoe,48,2QC1IsQIUNdEz0zgWanPkN,20th Century Masters: The Millennium Collection: Best of Bel Biv DeVoe,2002-01-01,New Jack Swing - 90s R&B fused w Hip Hop,79xd4wnVuKZK4rJMsL2wPa,r&b,new jack swing,0.841,0.701,6,-6.365,0,0.192,0.00215,0.00268,0.627,0.802,111.857,262027
4b2tcjrG1qUkSdsqEFP2dB,Sun Is Shining,Axwell /\ Ingrosso,71,6Ei5WWek37m1x9AjpSXTcJ,More Than You Know,2017-07-28,Pop Warmup 130 BPM,37i9dQZF1DX3PIAZMcbo2T,pop,dance pop,0.467,0.757,2,-3.01,1,0.0517,0.0866,0.0,0.0742,0.383,131.993,254653
3rMyZL6J4t2EeZKMTD1UaI,No Le Temas a el Beat,Trebol Clan,50,6kxEyPFl15uT2I8LGtS4nF,The Kings Of The Beat,2004-11-23,Reggaeton Classics,37i9dQZF1DX8SfyqmSFDwe,latin,reggaeton,0.672,0.54,9,-8.096,0,0.063,0.0192,0.815,0.19,0.208,172.013,215440
5909VernmFpmjtNuYmEvm6,Get To Me,Jay Dixie,35,2MXVJ38I5ggmH5ZdfvdiGZ,Get To Me,2019-05-17,Tropical House 🌴,06zrBJ5cts5aemZmqe80J7,latin,tropical,0.783,0.626,2,-6.512,1,0.35,0.408,4.56e-06,0.3,0.709,119.703,211010
56sk7jBpZV0CD31G9hEU3b,Animal I Have Become,Three Days Grace,72,4ZDwEvXIKxWdwhAQK8ndBU,One-X,2006-06-25,Hard Rock Workout!,5nQrMpkyWmxPX0gk74htMk,rock,hard rock,0.553,0.853,8,-3.668,1,0.0339,0.000684,0.0,0.126,0.506,122.023,231400
2MFB0iJptgZtQGUz0PezFa,Love U Show,Jamie Jones,0,4NUc05FSKWS2bZuy70jjCB,Jamie Jones,2005-06-28,Gospel Neo Soul,2wP2UAYC4Nqb6oUXkMJlAz,r&b,neo soul,0.549,0.51,6,-8.055,1,0.218,0.289,0.0,0.152,0.535,170.128,269000
0xtIp0lgccN85GfGOekS5L,Yes I'm Changing,Tame Impala,69,79dL7FLiJFOO0EoehUHQBv,Currents,2015-07-17,②⓪①⑨ mixed,2bOjjgN1S3Gqd8vSMyafvJ,rock,permanent wave,0.373,0.609,0,-7.0,1,0.0316,0.108,0.000427,0.0755,0.354,179.955,270680
1gVgkQFOKa8Wc1HYsJtPdH,More Than Words,Extreme,67,7DKHQxJTI32UyCdDdGwvRC,Extreme II - Pornograffitti,1990-01-01,Permanent wave,0tOy7ZY4E2PadXIyj8zU43,rock,permanent wave,0.626,0.134,6,-14.898,1,0.0298,0.467,0.0,0.113,0.239,91.893,334107
6nVH9xeaOrcQlQJjnMoVXs,Glamour Queen,KAATO,25,3Viw6bM3UUMxQv1lAhhzaM,Slam!,2019-03-27,"Classic Rock 70s 80s 90s, Rock Classics - 70s Rock, 80s Rock, 90s Rock Rock  Classicos",3Ho3iO0iJykgEQNbjB2sic,rock,classic rock,0.4,0.941,1,-5.96,1,0.105,9.54e-05,2.24e-05,0.296,0.339,135.021,288097
4u4u3QrWa2oLUNlWMluXoX,Entiéndelo,Liricistas,34,63omHJ4nXcWaKS4OyW7fxF,Entiéndelo,2018-02-02,HIP-HOP: Latin Rap ['89-present],5fWgI0IJ1el5NB1sZ0Egsx,latin,latin hip hop,0.672,0.842,4,-5.155,0,0.279,0.331,0.0,0.129,0.586,85.526,260055
5BfleIMgLlfeqG5yqKyHz0,Rattle - Original Mix,Bingo Players,1,4xxZarmnfs4ythQYh70Afj,disco:wax Presents: Spinnin' Records Volume 01,2012-08-06,Epic Bass Drops,49EXQVXh5k1t8SOhmUeyU7,edm,big room,0.744,0.956,7,-4.797,1,0.052,0.00161,0.85,0.339,0.542,127.996,286907
3hwl1Cum23MWL62FykUifP,I'm Not Sorry,Hardwell,45,40Mzv4x4XudQHLIWy7CiF4,I'm Not Sorry,2019-03-08,Epic Bass Drops | Best House Mixes,4IS7o1utOzhimFEFnj9gmu,edm,progressive electro house,0.649,0.82,4,-3.812,1,0.0558,0.121,0.0,0.0771,0.349,128.096,186094
7kigmgx2tJJsZHKaa2QC0w,Low Rider,War,36,4Y6E7J6tgFTcKCyvaktj5R,The Very Best Of War,2003-01-01,70's Classic Rock,76lrxCrKrGDkDDf3SVPnl3,rock,classic rock,0.815,0.676,0,-9.68,1,0.047,0.0825,0.662,0.0508,0.991,139.764,191333
0vnzk4L0JyMODSqLp3pHwo,Virtual Diva,Don Omar,57,5tOWTmiFfFhNUuYntiopu8,Virtual Diva,2009-01-01,REGGAETON VIEJO,31hG19URdBvLEpQWKFYfdD,latin,reggaeton,0.783,0.87,8,-4.657,0,0.0485,0.185,0.0,0.393,0.692,114.012,242733
4YadTW1sjIjzBjSgbLosqf,Bounce Generation - Original Mix,TJR,19,76AlAJ6mIyHfjzhOMesV5m,Bounce Generation,2014-06-02,Gym (Melbourne Bounce/Progressive House),5BqOZpVEqRDfZScvW1QUyA,edm,progressive electro house,0.746,0.997,2,-1.631,1,0.169,0.000572,0.159,0.17,0.27,127.991,228765
3UygY7qW2cvG9Llkay6i1i,Going Under,Evanescence,69,02w1xMzzdF2OJxTeh1basm,Fallen,2003-01-01,Permanent Wave,2ExyzXAbukW7I8bDqdGvPB,rock,permanent wave,0.37,0.858,11,-4.885,0,0.0545,0.00815,2.12e-05,0.229,0.464,175.077,214947
3AOcvuNATM2cnmsNf1q0T9,Kindergarten,chloe moriondo,57,4WFmbiXl83NHKlqQqrPXSj,Kindergarten,2020-01-10,The Pulse of Indie Poptimism,5qFXOOxrQVyS4UCq3UilZN,pop,indie poptimism,0.692,0.285,7,-14.687,1,0.106,0.548,0.0,0.0978,0.278,119.949,145625
1SwE3FURO4wYshsLRggtfv,Money - 2011 Remastered Version,Pink Floyd,11,6uGYCZLXw3wPFOSYcqLz9F,The Dark Side Of The Moon (2011 Remastered Version),1973-03-16,Blues Rock,56dbowk1V5ycS5jW7DSvi5,rock,classic rock,0.469,0.537,9,-10.421,1,0.152,0.0241,0.00201,0.269,0.783,124.193,382834
33NEAJosK5zyLY2D4OG7AE,SLAY (feat. Quavo),YG,61,5IYvKd22yQkJRfoIStesbX,STAY DANGEROUS,2018-08-03,Chixtape 5 - Tory Lanez,0UXwwVDipbBQeEX7h4YuKU,r&b,urban contemporary,0.735,0.44,10,-7.647,0,0.0469,0.0682,0.0,0.33,0.239,87.985,284693
63pQm5g0IXLckrv9X3KEyX,Stereo Hearts (feat. Adam Levine),Gym Class Heroes,59,30AG0X0C5Gl5zrm5TsAqlH,The Papercut Chronicles II (Deluxe),2011-11-15,A Loose Definition of Indie Poptimism,4ZO0wp9G8FA3X6oYNBzda6,pop,indie poptimism,0.646,0.795,9,-3.293,1,0.0976,0.0319,0.0,0.267,0.796,89.99,210960
0HPD5WQqrq7wPWR7P7Dw1i,TiK ToK,Kesha,80,6fpLLJsDSSAlToEDW2jv4F,Animal (Expanded Edition),2010-01-01,Pop Inglés (2020 - 2010s)💙 Música En Inglés 2010s,4QAzO1Z92yqqD6Mf3mOANu,pop,dance pop,0.755,0.837,2,-2.718,0,0.142,0.0991,0.0,0.289,0.714,120.028,199693
2ZHSpSskzs566yYbUGegyX,Bedroom Floor - Cash Cash Remix,Liam Payne,42,7yMFUcepUeFjkHKKSrkUaP,Bedroom Floor (Cash Cash Remix),2017-11-24,Pop EDM Remixes,4aUEH3uhbofktrFkXOOaKj,edm,pop edm,0.633,0.866,5,-3.165,0,0.0826,0.0643,0.0,0.345,0.372,122.067,211230
7zTvQp4PtrffInC7SeYp8y,Holding On To You feat. Savoi - Halogen Remix,Two Can,0,6PRAEB09c0H8t7JcKlluCp,Holding On To You [REMIXES],2016-11-28,Tropical Beats,37i9dQZF1DX1bDvyV0IkZ3,latin,tropical,0.57,0.878,9,-6.131,0,0.0955,0.146,7.78e-06,0.227,0.158,125.98,217635
2wibvZtPbMFbZf2lOwnzeK,Street Life,Randy Crawford,45,4sov1EPXc6Vnh7gx14vqIN,Best Of Randy Crawford,2011-08-08,The 1950s/1960s/1970s/1980s/1990s/2000s/2010s with pop/r&b/soul/boogie/dance/jazz/hip hop/hop/rap.,1S7BckuYIkEazeNKOSM0uA,r&b,urban contemporary,0.658,0.757,10,-8.751,0,0.0455,0.0904,0.0076,0.188,0.808,107.418,256613
51nO9XptljAx7nzYYDFCXe,Say Damn,who.am.i,37,7EJ1XtJVPkvhekWB8kYOMw,Say Damn,2019-11-06,Bounce United,08QTrfsYYouffgnPjmllAQ,edm,big room,0.794,0.652,7,-4.869,1,0.248,0.00265,0.0,0.0865,0.734,97.031,171772
0UFLbtupYWaDGMS4io94Ml,Once I Had A Love (AKA The Disco Song) - Remastered,Blondie,48,0N12rQBwFaD13ELCuEmUDl,Plastic Letters,1978-02-01,I didn’t know perm stood for permanent (wave),3e6gYPyrTbaB8BWgSHCt5j,rock,permanent wave,0.749,0.512,1,-9.595,0,0.0466,0.0488,6.84e-05,0.111,0.499,98.691,238973
5nE8cbCDUX2mA2np9smrSH,U Can't Touch This,MC Hammer,0,4UlVly6YQYyuikD0dGUx1z,90's Top 100,2010-01-01,"Swingbeat (old skool), New Jack Swing, R&B, Hip Hop, Urban",3krpccUV68nBGAQbvHEZDC,r&b,new jack swing,0.844,0.755,11,-8.876,0,0.0907,0.00355,3.98e-06,0.298,0.906,133.159,256453
6BBfG9FiwJhRVMCd9IYl6c,In The Middle,dodie,58,6xeFX3yRvaEV7ny5WKZ4cA,You - EP,2017-08-11,indie poptimism,1E5VdGGWkpDQ682gdvJAZH,pop,indie poptimism,0.823,0.52,5,-12.873,0,0.0831,0.364,0.00434,0.0772,0.685,111.028,181633
17b1GpKUrevAQuhmS9koTh,Kandi,One Eskimo,36,4qbHrUIRvv2DzhfeMJmquB,One eskimO,2009,Sexy Soul 2020,5EMARioe9z9eKOeWIAC2JW,r&b,neo soul,0.586,0.717,3,-6.512,1,0.0434,0.566,0.0,0.0994,0.432,179.955,242760
1eduDdsjMO7Or4EXnMf2iS,How Do You Want It,2Pac,66,4CzT5ueFBRpbILw34HQYxi,All Eyez On Me,1996-02-13,Southern California Hip Hop Primer,206vi9Q0p3juAU73flxPsz,rap,southern hip hop,0.763,0.84,8,-3.704,1,0.0929,0.0346,0.0,0.0601,0.748,92.477,287547
6x9YqifhoOc10bPCB6ABRs,Drop the Hammer,Rev Theory,42,5QjgB5xyudjuADDyVLB3Vu,Drop the Hammer,2019-10-08,Rock Hard,37i9dQZF1DWWJOmJ7nRx0C,rock,hard rock,0.424,0.946,4,-3.633,0,0.148,4e-05,0.289,0.0619,0.425,164.967,189273
1l32xprL1vhaCYPZe3Jkxn,Darte,Alex Rose,64,3H3QfLA2Btw30jKlXFZeB9,Sexflix,2018-03-27,Trap 2020 🔥,37DFLy7lqF3qiR99Ss2ZGR,rap,trap,0.77,0.553,4,-6.267,0,0.208,0.189,1.41e-06,0.108,0.41,155.025,239341
7ITYbJNGY3ZwwQx8rdIIv0,No Discussion,A.Heard,12,7bF2kS21qDEZGCtngdTOU5,No Discussion,2018-09-14,Smooth Hip Hop,7ozFIvz1bE1HPgQTUl5qfT,r&b,hip pop,0.466,0.839,1,-3.759,1,0.314,0.0312,0.0,0.0648,0.387,202.493,230235
6SpLc7EXZIPpy0sVko0aoU,Misery Business,Paramore,71,71rziY9eLo1tA2dBMxrwhc,Riot!,2007-06-11,post teen pop,2ltt5ouiEO301o2jbxn30d,pop,post-teen pop,0.517,0.906,1,-3.677,1,0.0735,0.00272,9.26e-06,0.113,0.731,172.977,211520
4qaa8K8DVVRR50Fnwugiil,How You've Been - Black Caviar Remix,R3HAB,36,4zmoUW1ueB0aDB5lh8mjeA,How You've Been (Black Caviar Remix),2018-09-14,Electropop 2019,4Bi8VLtaSu0JILliif8lH6,pop,electropop,0.75,0.832,11,-7.082,0,0.0403,0.000165,0.0402,0.103,0.277,118.005,199322
0BknVuf853LEmEzTEO3LY4,Ten Crack Commandments,The Notorious B.I.G.,1,2sRdk7s8ObFBEn3ZoPmE5r,Life After Death (Deluxe Version),1997-03-04,90s Gangsta Rap / Top Hip-hop Classics,0C2zyPdlkbWHrwVg9gqNdU,rap,gangster rap,0.655,0.699,8,-9.432,1,0.636,0.0457,0.0,0.256,0.734,174.121,204067
58fdemGY4fTjdB37nTPGRk,It's Not My Cross To Bear,The Allman Brothers Band,0,47JEuhxr6EgINeiUMSn0lu,Gold,2005,Southern Rock/Classic Rock,0QUlq0LMDVXSBtbyYLTyZh,rock,classic rock,0.412,0.376,6,-13.204,0,0.0384,0.602,0.0335,0.579,0.472,127.521,295600
7lkA5h8ejsPjZcLHdGiHdr,GOAT,Ari Lennox,0,0R01104UGyy7aipFxdedQv,PHO,2016-10-21,Neo-Jazz Soul RnB & Afro,48AzM7l4M02DBYd2N3IFLP,r&b,neo soul,0.539,0.587,8,-5.27,0,0.287,0.367,0.0,0.108,0.783,70.489,147107
6Alp0TKptNKc1vkdr8LvVJ,"Know No Better (feat. Travis Scott, Camila Cabello & Quavo)",Major Lazer,4,3aM83lEPSXKv5RnM43e8T9,Know No Better,2017-06-02,Electropop Hits  2017-2020,7kyvBmlc1uSqsTL0EuNLrx,pop,electropop,0.738,0.814,7,-4.414,0,0.0999,0.132,9.64e-06,0.126,0.483,119.041,225850
3NNRDMmQzPjaUWNyAJb3bB,Electric Chair,Prince,32,2FwzHgJ4XaPhC19Y0uL6SK,Batman,1989-06-20,New Jack Swing | The Best 👌,3m4z6komWDtKly3Q1FvFmN,r&b,new jack swing,0.549,0.744,0,-11.395,1,0.0758,0.0787,0.04,0.0892,0.823,202.461,248867
0UcoGDfyRvyd9xr0168ym9,Amor Narcótico,ChiChi Peralta,6,5T29t6GK83ntYYu3kjUMar,Pa' Otro La 'o,1997-07-01,Latin Pop antiguo,4BmnnqWEQAamNoVjtjrQJP,latin,latin pop,0.708,0.691,3,-10.279,1,0.129,0.458,0.0,0.0787,0.641,111.876,316960
3vdb5GCE9MRsRcHf3t8UdQ,DM,The Rudeboyz,46,0eDayH6fHg4EM7QUpHXsLY,DM,2019-04-12,Todo Reggaeton,4csIMGPI3aGo3Xy7WG8jBi,latin,reggaeton,0.844,0.675,5,-3.251,0,0.0737,0.302,0.000357,0.184,0.771,96.031,215000
090ms18zjVKStTJbbzYRy9,Everything,Mike Gudmann,38,3u5yJuw90SEPMa8HI3YOJX,Everything,2019-09-06,Bounce United,08QTrfsYYouffgnPjmllAQ,edm,big room,0.761,0.681,2,-6.467,1,0.49,0.075,7.97e-06,0.622,0.209,127.993,143564
3XsqFFCOn6oPKt4GCod2wP,Mañana No Hay Clase (24/7),Sebastian Yatra,71,05scfuex0ddbQHMlsSTXNq,Mañana No Hay Clase (24/7),2019-10-24,Todo Reggaeton,4csIMGPI3aGo3Xy7WG8jBi,latin,reggaeton,0.779,0.728,2,-2.586,1,0.187,0.0191,0.0,0.266,0.824,179.971,202080
4fM3IUQ9kh3fYh2Ni1iPZU,Gone Are The Days (Radio Edit),Grand Slam,29,7ffNT1CQQKFVb7jTFvIsJB,Gone Are The Days,2019-09-06,Classic Rock Now,37i9dQZF1DX0fWtUuB7bFE,rock,classic rock,0.5,0.92,8,-4.198,1,0.0444,0.000264,0.0,0.383,0.651,139.987,216352
3vrw4MWkszWdFlCmJfpkv2,Por fin ya veo la luz,Carmen López,41,4N0hKY0m2vNKEcci2nxuRT,Enredados (Rapunzel) OST,2011-01-01,Post teen pop,7jQHOrErpLMStcUUSavQWR,pop,post-teen pop,0.31,0.167,5,-14.525,1,0.029,0.856,0.0,0.0766,0.226,98.343,224227
3noZh3GynRLHd9QxtbmAyX,Runnin' Down A Dream,Tom Petty,49,3q6Bz38jmqRDkXI7j5Hb9Y,Greatest Hits,2008-05-20,Classic Rock Drive,37i9dQZF1DXdOEFt9ZX0dh,rock,classic rock,0.463,0.923,9,-9.567,1,0.0355,0.0014,0.433,0.479,0.788,169.964,263213
0U7Hho5psdKZwyC8HMHxfq,Ruckus in B Minor,Wu-Tang Clan,41,1eFLCXEcuThN3QpMffhfvy,A Better Tomorrow,2014-11-28,Contemporary Hip Hop,68y3WoFJMMKDHUIpqCnoM3,rap,southern hip hop,0.484,0.913,4,-4.631,0,0.444,0.333,0.0,0.589,0.621,92.715,324733
0uVyZywUNOp6S0dU5r8TS8,Prayer in C - Robin Schulz Radio Edit,Lilly Wood and The Prick,69,1SrvubPy1Dg2BWJyTMcmgr,Prayer,2014-09-16,ElectroPop,0cuHKz65ZPqBX1brG8djlg,pop,electropop,0.76,0.886,9,-5.356,0,0.0258,0.0219,7.43e-06,0.623,0.78,123.002,189399
3cU2wBxuV6nFiuf6PJZNlC,Dear Future Husband,Meghan Trainor,71,5W98Ab4VvQEuFEE4TIe5fE,Title (Deluxe),2015-01-09,post teen pop,45AKTTGQEfYgAyidW5hucn,pop,post-teen pop,0.655,0.782,1,-4.789,1,0.185,0.375,0.0,0.317,0.832,79.427,184227
0xxfzwOmUyh7MFcBC1xFoY,The Trill Connection,DJ DMD,11,4rI0SuqUvuPKCC9TVnuntn,Twenty-Two : P.A. World Wide,1998-01-01,Southern Hip Hop,3R5c1OfJY7Rzl3p28pzGtL,rap,southern hip hop,0.809,0.782,7,-5.422,1,0.24,0.0225,1.66e-05,0.186,0.69,153.806,253627
60XMmxciP1qewvkcD16qKQ,Déjà Vu,Katy Perry,53,0UlbGi4oAth8s6rwaGSU8Z,Witness (Deluxe),2017-06-09,Post Teen Pop,2Aud8PXoTGcyY5esHu4Aaz,pop,post-teen pop,0.636,0.607,9,-6.895,0,0.064,0.318,0.000751,0.094,0.165,120.063,197840
3twQx3psUMJKj4wna5d1zU,Trap Queen,Fetty Wap,48,67ji7he2Wbq7qjF2SeowDz,Trap Queen,2014-12-15,BALLARE - رقص,1CMvQ4Yr5DlYvYzI0Vc2UE,pop,post-teen pop,0.746,0.873,7,-3.803,1,0.128,0.0244,0.0,0.354,0.817,148.075,222093
6BtmXhTJMM9sBTHeYYASGz,It's Time,Imagine Dragons,66,6htgf3qv7vGcsdxLCDxKp8,Night Visions,2012-09-04,"post-teen alternative, indie, pop (large variety)",1y42gwI5cuwjBslPyQNfqb,pop,post-teen pop,0.656,0.884,2,-4.748,1,0.0372,0.0162,0.0,0.145,0.86,105.009,237987
4qhDzoE6Ih7tab9s6aNTmY,I'm America,Cilver,44,3RqYNNv5x12ofgrq2zI97A,Not The End Of The World,2016-04-29,Badass Rock,44bkJI1QGkT2O0GYJSsbkp,rap,southern hip hop,0.459,0.932,9,-2.251,1,0.0569,0.0274,3.1e-06,0.0829,0.58,166.017,222173
4I8Ln1FQJcGROtwxRXqtqy,Whisper so Loud - Roxy Tones Remix,nourii,48,5913FtSb4jcNHpIACJHMVY,Whisper so Loud (Roxy Tones Remix),2019-07-05,Tropical House 2020,2oivDYqm1dQK4KbwVJTaf6,latin,tropical,0.711,0.689,4,-6.435,0,0.0581,0.107,0.000358,0.0768,0.611,114.975,178565
1p1bI4uv0hxFmzfF57no5F,Sun Is Dark,Noize Generation,0,0gw3a4kThbLUcoyMfForTy,Sun Is Dark,2018-10-12,EDM 2019,1T0ed6Mg0QIruHvcoWWIKy,edm,pop edm,0.729,0.884,9,-5.302,0,0.0492,0.00552,0.176,0.316,0.721,124.974,149177
5YzaostcCu9Sgp5T7bFuX3,Juvenile,The Blaze,59,56X6IaIoNEfqxAvGb9St58,Territory,2017-04-07,Permanent wave 🌊,0QN4FeJQ1mpCygRg9r2JIK,rock,permanent wave,0.63,0.554,9,-9.675,0,0.0256,0.00393,0.829,0.145,0.119,127.013,203693
1ExfPZEiahqhLyajhybFeS,The Lazy Song,Bruno Mars,70,1uyf3l2d4XYwiEqAb7t7fX,Doo-Wops & Hooligans,2010-10-05,Today's Hits 2000-Present,6a66cg3HcsjYkisYyQcov6,latin,latin hip hop,0.738,0.804,11,-3.851,1,0.0621,0.332,0.0,0.279,0.949,174.943,190213
0symbiCfmFvJDJgR6y8gkf,(You're My One And Only) True Love,Seduction,30,7ruxozNKlzgbD011lL9xc6,Nothing Matters Without Love,1989,80's Freestyle/Disco Dance Party (Set Crossfade to 4-Seconds),1oReEujyWpQv2OX68BVPPA,latin,latin hip hop,0.659,0.65,10,-12.115,0,0.05,0.0139,0.0028,0.0625,0.672,104.407,230267
5CXdKtyCJ3L6iyexETMdaW,Fire,Saravah Soul,5,2mB951rZswhDEvyP8t9TLW,Cultura Impura,2010-07-05,Permanent Wave,5Go0Jsxj1UnsU7Om841BEo,rock,permanent wave,0.523,0.754,2,-6.408,1,0.206,0.18,1.59e-05,0.342,0.744,169.29,215400
5nAJ9W0RqCDzG9IgOfhqKx,Mister Mister,Balduin,37,7AIkgj5CchrLCLb3eSGeCL,Mister Mister,2016-05-20,Electro Swing Top 100,5M7xLCQTYJL0lbKIrUn3a4,edm,electro house,0.893,0.748,7,-5.596,0,0.051,0.311,2.59e-05,0.37,0.897,118.042,192000
20UdW4qyeOmKa9YaOcv9WX,Need You,Dillon Francis,49,7B4Pi4VqcLri1acgYdXDjY,Need You,2016-05-06,Epic Bass Drops,49EXQVXh5k1t8SOhmUeyU7,edm,big room,0.721,0.925,4,-3.208,0,0.196,0.00171,0.0545,0.547,0.37,111.961,197442
5we20HGQuDFTnpmOtawm96,Ride,Madison Mars,46,4hqc7qwVOK7C6hr5a46slt,Ride,2019-02-15,Fresh EDM | Progressive House | Electro House | Trap | Deep House | Electronic | Future House/Bass,0FCHg9zJMNNiOokh3hVcxd,edm,progressive electro house,0.632,0.858,8,-2.686,1,0.0586,0.396,0.000385,0.117,0.429,120.05,188000
1SXaNlT88KkWotaPlJwosb,One,Fates Warning,34,6lNHGyqPf6b8qQxamd3uFw,Disconnected,2000,Progressive Rock / Metal - Rock /Metal  Progresivo,7GhTpb4eOp6403Bmgqz3db,rock,album rock,0.528,0.879,9,-5.343,1,0.0545,0.0018,0.000111,0.209,0.553,90.062,266413
1WcnFCRTDDEmyXwAZC4rGI,Sheet Music - Episode 02,Vince Staples,59,6JmxEBw8F70kglARriocdW,Sheet Music (Episode 02),2019-10-31,Alternative Hip Hop,37i9dQZF1DWTggY0yqBxES,rap,hip hop,0.858,0.646,8,-7.127,0,0.267,0.0274,0.0,0.0752,0.738,144.964,137856
1tUuMjAJR9vBu2vNWvlYmy,Zebra,John Butler Trio,48,4v8fleThkidEttSVVdle6p,Sunrise Over Sea,2005-03-01,L' ALBUM ROCK,0jilq2XZP9F2fwzp2k6iXK,rock,album rock,0.622,0.642,4,-6.996,1,0.0451,0.124,0.0426,0.165,0.767,78.594,237560
07F7zczrjCccG67nrFl3ai,Million Years,Gareth Emery,0,3Zm13AWIMBpJbwFzenqy9V,Drive,2014-04-01,Female Vocal EDM,5QaPRbVgbEcCc9jC1UxgD1,edm,progressive electro house,0.245,0.705,1,-6.932,1,0.0628,0.0252,0.00132,0.043,0.07,127.916,243278
1TqlivP51FBxN9Oa69kNjd,Wait for You,Innerbloom,42,6whCdJIkqofionpFnGbJFc,Wait for You,2019-11-26,The Edge of Indie Poptimism,5vIdb67lQcdFwoVkE4UMep,pop,indie poptimism,0.213,0.693,5,-4.868,1,0.0492,0.615,0.000108,0.192,0.134,165.571,240000
6hjOykTyuvJmXUkOnr9Iu8,Our Revolution,Within Shadows,26,01U3A4v42WpUKLrLLG6IlQ,Face to Face,2019-06-19,Hard Rock Workout,3YouF0u7waJnolytf9JCXf,rock,hard rock,0.554,0.994,11,-1.554,0,0.165,0.0027,0.0,0.137,0.221,100.021,237558
65Hr0W5AvzhUlIlJvvJS9M,Never Gonna Let You Go,Tamia,32,3PFEg7sWLEMuS3nyTIguEV,Tamia,1998,urban contemporary,7en9i0JMyJlRFX4r4XrXXx,r&b,urban contemporary,0.669,0.451,8,-7.263,0,0.0273,0.657,0.0,0.277,0.425,111.934,241067
5EAzOhzM3pEnfASMteI0Zo,"Super Sin Capa (Remix) [feat. Secreto El Famoso Bibero, Lirico En La Casa, Musicologo & Bulova]",El Super Nuevo,38,0wNIab64dVewzk9hszwby5,"Super Man Sin Capa (Remix) [feat. Secreto El Famoso Bibero, Lirico En La Casa, Musicologo & Bulova]",2018-07-18,REGGAETON ANTIGUO 🔥,42E6uFhL4e2nXmbmeigwXb,latin,reggaeton,0.871,0.739,11,-6.956,1,0.0617,0.0314,3.45e-05,0.124,0.303,115.059,313728
3Z2sglqDj1rDRMF5x0Sz2R,3005,Childish Gambino,6,0zi2TaQkYxfXIBvl2yTjQJ,Because The Internet,2013-01-01,Hip Hop Controller,37i9dQZF1DWT5MrZnPU1zD,rap,hip hop,0.473,0.461,6,-6.474,0,0.333,0.149,0.0,0.0973,0.615,165.985,234213
4jRGCR89tUVCQ3A6wnBhef,Wir trauen uns was,Hertzinfarkt,0,5SI0KLQpRsTSWYGTlKqf0O,Stell lauter,2012-11-30,Gothic / Industrial / Mittelalter / EBM / Futurepop / Gothik / Electropop,53CmFroG6MWR5reOOXJX6B,pop,electropop,0.791,0.756,0,-8.538,1,0.0341,0.00959,0.0423,0.112,0.681,128.065,192053
2EWg5vyWthxFUFRtcwpnpo,Magic,Yung Bae,38,1HPiMWP73QOQEk0Cwx3rXg,B4E,2017-02-24,Japanese Funk/Soul/NEO/Jazz/Acid,4zNayWuATXCAA9gaXvnFnq,r&b,neo soul,0.718,0.912,5,-5.757,0,0.284,0.0404,0.00028,0.195,0.798,118.198,195254
03r8a51GORTXZSBCaiGILV,El Tren del Sabor,Tony Succar,40,21Q82X4xEiZNbFHEmhZTX3,Mas De Mi,2019-05-24,Paraiso Tropical,37i9dQZF1DWYey22ryYM8U,latin,tropical,0.823,0.846,5,-4.529,1,0.107,0.204,2.38e-05,0.0872,0.925,106.54,279573
15ea10YpJIl3mJq75yzqsD,Jigsaw Falling Into Place,Radiohead,64,7eyQXxuf2nGj9d2367Gi5f,In Rainbows,2007-12-28,Permanent Wave,5Go0Jsxj1UnsU7Om841BEo,rock,permanent wave,0.461,0.833,11,-6.082,0,0.0481,0.105,0.00419,0.0741,0.808,165.635,248893
2nTT6AoxJnuVrncBzbyWnk,Fire,Türküm,41,6zr0YmPSudPjRxaYMPMNpW,Fire,2018-09-21,Trap Mojito,37i9dQZF1DX1OIMC8iDi74,rap,trap,0.569,0.757,10,-7.364,1,0.124,0.0317,0.00163,0.112,0.219,150.134,185600
16ko8IV4T1jta7o77evpKO,Dope! (aka: She's Dope!),Bell Biv DeVoe,12,7fvZ8AoIw7ZGPBnNVosIcE,Bell Biv DeVoe Greatest Hits,2000-01-01,New Jack City,6RLvj5OnEuPzI1P02KwnzK,r&b,new jack swing,0.758,0.785,9,-9.444,0,0.0554,0.00723,0.000311,0.267,0.518,108.296,221800
1yMG008wSCUFil9EkD4gb3,The Last Generation,Coyu,31,0ExNoMp5jBoNC9oDgT4yQT,Coyu Raw Tracks Vol. 2,2018-08-20,Underground Party | Hypnotic | Minimal | Acid | Big Room | Tech | Liquid,29jj7pQlDqnWclbHQk21Rq,edm,progressive electro house,0.792,0.834,7,-10.188,1,0.0504,0.000791,0.915,0.103,0.0284,130.005,406150
0cGR1le8zMJWt8WcgCyRpv,Father O'Blivion,Frank Zappa,37,3EbtMJsHbspjhN6Xd4plIu,Apostrophe('),1974-03-22,Permanent Wave,5Go0Jsxj1UnsU7Om841BEo,rock,permanent wave,0.447,0.888,6,-9.892,0,0.175,0.247,0.034,0.82,0.679,146.235,137653
378yquDsw6F67Dgq9tnQ0X,Sideshow,Jutes,53,6N88QT6Jc2WIg1OpZj8CWZ,Sideshow,2019-11-01,Sad Trap,7kzKtw5vug3IIxKfLadi8A,rap,trap,0.645,0.844,1,-5.783,1,0.086,0.0168,0.0,0.0957,0.756,160.049,139712
7ewtBCQfNha1hzKCubsufW,Not Guilty - 2004 Mix,George Harrison,34,5LEZHIvSR7NRc9J4ojDUwU,George Harrison,1979-02-20,The Black Album,0KNLLunbFh9XgitPMOGmQg,rock,album rock,0.712,0.295,4,-12.449,0,0.0328,0.778,0.00116,0.112,0.276,113.077,214933
05iMQqncVBIm4AE26EvaTL,Andar Conmigo,Julieta Venegas,69,3pNoZEMsLO0HZygvwaXANB,Si,2003-11-18,Latin Pop antiguo,4BmnnqWEQAamNoVjtjrQJP,latin,latin pop,0.77,0.585,0,-8.06,1,0.0285,0.3,0.0,0.116,0.912,116.994,193373
5zGZt4xazXtNXhwEAnSWUV,Al di là dell’amore,Brunori Sas,61,2i5DN40FjQdbWNk4mkLl6X,Al di là dell’amore,2019-09-19,Musica Italiana 2020 - Playlist Pop & Hip-Hop (Canzoni Italiane 2020),6kVFIQBhLT4003iw2WWEv1,r&b,hip pop,0.697,0.731,7,-4.629,1,0.0413,0.017,0.0,0.0758,0.718,99.995,204924
4LFwNJWoj74Yd71fIr1W8x,Right Here Waiting,Richard Marx,75,0Zf6FJVyK6qUxmg1WMNruG,Repeat Offender,1989-01-01,80's Songs | Top 💯 80s Music Hits,65HtIbyFkaQPflCa4oW8KO,pop,electropop,0.395,0.252,0,-13.589,1,0.0301,0.8,0.0,0.101,0.126,177.679,264333
0lstGz2advSx5VqY8olvzt,London,AJ x Deno,67,5pjvJBFRifoHaGIPOXHjus,London,2018-05-03,Rap Workout,37i9dQZF1DX76t638V6CA8,rap,hip hop,0.743,0.651,8,-4.452,0,0.176,0.0316,1.83e-05,0.0942,0.511,137.184,228042
3tyUh8UpK0PVu00AjbP1UG,Brown Sugar,D'Angelo,4,1Owp8VOaFEk4r7zkvGOHmE,Brown Sugar,1995-07-03,90s R&B - The BET Planet Groove/Midnight Love Mix,7LjRWGUdOmBdPG1W1bga4i,r&b,new jack swing,0.718,0.486,9,-8.342,1,0.168,0.53,0.0342,0.102,0.589,83.077,262893
3TFbQoY4KniRQRWge1hZdk,Los Días Que Vendrán,KURT,49,1cR3Eo1gZNBox6fH9E9F0S,Los Días Que Vendrán,2018-12-10,Exitos 2020 - Latin Billboard,0k2IDDkcVyIpIgE6d1woDM,latin,latin pop,0.626,0.719,4,-5.693,1,0.0557,0.238,0.0,0.14,0.753,81.992,208400
7J0FbNB76UF1rNqTLxN1Ak,So Much Love (feat. Charly Black & Stevie Appleton),Afro Bros,41,5s53VlwJqFbs7ZW4BVm8mI,So Much Love (feat. Charly Black & Stevie Appleton),2018-03-09,Latin Village 2019,3JcJCsvBnRsA6oc7eUYDSB,latin,latin hip hop,0.744,0.69,4,-2.975,0,0.229,0.205,2.09e-05,0.189,0.348,179.91,151557
6juBxRmmMJRiX2NclfhDhI,Slammer,Quintino,0,25A8NZTc71fEmjiNhZP223,Slammer,2014-10-13,BIG-ROOM NEVER DIES !,4QtO2XySphMOJt7pX0yaVi,edm,big room,0.636,0.828,7,-4.892,1,0.0368,0.000396,0.739,0.0452,0.0464,128.044,284935
7o7LWBj18034zYmqRDWOff,Bittersweet Symphony,Graeme James,22,6NAr5nLxOClccDdjfJOcxS,"Play One We All Know, Vol. II",2014-09-29,Bluegrass Covers,37i9dQZF1DX56crgoe4TG3,r&b,hip pop,0.897,0.892,9,-7.434,1,0.0302,0.137,0.00816,0.2,0.971,125.043,224720
4cjDtDwdsi5ZOBOX4g1tX8,Tell Her You Belong To Me,Beth Hart,42,0Qikkvys4e8Sa0Tvy6rA6t,Better Than Home (Deluxe Edition),2015-04-03,Sexy Soul 2020,5EMARioe9z9eKOeWIAC2JW,r&b,neo soul,0.392,0.318,7,-8.635,1,0.0328,0.235,1.46e-06,0.128,0.152,145.37,356360
4zOZQdgs7nSjMkqB7keSM5,Ojos Chinos,El Gran Combo De Puerto Rico,55,3pYgBhT551TztQNYbXqB26,20th Anniversary,1982,Fiesta Latina Mix 🎈🎉💃🏻🕺🏻☀️🏖,2kY6lVc5EcVfI5WNKmPQQG,latin,latin pop,0.772,0.645,5,-8.32,0,0.0465,0.66,1.45e-05,0.142,0.968,93.876,261333
7DCdlReHytM62WN1KBktrS,A Place For Us (feat. Ynnox),Dualities,60,73KKPAJDFERzyjxYwZHiIi,A Place For Us (feat. Ynnox),2019-05-31,Tropical House 🏝 2020 Hits,2SRbIs0eBQwHeTP7kErjwo,latin,tropical,0.664,0.855,0,-4.462,1,0.0983,0.216,0.0,0.0868,0.716,125.025,202560
0twZvYPeZTFTEaCopQoqId,Trojan - Original Mix,Sidney Samson,0,6O6ZegZZNuLGJYd3JS8NLr,Trojan,2014-05-26,Fitness Workout Electro | House | Dance | Progressive House,6KnQDwp0syvhfHOR4lWP7x,edm,electro house,0.762,0.68,6,-8.098,1,0.052,0.000186,0.882,0.078,0.0333,127.985,316875
1H1t63Jv0nX7ayhnoLPIiB,ResuRection - Maurice West Remix,Planet Perfecto Knights,48,3SVUIQGMfvbkjO1rc6dB7i,ResuRection (Maurice West Remix),2019-02-18,Big Room 2019,6SrHyxIxWfQx9ISEr6yowk,edm,big room,0.738,0.707,4,-4.984,0,0.0585,0.609,0.38,0.0625,0.174,130.004,204553
61XUS0rxs5k6H0mtgAWKnm,You're Not Sorry,Pickin' On Series,31,0yEX6GYCqi5Kfc6zxJbKLY,Pickin on Taylor Swift's You're Not Sorry,2009-01-13,Bluegrass Covers,37i9dQZF1DX56crgoe4TG3,r&b,hip pop,0.767,0.288,5,-10.806,1,0.0354,0.811,1.16e-06,0.126,0.392,133.886,222853
0HYw8jQDGqs1rBOOBSiV4d,Sabado A La Noche - Live,Miguel Rios,0,5fstCqs5NpIlF42VhPNv23,Rock & Rios (Remastered),2005-01-01,Rock and Rios,2gpKfzXEi8QWvgBNPDPk5R,rock,album rock,0.425,0.717,0,-9.784,1,0.0295,0.00348,0.00025,0.782,0.512,144.806,180587
0X108Ku9IS4s8f4IndB9c6,You Better Be Mine,Vitø,18,6jpH2EH914G5ysVLaATkqZ,You Better Be Mine,2017-10-27,EDM Trap,7CEEEMKV41x0RlFCXWdvKF,edm,pop edm,0.565,0.846,3,-3.667,0,0.0465,0.0624,1.07e-06,0.254,0.194,92.034,211680
7Iz2uEnGQasIwj0HnTqdTj,Раскидать нули,Bym,0,0ruxgY3W5vClcv6fx4ouot,C6-Р,2017-05-31,Russian Gangster Rap,0u0qLLE8MZc679RZWCk1TT,rap,gangster rap,0.593,0.484,11,-6.731,0,0.296,0.247,0.0,0.208,0.334,79.84,267833
1o3w9bm49Kzi1QfBvWMNXr,Timidez,Javiielo,59,0jcTA7HQn6EjJoXryAuUgv,Timidez,2019-11-29,Reggaeton 2020 ☀,7xWuNevFBmwnFEg6wzdCc7,latin,reggaeton,0.838,0.589,11,-7.7,1,0.171,0.797,0.0,0.17,0.961,79.953,213000
2hSiACXW5Nt0yUxWUsoIpU,Mama Said Knock You Out,LL Cool J,1,50Hpr8aPftPZNTvsJU7N3f,Mama Said Knock You Out,1990-08-27,New Jack Swing,3ykXidKLz1eYPvuGoFlD1e,r&b,new jack swing,0.788,0.807,10,-7.092,0,0.118,0.0501,0.454,0.334,0.62,102.396,292973
6psI811W9U9nIPDPXIbBiD,People Are Strange,KAAZE,42,4uOvYp0CfLpwlcTG7wqwRi,DREAMCHILD,2019-10-04,Big Room EDM,3S03NWbWkrR1e7DPH9rf9Z,edm,big room,0.351,0.838,2,-5.444,1,0.0861,0.0179,0.0,0.299,0.198,126.473,186094
6E9GnwBQUPcTCzfGryhhFB,Nappy Roots Day,Nappy Roots,21,23DAOhh4SfTvagiLwYUbLA,Wooden Leather (Edited Version),2003-08-21,Southern Hip Hop,4lcyWQDOzPfcbZrcBI3FOW,rap,southern hip hop,0.793,0.793,4,-6.419,1,0.269,0.072,0.0,0.109,0.642,150.686,244987
3SP2QmuKxP0UcWkoHej04w,Yl,Aivarask,39,5rpQTNALVirXJuPJB5Htau,Yl,2018-05-10,🔊BASSBOOSTED🔊⚡ELECTRO HOUSE⚡🔥EDM CAR MUSIC2018/2019🔥,4GSiiL8tcMgvoV7K1IADb8,edm,electro house,0.655,0.545,8,-9.796,0,0.318,0.154,6.02e-05,0.104,0.648,128.068,220212
2MaU0zb75fuPS5DVKd0jqh,Tick,Happi,27,2X5VyvTVPQPXdTyEWGMkgS,Tick,2019-02-08,Christian Dance Party,37i9dQZF1DWUUPO0Sbx2CM,pop,dance pop,0.738,0.928,9,-8.716,1,0.0458,0.0325,0.807,0.149,0.408,128.005,165015
6e40mgJiCid5HRAGrbpGA6,I Want It That Way,Backstreet Boys,76,1NslKOZobWxINFaFkLol3r,The Hits--Chapter One,2001-10-23,Post pop teen,222nc9tKxKhfZ2GBrOpwH3,pop,post-teen pop,0.689,0.702,6,-5.642,0,0.0261,0.216,0.0,0.159,0.484,99.031,213600
3F8aTQzmKovktFcR7MCGFW,Big in Japan - Best of-Version,Alphaville,57,0d60Pri6GuV9E8jeJrSB33,First Harvest 1984-1992,1991-12-17,"Maxi Pop  GOLD (New Wave, Electropop, Synth Pop...)",2nRWtTI9a2LWjJ9Wy3JZs5,pop,electropop,0.755,0.604,2,-9.84,0,0.0454,0.183,0.0336,0.128,0.491,97.8,235200
0TaWdoJiAJoln9OQ1RbdNs,My Way - 1993 Remastered Version,Sid Vicious,43,3EZ09EIoMr6Y5Q9aidbnhy,Playlist: New Wave,2008-04-28,Permanent Wave,5Go0Jsxj1UnsU7Om841BEo,rock,permanent wave,0.236,0.823,4,-7.165,1,0.0863,0.699,0.643,0.364,0.259,175.38,244813
6CCkq87g6MxHZ5uCYCqdk1,Too Bad,Rival Sons,54,2OsED4DmBABqdP9NwGUpAu,Feral Roots,2019-01-25,Hard Rock,37i9dQZF1DX1X7WV84927n,rock,hard rock,0.31,0.858,0,-3.198,0,0.0367,0.000196,0.00392,0.334,0.247,144.652,284787
74t8ZSV8l9ifqSVZGLyMTv,Love Hate Relationship,Trapt,37,0IfXLJf18hOoGnEFDsWjlT,Reborn,2013,Hard Rock Workout,3YouF0u7waJnolytf9JCXf,rock,hard rock,0.483,0.946,4,-5.301,1,0.133,0.00886,0.0,0.153,0.459,171.982,253947
4h7wUvVV8Ff8UL7JqAByiL,I Don't Wanna,Aaliyah,59,4e0MOgtJeKQXt0MQGzFVcY,Next Friday (Original Motion Picture Soundtrack),1999-12-14,The Sound of Urban Contemporary,07zF8MjQPsiYUXiAIGZ5TA,r&b,urban contemporary,0.702,0.573,9,-5.69,0,0.0344,0.526,0.0,0.23,0.693,129.999,255093
0k6DnZMLoEUH8NGD5zh2SE,Ayo,Chris Brown,73,4neocSMt40stXKK2B8Sy2G,Fan of A Fan The Album (Expanded Edition),2015-02-24,HIP&HOP,5DyJsJZOpMJh34WvUrQzMV,rap,southern hip hop,0.823,0.563,6,-5.095,1,0.0443,0.0399,0.0,0.0851,0.682,98.031,225227
37sATnMqADzYq0phTcUD0t,How Did It Come to This?,Arena,32,3hX857Zzhhz4lj44tuCijp,The Unquiet Sky,2015-04-27,Progressive Rock / Metal - Rock /Metal  Progresivo,7GhTpb4eOp6403Bmgqz3db,rock,album rock,0.403,0.453,2,-8.056,0,0.0288,0.248,0.0,0.166,0.28,74.939,270653
58XL4UmErguprvN7oJQM03,Sinulog Anthem - Original Mix,Jenil,36,6OZnuiAStjvibfZxsczaMN,Sinulog Anthem,2017-01-15,URBAN NATION,4EKXjB5zlv2DpTS84h407H,r&b,urban contemporary,0.573,0.92,10,-3.925,0,0.0367,0.000226,0.914,0.065,0.545,128.015,240011
5SLA6uE93kQsIMX2MiLl0P,Goza,Henry Mendez,45,1lx9so4CQB2BoBZXQTN2e1,Goza,2020-01-03,Tropical Rising,37i9dQZF1DX07X8UDWKEwP,latin,tropical,0.792,0.904,10,-4.707,0,0.0818,0.0994,0.0,0.0908,0.651,95.011,184421
0PIYzFAmlxAy0NontCSrzg,Cudos,Breadwinna Gdawg,38,6HtVLQLvHphZp2l99O59Ti,Cudos,2019-12-04,Viral Southern Hip Hop,0DdGqNa18DwYyfIR05OrW1,rap,southern hip hop,0.864,0.601,2,-7.4,1,0.553,0.18,0.0,0.051,0.538,124.07,148032
3fVGdhLSoJSZzrP2EISemI,get warmer,BROCKBEATS,49,66Le9GE1WPNWlzKzkPw36Z,TOY TOY TOY,2018-07-23,Sunny Beats,37i9dQZF1DXbtuVQL4zoey,latin,tropical,0.788,0.438,9,-12.123,1,0.505,0.876,0.893,0.186,0.555,96.635,188000
7yz7xxHAG4ChgrSeMvIXIo,Wildcard (feat. Sidnie Tipton),KSHMR,5,2s6A9WBgvFTMM8CNANb6iv,Wildcard,2016-04-08,Big Room House | Festival Bangers,5Bx5niVgi3qGQQw06C0RKq,edm,big room,0.594,0.834,4,-3.398,0,0.0963,0.0998,0.0,0.149,0.473,127.935,189375
3AP0eD0OkIVTIoymrJgQMH,I Don't Need No Help - Glokknine Remix,NLE Choppa,51,4X4HBwsyYNCvuILEfJscXi,I Don't Need No Help (Glokknine Remix),2019-02-06,GANGSTA RAP,3DUkl93JjPdOyX83SJr5ms,rap,gangster rap,0.788,0.747,4,-4.455,0,0.222,0.0198,0.0,0.386,0.622,164.96,102867
31er9IGsfFbwqy1pH4aiTP,I Have Nothing,Whitney Houston,73,7JVJlkNNobS0GSoy4tCS96,The Bodyguard - Original Soundtrack Album,1992-11-17,Neo-Soul,1eqVgsNjaX6mxDPoefhocT,r&b,neo soul,0.54,0.401,0,-10.499,1,0.0364,0.576,0.0,0.164,0.24,152.974,289160
0qDOSuKfzm8dKrXAMVKe0J,Rambo - Hardwell Edit,Deorro,41,5uIRpyLg0qTAeK2KFD8Rjd,Rambo,2014-06-23,Fitness Workout Electro | House | Dance | Progressive House,6KnQDwp0syvhfHOR4lWP7x,edm,electro house,0.667,0.949,7,-3.228,1,0.054,0.00287,0.252,0.621,0.0567,127.953,235861
61zb08Z5sF4s0olbb7RI5f,Soy Feliz,Rene & Diego,8,5BSrld2M4Kcw7Q0BWZMKGI,Estoy de Pie,2013-06-10,LATIN FLOW MIX - Música Cristiana🎵,396llvvFOIB9jgPg0kqNDb,latin,latin hip hop,0.526,0.801,6,-6.498,0,0.0299,0.000497,0.000115,0.0967,0.293,133.966,333333
1dNuytXEaK1gpZMOJHuJxC,Cheap Shots & Setbacks,AS IT IS,8,4wU1uvjavipP51rRHO2YiB,"Never Happy, Ever After",2015-04-20,Pop Punk | Post-Hardcore,1YgWQAs1s77NzieIH4ARKn,pop,post-teen pop,0.412,0.982,5,-4.77,1,0.0777,9.22e-05,0.0,0.147,0.55,157.043,173084
2uN2mZSuco0qklwUJgvwwd,Wait,IRIS,36,4FK2MT1rCgBAHtqReY8I65,Wait,2019-06-21,a taste of the mainstream,4gbXqmZDUFHqlaYjf4uVyS,pop,post-teen pop,0.64,0.609,11,-7.955,1,0.0675,0.633,4.37e-05,0.112,0.342,86.087,205576
0FNbtFy7loRI7jZC7QZETm,Stone Free,Jimi Hendrix,0,4002B1WJ3YUeejAHqSSBhN,Experience Hendrix: The Best Of Jimi Hendrix,2000-03-27,Classic Hard Rock,1gAeQGQ7hr2q7IYmaejDW6,rock,hard rock,0.544,0.834,2,-5.617,1,0.0553,0.0167,5.23e-05,0.14,0.835,133.713,215360
1ju7EsSGvRybSNEsRvc7qY,Simple Man,Lynyrd Skynyrd,69,6DExt1eX4lflLacVjHHbOs,Pronounced' Leh-'Nerd 'Skin-'Nerd,1973-01-01,Classic Rock Drive,37i9dQZF1DXdOEFt9ZX0dh,rock,classic rock,0.422,0.752,6,-8.682,1,0.0449,0.0366,0.000119,0.129,0.403,120.471,356627
1NgCWYuBLfqBDA3b8MgSVU,Twenty One,Khalid,67,6KT8x5oqZJl9CcnM66hddo,Free Spirit,2019-04-05,urban CONTEMPORARY,1nFfDHtp8RY3obgen8KODl,r&b,urban contemporary,0.776,0.445,9,-8.574,1,0.0371,0.212,0.00409,0.124,0.405,109.981,184200
67m9uKyfr9QRg9ORMRN80R,I'm the One,Majed,24,2qzw3LeRf57iwGWuxCBADu,I'm the One,2019-09-06,Charts 2020 🔥Top 2020🔥Hits 2020🔥Summer 2020🔥Pop 2020🔥Popular Music🔥Clean Pop 2020🔥Sing Alongs,3xMQTDLOIGvj3lWH5e5x6F,r&b,hip pop,0.726,0.71,1,-6.144,0,0.362,0.629,1.16e-06,0.177,0.402,103.873,200909
5ZIfOjIDOpeoQR0ZFRNtPq,Already Home [Jay-Z + Kid Cudi],JAY-Z,0,03JboE7JdI2P2lZjzVFjUP,The Blueprint 3,2009-09-08,Hip-Hop 'n RnB,0275i1VNfBnsNbPl0QIBpG,rap,southern hip hop,0.553,0.866,0,-2.316,1,0.303,0.0697,0.0,0.73,0.617,80.923,269853
6WHVTTKagFkDVVprdFAW0Y,Party Like Its 1929,Tape Five,42,0u0Xj1aspKSmVrxzR7KmgG,The Roaring 2020s,2019-10-25,Electro Swing Top 100,5M7xLCQTYJL0lbKIrUn3a4,edm,electro house,0.713,0.858,1,-5.075,1,0.0325,0.0411,4.22e-06,0.855,0.883,134.03,191989
4si2egyVFj30L8gLvjuA6n,Do Me Right,Hollis Brown,40,7JDwHZPUc5AAxue3FT2Gat,Ozone Park,2019-06-07,"Classic Rock 70s 80s 90s, Rock Classics - 70s Rock, 80s Rock, 90s Rock Rock  Classicos",3Ho3iO0iJykgEQNbjB2sic,rock,classic rock,0.689,0.679,5,-6.735,1,0.0315,0.00028,3.38e-05,0.0986,0.43,136.988,278213
4T45Mh70gFLu7ggUUFdyOf,Talk Slow,Cody Lovaas,57,7m7vgTgDBs99hojptJCqD1,Talk Slow,2019-03-22,2019 in Indie Poptimism,16RNbqnNCCLlBJti7JU5nc,pop,indie poptimism,0.74,0.543,7,-7.201,1,0.108,0.09,0.0,0.135,0.46,157.987,164544
6dww8y59MiIREzWonqzGOy,Pull Up,Lil Mosey,8,6TNJNEulnWQNnq0o3N23Za,Northsbest,2018-10-19,Hip pop,1Sc7bobknESH7SXQcnmoX5,r&b,hip pop,0.655,0.607,7,-5.815,0,0.0862,0.554,0.0,0.115,0.2,149.033,183624
7oxHEN7q9V67XUReaq0txr,Handful Of Gold - Hounded Remix,CAZZETTE,50,2lcQOnaDZFj0ZSH386B3R8,Handful Of Gold (Remixes II),2017-07-21,Tropical House,37i9dQZF1DX0AMssoUKCz7,latin,tropical,0.735,0.585,1,-9.673,1,0.0475,0.12,7.65e-05,0.073,0.13,120.008,250000
3iCCm2CiTl8ad818VFibjO,Can't Stop No Player,Da Organization,17,0QEhdyfmrkQAvVrPdvTvtD,Da Organization,2010-02-19,Dirty South Rap Classics by DJ HOTSAUCE,0tLHH1C4HkWEUCXXSSjbOe,rap,southern hip hop,0.942,0.731,11,-6.539,0,0.182,0.0119,0.0,0.0645,0.583,138.843,294760
1srFoNCknHTaIU1s4sStxy,Say Less,Lisi,59,2cqhvr0K3SMIDDAXdfuyzU,Say Less,2019-10-20,A1 Hip-Hop,37i9dQZF1DX0sDai2F5jCQ,rap,hip hop,0.921,0.428,6,-13.323,0,0.373,0.168,0.000339,0.163,0.51,139.952,164953
473dVAB97y06dfl6OBb1uj,Talk Dirty To Me,Poison,54,1AyHmo89P5cOTi7kHkqzJF,Double Dose: Ultimate Hits,2011-01-01,Supernatural Classic Rock,6oghIlByD49KFGNmNU8GSH,rock,classic rock,0.49,0.951,11,-3.888,1,0.0966,0.00888,0.00126,0.376,0.628,158.075,224960
2Tu4kHEeIVFn6Re2ybm2lQ,OhNo!,BONES,0,3ugOQK3jmjoPQ3ER8YvKCO,OhNo!,2018-04-20,< DARK TRAP >,19WuHd4MxWLzE1fpMmw4S4,rap,gangster rap,0.455,0.525,5,-12.692,0,0.0455,0.136,0.734,0.125,0.279,119.999,159974
7l15QDWp4v3TYh5u3pQjxa,Miami 82 - Kygo Remix,Syn Cole,59,1cVyMj4skGmb4uYJWbC95c,Miami 82 (Remixes),2014-05-08,ElectroPop,0cuHKz65ZPqBX1brG8djlg,pop,electropop,0.708,0.6,2,-7.099,0,0.0407,0.177,0.119,0.0578,0.604,112.995,341947
5xUz3xvyPPrNfnBrh9IOZa,Let There Be More Light,Pink Floyd,49,2vnJKtGjZXRUg0mYPZ3HGH,A Saucerful of Secrets,1968-06-29,Permanent Wave,5Go0Jsxj1UnsU7Om841BEo,rock,permanent wave,0.16,0.615,0,-8.897,1,0.0358,0.689,0.861,0.153,0.302,77.393,336728
69FPnlWuRMKkHWfeLwDyNu,No Llores,Gloria Estefan,31,36Rw48nFdDg5lh2o5y9Fdz,90 Millas,2007-08-06,This Is Gloria Estefan,37i9dQZF1DXarsfY89zXC6,latin,latin pop,0.715,0.823,10,-4.441,0,0.0347,0.272,6.72e-06,0.677,0.946,107.973,249827
2mp3sLUNQaJ025Lx5f4AAJ,Must Be Nice,Lyfe Jennings,55,4oqN5rLI1MdqAftbHnskYp,Lyfe 268-192,2004-08-17,The Sound of Urban Contemporary,07zF8MjQPsiYUXiAIGZ5TA,r&b,urban contemporary,0.446,0.401,1,-11.232,1,0.382,0.657,0.0,0.127,0.647,82.942,233440
1XvHiCTd0MDb16S8bQNl74,All Of The Lights,Kanye West,7,6LBiuhK7PZKjVXyMfPxPoh,My Beautiful Dark Twisted Fantasy,2010-01-01,Gangsta Rap/90's Hip-Hop,39IFMVQdRNdb7kVfyTvHjM,rap,gangster rap,0.546,0.796,1,-3.263,1,0.0639,0.0909,2.73e-05,0.19,0.254,142.123,299613
6Nle9hKrkL1wQpwNfEkxjh,Chanel,Frank Ocean,82,6OGzmhzHcjf0uN9j7dYvZH,Chanel,2017-03-10,Electropop,2Z5cPJ6Z4EVZAfF08amjvL,pop,electropop,0.776,0.503,0,-5.732,0,0.237,0.874,0.0,0.112,0.473,110.134,210285
5jJnlACnwFvyqNXmUZu8Nd,False Alarm,Matoma,49,4DaPH54g5t1hUjkQZoYgQ5,False Alarm,2016-06-24,A Loose Definition of Indie Poptimism,4ZO0wp9G8FA3X6oYNBzda6,pop,indie poptimism,0.643,0.732,5,-6.762,0,0.0294,0.00681,4.57e-05,0.0606,0.181,102.979,224272
308BpHy6evPQz9hSPpSLNf,Blood,In This Moment,1,1azQBA4tlIPpqXcABHVYkl,Blood,2012-08-13,New Hard Rock,64BvJcehegyvhqQtV82Ddz,rock,hard rock,0.534,0.95,9,-2.712,0,0.161,0.012,1.91e-06,0.413,0.527,140.071,207587
6hbem4JFdn4bkryLA4oPiA,Entre Horizonte y Verticalde (feat. Sebastián Jordán),Cevlade,28,2SgqfZuOqZK9keByM0RJ19,La Casa De Astaire,2014-07-01,HIP-HOP: Latin Rap ['89-present],5fWgI0IJ1el5NB1sZ0Egsx,latin,latin hip hop,0.596,0.681,10,-8.243,0,0.253,0.365,1.22e-06,0.123,0.664,88.94,202025
2v9QddUdHVKOu7lNpCaXa6,Jonz In My Bonz,D'Angelo,0,1Owp8VOaFEk4r7zkvGOHmE,Brown Sugar,1995-07-03,Neo Soul,2YPP7fiYu5pIcp2yyHvw4A,r&b,neo soul,0.796,0.408,1,-12.268,1,0.231,0.462,0.0902,0.0993,0.688,86.855,356000
06vSnlO8lrC5o69qz9fW9f,Booty Loose (feat. Fly Boi Keno),Party Favor,0,0rXlBlWtOTjXZK82NHEiii,Booty Loose (feat. Fly Boi Keno),2015-07-17,Epic Bass Drops,49EXQVXh5k1t8SOhmUeyU7,edm,big room,0.7,0.913,10,-3.027,0,0.0725,0.00031,0.00239,0.655,0.189,100.033,151350
1fH2O7d5hmU1GQQkQgmi3m,(This Is Our) House,In Flames,27,6XmPgfXIwRuJHHs496oiMY,(This Is Our) House,2018-12-14,Hard Rock Workout,6kXNv8J3HCYztxjOIUzApv,rock,hard rock,0.521,0.984,10,-4.957,0,0.0817,6.68e-05,0.018,0.333,0.465,132.039,258773
1kMUGCt7XLDc5Q64Vl0H8S,Bellacoso,Residente,77,0un8ZRojNl6fYFRHYzQ9GG,Bellacoso,2019-07-26,Latin Pop 2019,5wONX0lVyQE5XTxqjTUiUd,latin,latin pop,0.774,0.851,11,-2.795,0,0.255,0.0651,0.0,0.0568,0.695,180.086,257865
1kN9NWN4usLoogG70iJQuN,You’ve Made Your Bed (So Sleep In It),You Me At Six,0,4uC7zTuKQvssFjKEmLB8x3,Take Off Your Colours,2008,Pop Punk | Post-Hardcore,1YgWQAs1s77NzieIH4ARKn,pop,post-teen pop,0.466,0.895,9,-3.396,1,0.0507,0.0251,0.00212,0.127,0.545,175.924,259813
2iuNKcIOuHb9VIplN7NDoa,Distant,Maes,77,4D7hsHvzMuP6A1vX35dDqo,Distant,2019-12-19,Global X,37i9dQZF1DWUxHPh2rEiHr,latin,latin pop,0.747,0.731,4,-6.305,0,0.194,0.555,0.0,0.0662,0.493,105.074,162013
7lHULdXeamU98w3MlIPy9q,Tottenham Tugz,Poppy,36,0vKEXKMTEnsGGZXPgMYRed,Tottenham Tugz,2019-12-31,The Edge of Indie Poptimism,5vIdb67lQcdFwoVkE4UMep,pop,indie poptimism,0.855,0.698,7,-6.987,1,0.285,0.177,0.0,0.442,0.54,138.522,209675
4hbGPfz03P8Nnh75mFIAoH,Lucky - Spotify Session,Jason Mraz,45,22MrOvzmcn6WeE4v6Ua6dj,Spotify Sessions,2014-09-16,Unplugged Hits 📣,5NTm3injIRkUMROsZr3C2O,latin,latin pop,0.519,0.62,9,-8.156,0,0.151,0.657,0.0,0.679,0.285,100.137,391404
6AfvfheW6VzyV1MNyZ9XXd,Rave (feat. Kris Kiss),Steve Aoki,44,2VpuZS3WC5PkI9DdnbVLjt,Rave (feat. Kris Kiss),2019-06-28,EDM 2019,1T0ed6Mg0QIruHvcoWWIKy,edm,pop edm,0.628,0.98,5,-2.776,0,0.0766,0.0105,0.0687,0.444,0.464,128.093,205584
5gU4UfBPa5w88uDrpcF2Kp,Feelings - Jay Dixie Remix,Deep Chills,35,1W48sRCbQoqCfZSrkInVRO,Feelings (Jay Dixie Remix),2019-09-20,Tropical House 🌴,06zrBJ5cts5aemZmqe80J7,latin,tropical,0.766,0.661,6,-6.227,1,0.211,0.633,0.0,0.0884,0.664,121.857,165415
3oxegYx25mBNgc7zRO7BOS,Cut to Black,Lemaitre,40,5BSLeSikCLW5KGRWuFbOpm,Relativity 3,2013-03-04,Indie Poptimism!,4hKPJNFIhdAg4pAksn78FJ,pop,indie poptimism,0.625,0.546,6,-8.432,1,0.0932,0.0493,0.0337,0.263,0.252,203.972,201827
7hzlzoOwCZ4D3Ow5YZK4kj,Insomnia,Daya,75,673e3sPgdJWrPAIBvaKysa,Insomnia,2019-03-08,The Sound of Post-Teen Pop,10FCW9lj0NdeoYI5VVvVtY,pop,post-teen pop,0.754,0.653,7,-5.095,1,0.0611,0.0944,0.0,0.383,0.379,123.084,179746
4WjmDJbLRRGwpJqQkWj02m,Síguelo,Wisin & Yandel,32,5qRfDklxdqU8XrU3qwnDxF,Los Extraterrestres - Otra Dimension,2008-01-01,Reggaeton viejito🔥,0si5tw70PIgPkY1Eva6V8f,latin,reggaeton,0.626,0.925,3,-4.447,0,0.294,0.481,0.0,0.27,0.591,130.016,213760
6gokadtiVvFO0nuAoOLX98,Ramayama,Don Omar,67,4HtvEbNQ4esvgvSuBO6JnM,Ramayama,2019-04-20,This Is: Don Omar,37i9dQZF1DWYBUdckfg1va,latin,reggaeton,0.696,0.708,9,-5.252,0,0.138,0.187,0.0,0.387,0.961,149.994,195987
108azuTlbkrLiuaRMQu2nF,Vultures,Bokassa,40,2MAwkcp9T7pTSm1nsTXwN0,Crimson Riders,2019-06-21,Hard Rock,37i9dQZF1DX1X7WV84927n,rock,hard rock,0.547,0.841,10,-4.959,1,0.0605,0.00171,0.0202,0.314,0.554,124.93,165055
7cqbB8Dxz79PjqsxGaihM3,Anthem,Jay Prince,23,7l4eHNUo7pDFrQnetZei75,Anthem,2017-03-31,Smooth Hip Hop,7ozFIvz1bE1HPgQTUl5qfT,r&b,hip pop,0.687,0.694,0,-6.967,0,0.282,0.0141,0.0,0.157,0.923,66.949,172273
1erDNx55IWAE9OYuBTRYgc,Bad Liar,Imagine Dragons,13,77FDbkcDlmgOn4OXbLkiba,Bad Liar,2018-11-06,Electropop 2019,4Bi8VLtaSu0JILliif8lH6,pop,electropop,0.383,0.637,3,-6.993,1,0.0703,0.0722,0.0,0.368,0.0827,177.913,260773
2id1xnRQloCopsF5IFRY15,Only Girl,Kali Uchis,52,5k1bL1NVtMr8M8WbRbZCtM,Only Girl,2016-04-11,NEO-soul,3q3M4VCymcMoxJ3Tl7mRqN,r&b,neo soul,0.806,0.499,9,-7.245,0,0.151,0.198,3.71e-05,0.0711,0.402,148.033,222162
0uUNN1nSoUx1A4fkDCWDQ7,So Am I,Ava Max,83,2XvFk3xrG7dV6GhqcJSQHX,So Am I,2019-03-07,Pop Warmup 130 BPM,37i9dQZF1DX3PIAZMcbo2T,pop,dance pop,0.682,0.656,6,-4.67,1,0.0435,0.0737,0.0,0.353,0.607,130.089,183027
305WCRhhS10XUcH6AEwZk6,Are You Gonna Be My Girl,Jet,74,6NrLpQCPYrNS3kVWxDgIlg,Get Born,2003-09-15,L' ALBUM ROCK,0jilq2XZP9F2fwzp2k6iXK,rock,album rock,0.613,0.953,2,-3.435,1,0.0855,0.00148,0.000582,0.152,0.537,105.046,213800
1ml3DHDWKMYaAjWy1NI5n2,Shine A Light,Hardwell,58,24pSaVW6qvZfDQYkQAm1er,Shine A Light,2018-06-22,big boom room — TOMORROWLAND EDC EDM BIG ROOM AMF ADE DANCE TRANCE HARDWELL TIESTO,2oalsaFUockoPf1DU3wrL8,edm,big room,0.538,0.758,9,-2.773,0,0.0378,0.223,0.0,0.251,0.25,147.804,196216
0JxHWujXDT2CzLWlQXWEhE,Te Veo,Urba y Rome,62,7JHKV68UCxL0bFcBTBEAu4,Te Veo,2019-06-21,Perreo City,37i9dQZF1DWUlCmB8llCTB,latin,reggaeton,0.782,0.813,1,-3.71,1,0.0327,0.146,0.0,0.125,0.728,94.975,221501
4TkXg2v2OeFBaJLXz1MNFd,Novocaine,Twin Atlantic,48,5dqAY3eYWRI55AJrdBYOzj,Novocaine,2019-10-17,Modern Indie Rock // Alternative Rock / Garage Rock / Pop Punk / Grunge / Britpop / Pop Rock,1VnvyBDqoV5TCZAnXYferL,rock,permanent wave,0.404,0.952,8,-3.41,1,0.048,1.07e-05,1.05e-05,0.0838,0.369,153.965,207920
3KapR70eIR6Zm3kJfG4oB3,Feel The Vibe,BJ The Chicago Kid,59,7lZWuo8TFgz5ty8PEWa6SO,1123,2019-07-26,Smooth Hip Hop,7ozFIvz1bE1HPgQTUl5qfT,r&b,hip pop,0.631,0.8,2,-6.546,0,0.0506,0.188,0.000533,0.64,0.857,87.482,240884
0PDUDa38GO8lMxLCRc4lL1,PILLOWTALK,ZAYN,78,5amj9zNeZ3B2EdpBgXrOZ0,Mind Of Mine (Deluxe Edition),2016-03-25,Pop Inglés (2020 - 2010s)💙 Música En Inglés 2010s,4QAzO1Z92yqqD6Mf3mOANu,pop,dance pop,0.584,0.7,11,-4.275,1,0.0456,0.117,0.0,0.0939,0.438,124.944,202747
5ZbJR1AfdOsvsYNuCvgqKX,I'M DEAD,Duckwrth,59,1JqHKxNhfBv3ZIz1VwhENp,I'M UUGLY,2016-09-23,Groovy // Funky // Neo-Soul,0JmBB9HfrzDiZoPVRdv8ns,r&b,neo soul,0.593,0.751,4,-9.414,0,0.918,0.707,0.0,0.356,0.485,114.907,230632
413zm3wEjCThE6tMNPqe30,Tu Fotografia,Gloria Estefan,34,29BoUzKLd7nYIYqHdLfD0A,Unwrapped,2003-08-27,This Is Gloria Estefan,37i9dQZF1DXarsfY89zXC6,latin,latin pop,0.578,0.497,10,-8.082,1,0.0407,0.55,0.0,0.204,0.515,139.687,228307
5hbekNNRlRWmwouFSrDhwB,Calling Out for You,COY Swede,43,2GtHeYBOrZixhDRJzRYFFc,Calling Out for You,2019-12-20,Waves Pop and EDM,64k01l4j6QtnZ8jMaI84AA,edm,pop edm,0.721,0.623,7,-9.264,1,0.0404,0.0804,0.00241,0.143,0.521,104.025,288496
6fIVDVyzymH4OAlNhJ93k3,Verano En París - Remix,Jerry Di,70,17zzxdbVYXDMErAbP06i5R,Verano En París (Remix),2019-10-25,El Ritmo,37i9dQZF1DWVOLXBOylBUZ,latin,reggaeton,0.68,0.752,11,-3.987,1,0.372,0.214,0.0,0.225,0.461,191.977,275400
5yoe7tMBqwQOpsfVddkw9c,Pool Party,Self Sabotage,32,31f9kAAoCVyaP93SMQUs1u,Skin And Bones,2017-03-17,Permanent wave 🌊,0QN4FeJQ1mpCygRg9r2JIK,rock,permanent wave,0.542,0.612,0,-7.832,0,0.0317,0.0293,0.653,0.107,0.278,172.006,238000
4vhVDkSx9RSb2k6mWFMYNI,You're My Best Friend - Remastered 2011,Queen,65,1GbtB4zTqAsyfZEsm1RZfx,A Night At The Opera (2011 Remaster),1975-11-21,The Queen - La Discografia Completa,3E88dLx4fgFYY70gdGzdnB,rock,album rock,0.51,0.76,0,-6.995,1,0.0411,0.148,0.0116,0.0706,0.55,118.829,170787
7h9fTEEMKLoZZVAoJFdlKz,You've Got Another Thing Comin',Judas Priest,0,3zhokUrt0ktEhAoB3ONwbp,The Best Of Judas Priest: Living After Midnight,1998-01-25,80s / Classic Rock,29dTrOurPDrMcrnio2q6hZ,rock,classic rock,0.473,0.721,11,-8.104,0,0.0363,0.0021,0.000208,0.107,0.563,138.418,305040
211Jwzk66OtOIfZeOYgj95,Castigo,Srta. Dayana,38,59F6lyvPByLi9nxKCQRwJY,Castigo,2020-01-06,Tropical Rising,37i9dQZF1DX07X8UDWKEwP,latin,tropical,0.87,0.574,1,-5.787,0,0.0665,0.0509,8.62e-06,0.105,0.679,120.027,198933
0LcN82PW3JQLCnyEQWAFs5,Need You,Tinlicker,40,2nPPKwBEIF0zenT8ksfI3J,Need You,2019-09-13,Deep Electronic Music 2020 & Progressive House,5CMvAWTlDPdZnkleiTHyyo,edm,progressive electro house,0.637,0.837,2,-6.12,0,0.0372,0.0098,0.0296,0.129,0.0517,122.969,213978
7MYX0Vu0uMjVLCiy804sdX,Summertime Sadness (Lana Del Rey Vs. Cedric Gervais) - Cedric Gervais Remix,Lana Del Rey,54,2vFyRm6ZrYI7ravDNolYsr,Summertime Sadness [Lana Del Rey vs. Cedric Gervais] (Cedric Gervais Remix),2013-02-01,Electro House 2020,317O0e8iWJLClLGDKtieRe,edm,electro house,0.572,0.81,1,-5.791,0,0.0558,0.0157,6.53e-06,0.13,0.11,126.052,214912
6rW6FUhOATT7dBnup6UVHx,blue,Pools,40,6ydahDQDBR6C2isdOZxf4f,blue,2019-01-21,Electro Posé - Discoveries,6nZaTh6K1SwhdELFTmA99C,edm,electro house,0.761,0.549,5,-10.617,0,0.0495,0.861,0.149,0.109,0.667,133.995,125380
1gYMxXXGANfGIGXDFf9Czv,We Found Love,Rihanna,4,6UePYY36ZdLQCObZr3wvFf,Talk That Talk,2011-11-18,Today's Hits 2000-Present,6a66cg3HcsjYkisYyQcov6,latin,latin hip hop,0.75,0.756,1,-4.45,1,0.0426,0.0187,0.00125,0.196,0.6,127.992,215227
0Y4hwUppbGc8aIBmiTz30A,Familiar,Liam Payne,70,1L5GP3Zuu7BvI81OJ0VkpT,Familiar,2018-04-20,latin hip hop,3nH8aytdqNeRbcRCg3dw9q,latin,latin hip hop,0.636,0.805,9,-4.594,1,0.327,0.0161,0.0,0.0793,0.908,92.958,196552
2lACaIy7bocCyGwJXGtwLy,By Your Side,Silencer,18,0oIZkVPJM4daB6gmdl0USd,From The Thugs,2004,Chicano Rap,3o3xRXWMtBMezk0E3wmtGI,latin,latin hip hop,0.671,0.565,1,-5.552,1,0.15,0.325,0.0498,0.0905,0.404,173.323,228307
505hHgfw2U0XtOpC3XYHOQ,A Waiting Game,Claptone,34,3oGTPoEgDlNxSDMmaWBDS9,Fantast,2018-06-08,Music&Other Drugs,5jROYSZSL7cO0jGAqkPx7C,pop,indie poptimism,0.431,0.482,9,-9.352,1,0.0465,0.0985,0.000405,0.238,0.201,143.0,204293
328F2sC7uw6wdkWLggOAQ2,Borrowed Time,Parquet Courts,48,198JgCiP5oHBycAKedKHRm,Light Up Gold + Tally All The Things That You Broke,2013-10-15,Ultimate Indie Presents... Best Indie Tracks of the 2010s,37i9dQZF1DWTHM4kX49UKs,pop,dance pop,0.4,0.726,0,-7.232,1,0.0311,0.0447,0.838,0.549,0.806,92.299,152040
2N6UDXQuyWF6cf0DMUByj8,Nite,Vikström,36,53kb4sTyAHpBMFNjpi9fS7,Nite,2019-06-07,Bounce United,08QTrfsYYouffgnPjmllAQ,edm,big room,0.785,0.911,2,-5.334,1,0.0743,0.00688,0.32,0.633,0.665,128.02,203471
6LGwYMXXgURfaequXipzHx,You Don't Know My Name,Alicia Keys,61,6TqRKHLjDu5QZuC8u5Woij,The Diary Of Alicia Keys,2003-12-02,urban contemporary,7en9i0JMyJlRFX4r4XrXXx,r&b,urban contemporary,0.263,0.663,9,-8.264,1,0.19,0.589,0.00451,0.342,0.25,167.271,366733
7I4zJamsReVjDMmx8GkH5r,Kingdom Come,Demi Lovato,1,3FXsa2yQb8hhpqvZgNKXay,Confident,2015-10-16,◤ Hip Hop Dance Music – Urban – Trap – Breaking Locking Popping Bopping – WOD – World of Dance,0Hr2h94pKN8QAGVAgD6BsD,rap,southern hip hop,0.563,0.809,5,-5.09,0,0.0768,0.0276,0.0,0.365,0.275,176.029,244014
4Ijr3J0lnLCGZvpXBiqCjU,Bap U,Party Favor,59,4MJYvwpi2vgctW2J9k054i,Bap U,2014-10-07,Trap Nation 🔊,5aPwKjwNHr6dnCejLcPTVx,rap,trap,0.668,0.953,8,-1.784,0,0.0386,0.0193,0.000118,0.0834,0.254,100.001,168207
04JbHAAn3uqbfnx6ptFyaK,No Rest for the Wicked - Robin Schulz Remix Edit,Lykke Li,47,1SrvubPy1Dg2BWJyTMcmgr,Prayer,2014-09-16,Chillout & Remixes 💜,4NlAd9NpIa92IjErMyAriM,pop,indie poptimism,0.65,0.903,11,-5.045,0,0.0381,0.000259,0.156,0.905,0.545,119.998,201040
5hoIOyMDt2cQx6DU0UyiBj,Como Así (feat. CNCO),Lali,69,6LYy00ZQOKwxjCDGQY442J,Como Así (feat. CNCO),2019-11-08,Latin Pop VIP,37i9dQZF1DX1QnNyJOBQBv,latin,latin pop,0.661,0.676,5,-6.377,1,0.139,0.134,1.68e-06,0.109,0.494,171.951,184889
7lhEshSCXjqbpn8sjQrLIn,Broken Heart,Red Flag,0,7BR2ZSYHgSj3g7tk19nR6z,80's: Mullets & Synths,2017-02-11,80's Freestyle/Disco Dance Party (Set Crossfade to 4-Seconds),1oReEujyWpQv2OX68BVPPA,latin,latin hip hop,0.643,0.648,1,-13.072,1,0.039,0.00148,0.000193,0.119,0.661,120.207,243733
6ACiYjq5Q7e6BlhZEHz7cd,Garden Shed (feat. Estelle),"Tyler, The Creator",63,2nkto6YNI4rUYTLqEwWJ3o,Flower Boy,2017-07-21,PROJECT: Contemporary,6HaCi9bqaiuSZEDfCEmwyo,r&b,urban contemporary,0.423,0.456,2,-8.45,0,0.0579,0.381,0.016,0.12,0.148,112.984,223947
6oEAnFhmoFH9TWWjX1QLBO,Party Like Back in the Day,T.K. Soul,38,0mAdwNQaVfh4Im891t17EK,The Hit Maker: 10 Years of Tk Soul,2012-10-23,Southern Soul BBQ Mix,3nTS97zUqxJBQeiXNRs963,rap,southern hip hop,0.955,0.467,9,-6.223,0,0.119,0.0224,0.0,0.108,0.907,115.992,345444
16PbhyOxOEUtBtdKhr3UMx,Clicced,Spade Melo,31,3iEU5Z1xZXzNocF4asuas3,Aces High,2019-11-15,Trap Nation 🔊,5aPwKjwNHr6dnCejLcPTVx,rap,trap,0.844,0.668,5,-6.888,0,0.177,0.111,2.68e-06,0.169,0.486,140.034,178320
3sgL7CN65BzZq3qqG9SkJZ,Smartphone,2 Chainz,35,65QrO5TXNzHCVcfTpmWjrp,Smartphone,2017-03-09,"🔥💵 Hip Hop, Rap, Heavy 808's - New School",3jPkaExIWXQWklcmmF5180,rap,southern hip hop,0.895,0.564,7,-7.261,1,0.502,0.734,1.25e-06,0.718,0.366,129.97,251693
0CJwLZDmSFdXL2WcA74Vo3,Jungle,Tash Sultana,7,6VQf4ZBa1N5Y3yo6154QLD,Jungle,2016-09-06,Music&Other Drugs,5jROYSZSL7cO0jGAqkPx7C,pop,indie poptimism,0.592,0.701,1,-5.879,0,0.0292,0.276,0.000103,0.0882,0.509,146.032,315603
6rHuYlI0PyYjXUuLcLD4bK,Laith,Timna Momentus,33,6wjkW5FczOAPVLZ7rYQ5N7,Myriad,2019-09-10,Tropical Vibes,37i9dQZF1DX6RA5ZrA5a23,latin,tropical,0.651,0.723,7,-8.136,1,0.0474,0.307,0.923,0.531,0.396,120.01,209000
2fxnEwR9xa48aknKlcpKyZ,Milk Man 2019,KAAZE,45,1ZCEGV103vCR1T15MszF5w,Milk Man 2019,2019-12-13,Big Room EDM,3S03NWbWkrR1e7DPH9rf9Z,edm,big room,0.64,0.905,2,-5.511,1,0.0565,0.000855,0.947,0.319,0.533,128.014,170684
78l1FFaQDPGn6Qt8i0p16S,Bora Bora - Seaside Edit,Beltek,16,2De9WVLf6FHJDp6FIVAbhs,Bora Bora,2015-06-12,Tropical Morning,0vbtbmyihyvl2MVYrdKdGw,latin,tropical,0.65,0.947,2,-4.971,1,0.0375,0.000678,0.85,0.0546,0.118,120.011,290557
0JCAezTC5IlK1a9o0YBEsD,Don't Take It Personal (Just One of Dem Days),Monica,55,71mPApAzW9HkbUGdYzMQHb,Miss Thang,1995-06-12,New Jack Swing - 90s R&B fused w Hip Hop,79xd4wnVuKZK4rJMsL2wPa,r&b,new jack swing,0.731,0.355,8,-12.741,1,0.0603,0.00864,5.14e-05,0.0579,0.529,175.72,258467
1TQXIltqoZ5XXyfCbAeSQQ,Dancing With Your Ghost,Sasha Sloan,74,3I677CWVoiOsbMxOQzjShB,Dancing With Your Ghost,2019-06-28,urban CONTEMPORARY,1nFfDHtp8RY3obgen8KODl,r&b,urban contemporary,0.629,0.327,11,-8.285,1,0.029,0.761,2.96e-05,0.103,0.381,74.953,197732
23YEpFgAVvr0w3cDm7EQ1Q,Prrrum,Cosculluela,65,2xewTv2y5yrMwA36X2Vxzs,El Principe (Ghost Edition),2010-01-01,Fiesta Latina Mix 🎈🎉💃🏻🕺🏻☀️🏖,2kY6lVc5EcVfI5WNKmPQQG,latin,latin pop,0.832,0.731,1,-4.815,1,0.228,0.0991,0.0,0.344,0.712,90.069,238476
3SsSCdNTc2gnZ7aqrCVdnI,Beautiful Girl - Radio Edit,Junge Junge,5,50lIwF4ClzeVWi4TqG8FhF,Beautiful Girl,2015-03-02,Chillout & Remixes 💜,4NlAd9NpIa92IjErMyAriM,pop,indie poptimism,0.92,0.495,4,-9.964,0,0.0963,0.389,0.151,0.0907,0.622,120.048,200627
4jOtC832PyIXlCVPRElfQu,Troublemaker (feat. Flo Rida),Olly Murs,59,2hOuWIWkhIxKXj6dUVI734,Right Place Right Time,2012-11-23,post teen pop,6rjxP7GQKoqqgoakzxl3PY,pop,post-teen pop,0.762,0.863,0,-3.689,0,0.0565,0.015,0.0,0.125,0.965,106.008,185587
2udGjDmpK1dH9VGyw7nrei,Cocaine,Eric Clapton,70,0GBrlPh90D25SQ6EJu4VtT,Slowhand 35th Anniversary,1977-11-01,House Of The Rising Sun,1bMYfBHYBCRHY5LGkjlpSy,rock,album rock,0.699,0.502,9,-12.526,1,0.0278,0.0607,0.0337,0.317,0.676,105.266,221640
7jrmV2k23QbZ3ms08qhG97,ShortCake,Night Tempo,29,6J30sBc6ZgSAr9LvylXsKz,Fantasy,2017-04-20,Japanese Funk/Soul/NEO/Jazz/Acid,4zNayWuATXCAA9gaXvnFnq,r&b,neo soul,0.709,0.947,6,-4.525,1,0.445,0.0515,0.0,0.326,0.74,120.115,225000
6B3muCXwwdw6sJt6AuJ6yp,Ninguna,Los Rumberos,3,3hsG49NaqXjfhboWyH0L92,Galaxia Tropical,2017-06-16,Paraíso Tropical,2v41efarffe6iY8qpMK5Gj,latin,tropical,0.736,0.499,7,-9.404,1,0.0766,0.158,1.75e-06,0.0669,0.543,171.9,241311
5LKD8mEriZm3VPt0VmrGz1,The Fairytale,Marcus Mouya,20,3r9tbk3fmXnX3pkGnr2dA7,The Fairytale,2016-02-12,@deniceemoberg EDM - POP REMIXES,2fbrY1tuoW8Uji14H7623k,edm,pop edm,0.629,0.918,9,-5.191,0,0.0546,0.161,0.824,0.308,0.211,128.055,148840
6PF9OvMNlndPgJ4ArsJCq3,One Thing Leads To Another,The Fixx,0,5jyYlJdBiy75c2SBe0xq9K,Radio Waves Of The 80's - Pop Hits,2003-01-01,Classic Rock Greatest Hits,6TeyryiZ2UEf3CbLXyztFA,rock,classic rock,0.785,0.948,5,-6.681,0,0.0477,0.185,0.0143,0.156,0.967,136.811,204587
05DOYX9MB5oUQbr6RPa6dH,Déjame Volar,Aleman,52,67PwYP28Mu8Usty4NGSKtw,Pase de Abordar (Deluxe),2015-03-15,Mexican Gangsta Rap,28Ke4pXWqF2A5b2GfQ1pQt,rap,gangster rap,0.854,0.438,5,-11.475,0,0.489,0.511,0.00189,0.295,0.178,139.957,203964
4bTXlRMCRFwDAqt8QEZwQW,For You - Jay Dixie Remix,Deep Chills,24,0LMWleJSldOeuCVjjykIpU,For You (The Remixes),2018-11-02,Big Room House / Bigroom,2EnVd4ugXUybVQoQrarICY,edm,big room,0.886,0.692,7,-5.193,1,0.186,0.171,0.00016,0.372,0.668,123.994,192591
1cYXPXbIR0FxurYVMGnwIN,Sobrenatural,Juan Magán,65,7zCW1I02UgkVjg0UYd5rOq,4.0,2019-07-19,Todo Reggaeton,4csIMGPI3aGo3Xy7WG8jBi,latin,reggaeton,0.715,0.787,6,-5.253,1,0.0681,0.247,0.0,0.106,0.567,91.978,224027
0yHOOuKhe57iSzS2TbxSKN,Savior - Radio Edit,Bassjackers,49,5s2DjQNvHnuYXqblJON0uB,Savior,2014-10-31,Big Room Beast,3PNyCpkY7NAXyhopBpj7vc,edm,big room,0.747,0.882,5,-3.317,0,0.0543,0.000322,0.218,0.351,0.308,128.095,170171
72UIwMy0emYgGGZlT7zhcf,The Whole Truth,Abby K,23,2vV2EqHATnoNdcPobONytI,The Whole Truth,2019-09-20,"Classic Rock 70s 80s 90s, Rock Classics - 70s Rock, 80s Rock, 90s Rock Rock  Classicos",3Ho3iO0iJykgEQNbjB2sic,rock,classic rock,0.682,0.434,7,-7.226,1,0.0282,0.546,1.32e-06,0.0915,0.382,124.964,237320
2EzRdhuoPyNJDlep7lnNf2,Dembow,Danny Ocean,70,5kpilAKnaFNV2DX5ewD7x7,Dembow,2017-12-08,Latin Pop Songs,5uOMV7g6vp8WxoqXfkzKaw,latin,latin pop,0.802,0.744,6,-5.968,1,0.078,0.0807,0.0,0.0917,0.45,99.983,215083
6j2aNuhJJUnRj6UHcvn5PI,I'm a Thug,Trick Daddy,56,2oJxBPqylFpSb60hOJ4DcH,THUGS ARE US,2001-03-20,Southern Hip Hop,4lcyWQDOzPfcbZrcBI3FOW,rap,southern hip hop,0.933,0.562,11,-5.963,1,0.122,0.0275,0.0,0.102,0.587,139.981,254400
7h7bI2qpPJPsKtbiBO3Ph3,Desierto - Basslovd Remix,Gerstronik,1,4TGvE7HuNJAoiBXFAEjLHP,Desierto (Remixes),2018-08-24,LATIN FLOW MIX - Música Cristiana🎵,396llvvFOIB9jgPg0kqNDb,latin,latin hip hop,0.824,0.845,4,-4.091,0,0.0778,0.0153,0.506,0.0819,0.849,105.023,175381
042wd4CrF4WTAwiKs0F7Ve,First World Problemz / Nobody Carez,Brent Faiyaz,52,5Bp1EX2ypdFnJ5IUyiRl8w,Sonder Son,2017-10-13,Neo-Jazz Soul RnB & Afro,48AzM7l4M02DBYd2N3IFLP,r&b,neo soul,0.582,0.502,3,-11.053,0,0.102,0.259,0.000378,0.16,0.555,85.629,350549
14FTOvR2Y5aZcDp5l5LCtB,Stone Cold Gentleman - Radio Version,Ralph Tresvant,0,6mnHfxU94M0vcWgt2aU2DY,Ralph Tresvant (Expanded),1990-11-27,New Jack City,6RLvj5OnEuPzI1P02KwnzK,r&b,new jack swing,0.798,0.747,7,-10.036,1,0.0443,0.00178,0.0,0.0742,0.693,105.518,331800
7ch7IMYm9DaujSfI1ToSzu,Mi Error,Eladio Carrion,68,0cm5gt3aGLZooZ6r2jm5gN,Mi Error,2019-02-07,Academia Reggaetón,37i9dQZF1DXd8p9XRfIfUn,latin,reggaeton,0.565,0.629,7,-5.516,1,0.0595,0.37,0.0,0.217,0.344,167.961,215133
5FPnjikbwlDMULCCCa6ZCJ,Daughters,John Mayer,68,6WivmTXugLZLmAWnZhlz7g,Heavier Things,2003-09-09,urban contemporary,7en9i0JMyJlRFX4r4XrXXx,r&b,urban contemporary,0.674,0.413,2,-7.816,1,0.0274,0.837,1.91e-05,0.098,0.503,124.895,237907
2hiB8QxWic092OablwpoVC,Better Days,The Goo Goo Dolls,50,2EaUXdvwjATa08yxT8uGzR,Let Love In,2006,Permanent Wave,2ExyzXAbukW7I8bDqdGvPB,rock,permanent wave,0.486,0.595,7,-5.009,1,0.0302,0.00212,0.000264,0.0953,0.331,113.276,213267
7MBUdJlpkl7Ij5ux9S2xUV,Whisper,Seth Hills,35,7uegvn13FZi0wlOQBcObza,Whisper,2019-01-25,Electro House,6k45gxiQhfVqACfIdqONsC,edm,electro house,0.759,0.881,2,-5.475,1,0.196,0.00968,0.114,0.0131,0.217,125.939,198095
5HoC9hffOsN30JKLU6chQF,Hábito de Ti - Radio Single,María José,51,1v8i3mghv0o0mjaCfBaiTP,Hábito de Ti,2019-01-25,Exitos 2020 - Latin Billboard,0k2IDDkcVyIpIgE6d1woDM,latin,latin pop,0.602,0.841,7,-2.567,1,0.0426,0.0275,0.0,0.175,0.325,99.957,242687
5uImkHXfTLkNYwemtGH7kB,We Found Love,Rihanna,19,0MYABBSxz6JqujXq2JBvsF,Talk That Talk (Deluxe),2012-07-18,Electropop - Pop,5TiiHps0hNCyQ6ijVkNZQs,pop,electropop,0.734,0.766,1,-4.485,1,0.0383,0.025,0.00138,0.108,0.6,127.986,215227
5u5qlnyVaewWugJIjzilIc,Smokin',Boston,62,2QLp07RO6anZHmtcKTEvSC,Boston,1976,Classic Rock,5BygwTQ3OrbiwVsQhXFHMz,rock,classic rock,0.197,0.798,2,-7.334,1,0.0656,0.000545,0.414,0.187,0.525,175.068,261387
2YbACStJhKuOkNVC1P1Fbu,Sounds Good To Me - RetroVision Remix,Hanne Mjøen,35,5Yys1C5fhMONUpbZbjeERW,Sounds Good To Me (The Remixes),2018-12-07,Epic Bass Drops | Best House Mixes,4IS7o1utOzhimFEFnj9gmu,edm,progressive electro house,0.766,0.839,8,-4.035,1,0.173,0.104,0.000132,0.0473,0.763,125.979,162857
47TqCCnEliDp8NRDyIQoQq,You Make Me Wanna...,Usher,67,0fQdoem8dnrl80YcZzQ8f0,My Way,1997-09-16,90s/00s Hip Hop & RnB,0Ar0Ng9DlAWZtSPBvOQgOa,r&b,hip pop,0.761,0.639,5,-7.577,0,0.0539,0.0359,0.0,0.0945,0.922,164.088,219120
5lFl0Aksww4t4CGiYYtpZz,Detective,Rauw Alejandro,71,7fZ5cqL7bbmkABHhgbWZDB,Detective,2019-07-08,LATIN POP 2020 🔥 Pop latino actual,2kKzN3kRYDzBctlaWs7CP2,latin,latin pop,0.786,0.787,1,-5.332,1,0.037,0.322,0.0,0.124,0.479,95.008,204632
3VLJ7dEdTBQ5qPMd0XHKGI,You've Got Another Thing Coming,Judas Priest,17,1ehArDgj0SoN588ZotEvKn,Metal Works '73-'93,1993-04-28,Classic Hard Rock,1gAeQGQ7hr2q7IYmaejDW6,rock,hard rock,0.511,0.823,6,-6.893,0,0.0471,0.00548,4.98e-06,0.101,0.536,138.215,308867
6rrTr2HEAzlpC4KWZxF3S1,Woman Like Me (feat. Nicki Minaj),Little Mix,70,0LwHCgw6mequ1dExqQEFpS,Woman Like Me (feat. Nicki Minaj),2018-10-12,Electropop 2019,4Bi8VLtaSu0JILliif8lH6,pop,electropop,0.757,0.849,5,-3.424,0,0.0536,0.173,0.0,0.0878,0.826,150.036,228207
7pAFUKEZLgROw7CBtl9spL,It's Automatic,Freestyle,34,4sHFPo45X37xEmc8k8mA6r,It's Automatic,2013-11-28,80's Freestyle/Disco Dance Party (Set Crossfade to 4-Seconds),1oReEujyWpQv2OX68BVPPA,latin,latin hip hop,0.78,0.766,1,-7.752,1,0.0346,0.00194,0.00334,0.0775,0.75,124.884,351318
1tuwC1Ob5vnYZhvg3zyzJg,Pictures of You,The Cure,57,6vQB3ZBxnQPP3jQcGV2qzg,Disintegration (Deluxe Edition),1989-05-02,I didn’t know perm stood for permanent (wave),3e6gYPyrTbaB8BWgSHCt5j,rock,permanent wave,0.484,0.776,9,-6.48,1,0.0312,0.00371,0.109,0.131,0.495,171.935,448467
3SZqA7rQvROJsCbUu2v0xa,Go Loko,YG,78,1GZ1ugREGYIdS5isG2PIFD,Go Loko,2019-05-03,Chixtape 5 - Tory Lanez,0UXwwVDipbBQeEX7h4YuKU,r&b,urban contemporary,0.88,0.67,2,-5.188,1,0.0429,0.299,5.08e-06,0.0677,0.142,100.995,299227
5bTaLbpRK8aJvqf2xHlwa7,Georgia,Brittany Howard,50,6fbphjr9j57oxMB2bnhzUf,Jaime,2019-09-20,Ultimate Indie Presents... Best Tracks of 2019,37i9dQZF1DWTc5QDlvD7t0,r&b,hip pop,0.369,0.549,10,-7.436,1,0.0892,0.512,0.099,0.116,0.246,91.579,198057
0sv9l1SyBPFhowpwXClpif,Война,Basta,28,2yC6dHwRBwcLLm3b6xFuZM,Баста 2,2007,RUSSIAN Gangster Rap,0Jw0HckkxCfIrOvpN081eV,rap,gangster rap,0.808,0.578,9,-7.444,0,0.403,0.423,0.0,0.125,0.652,93.041,236278
273dCMFseLcVsoSWx59IoE,Bad Blood,Taylor Swift,62,2QJmrSgbdM35R67eoGQo4j,1989,2014-10-27,2015 songs,6UJw1egIcZVfrBmcKs5uHH,edm,pop edm,0.652,0.802,7,-6.114,1,0.181,0.0871,6.45e-06,0.148,0.295,170.157,211933
1D1LnW0mJ46GStJcYzgA6V,So Sick,Arythma,36,2KId5ZtzaDumW4eGZf4sFZ,Life...Changing,2009-01-01,Workout Hard Rock,4TG1lzMD9HFvZ9E1Bk6Gnu,rock,hard rock,0.41,0.883,6,-5.648,1,0.0384,0.00339,0.0,0.114,0.518,158.102,191987
1BK5u5dCqEateAptzwHaYa,Sex for Breakfast II,Lo'fi Boy,59,4qQeb11W22VLmRzOV3JY65,Sex for Breakfast II,2019-11-22,Lo-Fi Beats,37i9dQZF1DWWQRwui0ExPn,rap,hip hop,0.784,0.346,6,-12.193,0,0.0645,0.226,0.899,0.0869,0.379,145.553,148454
5SVwYZ8kVz8IXVm8Bji6XY,That Smiling Face,Camouflage,27,0WLoRRnniJBLPBjkqw3rfM,Voices & Images,1988,80's Freestyle/Disco Dance Party (Set Crossfade to 4-Seconds),1oReEujyWpQv2OX68BVPPA,latin,latin hip hop,0.623,0.683,10,-12.658,0,0.0329,0.0196,0.194,0.274,0.7,104.202,301793
7erwmNbnZygmlqYHhSXKoT,Ovation,Pomegranate Tiger,18,0PPEx5fIfCQesfyebojcvH,Boundless,2015-12-11,Permanent Wave,5Go0Jsxj1UnsU7Om841BEo,rock,permanent wave,0.356,0.367,2,-13.354,0,0.0411,0.876,0.904,0.108,0.279,109.025,267680
2wZJLu2kZfZW05Surb58Fs,Dancing Cheek to Cheek - Remix by Sefi Carmel Feat. Gani Tamir,Fred A. Staire,31,0LrEGL1wlut5B9sWXsomlN,Puttin' on the Ritz - A Tribute to Fred Astaire,2017-12-01,Electro Swing Top 100,5M7xLCQTYJL0lbKIrUn3a4,edm,electro house,0.798,0.832,0,-5.34,1,0.0916,0.167,0.0169,0.105,0.717,117.967,225890
6Pgkp4qUoTmJIPn7ReaGxL,Without You (feat. Sandro Cavazza),Avicii,81,1m3mf7xkXIwssVriaaTjOS,AVĪCI (01),2017-08-10,Dance Pop Hits,37i9dQZF1DX6pH08wMhkaI,pop,dance pop,0.662,0.858,2,-4.844,1,0.0428,0.00163,0.0,0.0456,0.295,133.993,181673
7AObnx2EzL6FeYjmdjPCoA,Ella Ella,Don Omar,47,6mGDfbDErYIJsmSewvccWm,Meet The Orphans,2010-01-01,This Is: Don Omar,37i9dQZF1DWYBUdckfg1va,latin,reggaeton,0.821,0.667,0,-5.845,0,0.124,0.188,0.0,0.0647,0.688,96.415,202600
2IQvTnOS1sicZ3plBZL6KR,"Over My Head (Cable Car) - Live at Sirius Radio, NYC, NY - May 2006",The Fray,53,0NgiEbNqjo4ZqnSuMApXHz,Over My Head (Cable Car),2005-10-07,Unplugged Hits 📣,5NTm3injIRkUMROsZr3C2O,latin,latin pop,0.6,0.467,8,-9.056,1,0.0274,0.445,0.0,0.321,0.583,117.121,230133
2bPtwnrpFNEe8N7Q85kLHw,Combatchy (feat. MC Rebecca),Anitta,85,4YQQS1DM9JskregbISv1dq,Combatchy (feat. MC Rebecca),2019-11-20,Global X,37i9dQZF1DWUxHPh2rEiHr,latin,latin pop,0.826,0.73,1,-3.032,1,0.0809,0.383,0.000374,0.0197,0.605,150.134,157600
15B7kFheVr038CVWanmOY2,Reach For Tonight,Div Eadie,10,1qNePqWLAlNplTgqJhdx4R,Hardwell On Air - Best of January 2019 (Part 1),2019-01-18,Big Room 2019,6SrHyxIxWfQx9ISEr6yowk,edm,big room,0.551,0.718,2,-3.412,0,0.0316,0.495,0.0,0.685,0.224,128.045,217500
2ASx7GNCypmXa7IiKILPwh,Burn,KSHMR,25,46QO6Ux6TAzOHJU8OfLNC9,Burn,2014-10-06,Big Room House | Festival Bangers,5Bx5niVgi3qGQQw06C0RKq,edm,big room,0.757,0.885,7,-5.109,0,0.146,0.000921,0.919,0.0484,0.258,128.009,225000
2KHls7uaYRy37TSyOoNrqL,Every Picture Tells A Story,Rod Stewart,5,3fa5cl6Nplripk1h9z1SFv,Every Picture Tells A Story,1971-01-01,70s Pop & Rock Hits and Deep Tracks,1uKFRCQYci8kVgMy3xzTVH,rock,album rock,0.547,0.852,7,-9.619,1,0.0403,0.0676,0.0,0.0688,0.732,143.745,359733
5YVtM6pBdjRhPCr9iH2tMC,Renegade,The Anix,44,31QNClG7HObkBtqtF5Kvfz,Renegade,2019-08-29,Rock Hard,37i9dQZF1DWWJOmJ7nRx0C,rock,hard rock,0.435,0.82,2,-4.694,1,0.0453,0.000217,1.71e-05,0.0884,0.146,152.051,228947
6m3ZWIXhjoV76syT1j2oE9,Coming Over,Dillon Francis,62,5yscEifoZw3M3abIVCr8ed,This Mixtape is Fire.,2015-08-14,ELECTROPOP🐹,44p8nNLe4fGfUeArS3MaIX,pop,electropop,0.631,0.661,5,-5.5,0,0.0999,0.227,1.43e-06,0.166,0.698,174.031,178333
4Yf5bqU3NK4kNOypcrLYwU,Faint,Linkin Park,69,4Gfnly5CzMJQqkUFfoHaP3,Meteora,2003-03-24,L' ALBUM ROCK,0jilq2XZP9F2fwzp2k6iXK,rock,album rock,0.554,0.978,4,-3.554,1,0.131,0.111,0.0,0.0731,0.594,135.095,162600
23aXhG2x664ZNxtgU7gjzE,Another One Bites the Dust / All Right Now,Genital Motors,42,2npNuqL4GOLPC4OrinHxdg,"Another One Bites All the Voodoo Dust Right Now, Child!",2019-02-20,Classic Rock,5BygwTQ3OrbiwVsQhXFHMz,rock,classic rock,0.75,0.651,2,-5.247,1,0.0461,0.128,2.58e-06,0.183,0.694,115.015,250105
6eyfNzFRKw8VqELJCcFKGM,Hollow Bastion,Saving Vice,44,5atdSux5K2Po6y74qaFbu1,Hollow Bastion,2019-12-17,Hard Rock Workout,3YouF0u7waJnolytf9JCXf,rock,hard rock,0.402,0.953,11,-3.253,1,0.0955,4.52e-05,0.000125,0.345,0.29,152.038,204125
59QmL8ygKtVfMHmPx3GaBX,All The Love You Got,MOTi,57,7iCEc635CaDogFMA6NPmUc,All The Love You Got,2019-12-20,Dance Room,37i9dQZF1DX2ENAPP1Tyed,pop,dance pop,0.762,0.736,7,-7.66,1,0.0778,0.135,0.0538,0.113,0.248,126.007,165714
1AJ8AeP1TFvvCGizmxLyPt,Strangers After,Flight Club,21,2IUVvfWjzKYrGNhq0g8UDd,Recreational Love,2019-11-15,HARD ROCK Vibes,28817h8FTrRI4V40DqHVaB,rock,hard rock,0.526,0.794,8,-6.198,1,0.0322,0.0115,0.0364,0.181,0.411,124.004,229603
7xOL48SkeqW5qC9F9uyenT,Черная Волга,Kaspiyskiy Gruz,41,6x1ndTXmTnOSlYzP9CB42k,The Брутто,2016-07-12,Russian Gangster Rap,0u0qLLE8MZc679RZWCk1TT,rap,gangster rap,0.682,0.562,0,-9.105,1,0.327,0.167,0.0,0.613,0.534,151.787,286776
4wtR6HB3XekEengMX17cpc,Children,Robert Miles,67,5vwm8dEf7xGTqUAas8zGdC,Dance Vault Mixes - Children,1996-07-11,90s Dance Hits,50cXvxgMGrvoUeLhkzCyIO,pop,dance pop,0.604,0.755,0,-10.761,1,0.0337,0.000295,0.812,0.0625,0.388,137.064,243267
0qkC5nUg2M4EDHCGxP9rfH,Sirius,Cityzen,35,2WUwX2kPct0lc76rYHnDUo,Sirius,2019-05-17,Nasty Bits,37i9dQZF1DX2VvACCrgjrt,edm,electro house,0.725,0.964,2,-4.497,1,0.0654,0.00257,0.848,0.447,0.394,124.024,129677
1OaKrd3kWUOrltf6hoTZjk,Narda,Kamikazee,58,1QMMXG50CdKyrCsZFMmymj,Maharot,2006,Pinoy Classic Rock,37i9dQZF1DWYDQ8wBxd7xt,rock,classic rock,0.604,0.756,2,-4.85,1,0.0352,0.0176,0.0,0.106,0.308,120.436,284987
4ojwGTehgBRAg52jbFgzJg,Me Reclama,Mambo Kingz,66,6KL1vHSZ0XfmL2NJF5iFE1,Me Reclama,2016-01-23,Reggaeton Rewind,37i9dQZF1DXco4ODkIraMD,latin,reggaeton,0.755,0.72,1,-4.215,0,0.0826,0.348,0.0,0.168,0.713,175.93,187493
6RBsFW2PBiJtCYZmNpia5G,Regulate - Le Boeuf Remix,Warren G,48,5HE2LhFUMTw1KhwY2x0O5y,Remix The Classics (Vol. 4),2016-12-09,Tropical House,37i9dQZF1DX0AMssoUKCz7,latin,tropical,0.85,0.729,6,-4.088,1,0.0496,0.0702,0.0498,0.0542,0.731,111.99,218571
67XS7eWumbLVktm0QSkks4,Lo Que Sangra (La Cúpula) - Remasterizado 2007,Soda Stereo,50,3QTxxZucih0hympCczXXuO,El Ultimo Concierto A,1997-10-09,Soda Stereo – El Ultimo Concierto,3opIxv3Y5GmXDNpbLFZxIm,rock,album rock,0.381,0.87,0,-5.804,1,0.042,0.0302,0.00973,0.818,0.634,102.931,316827
12C6ufD5zOWsQGHQY7aXRM,The Violence,Rise Against,62,4sz6Fn4BYORRLIc1AvQwQx,Wolves,2017-06-09,Workout Hard Rock,4TG1lzMD9HFvZ9E1Bk6Gnu,rock,hard rock,0.294,0.92,10,-2.471,0,0.0635,4.11e-05,0.000232,0.0804,0.582,184.007,228720
7J41dYQolQJEtj3UmKLu5r,U Got It Bad,Usher,70,6k16WXh4rKyusIoN00rmpi,8701,2001-08-07,90s/00s Hip Hop & RnB,0Ar0Ng9DlAWZtSPBvOQgOa,r&b,hip pop,0.816,0.5,1,-4.551,1,0.03,0.0227,1.53e-06,0.0733,0.649,124.037,247840
4QtiVmuA88tPQiCOHZuQ5b,"1, 2, 3 (feat. Jason Derulo & De La Ghetto)",Sofia Reyes,75,1jHSAfCHKUFx5imuezI7HE,"1, 2, 3 (feat. Jason Derulo & De La Ghetto)",2018-02-16,Los Cangri,2hTs6GuPwhmg4ApNqxWXLE,latin,latin hip hop,0.792,0.895,1,-3.112,0,0.0589,0.165,0.0,0.0501,0.794,94.968,201526
1XeaBc0qxmiu1LdxIThsbf,Drogadicto en Serie,Crack Family,0,2CKpJz5bfyL7SwaDvw7G4q,La Familia (Capitulo 1),2010-10-12,Mexican Gangsta Rap,28Ke4pXWqF2A5b2GfQ1pQt,rap,gangster rap,0.767,0.667,2,-8.165,1,0.322,0.278,0.0,0.109,0.858,94.341,206106
73CnMsl2HyVetQod6DVPG6,From Me To You - Radio Edit,Yolanda Be Cool,37,2IAVckD47tAiueHwsPmHpW,From Me To You (Radio Edit),2016-03-04,Tropical Morning,0vbtbmyihyvl2MVYrdKdGw,latin,tropical,0.633,0.956,3,-2.26,1,0.0358,0.108,0.0402,0.0853,0.596,123.971,213086
2LG8qfrWc1UeViqnGMKnkJ,In The Air - Axwell Edit,TV Rock,0,3b5POyFRL9zKFCBPeJJdKN,In the Air (Axwell Remix) [feat. Rudy],2010-05-02,Selected House,2JPzPB9jnvJLAYtmCbvZy8,edm,progressive electro house,0.565,0.885,10,-4.999,0,0.0319,0.00862,0.168,0.71,0.524,128.044,154999
6KbcU0uIDHFnOSMIO5mPiG,Senta Vai,Mãolee,63,3yEmk5V2FdYSMqv37eeCLV,Senta Vai,2019-04-23,Trap Funk,37i9dQZF1DWTGaQ84g8alz,rap,trap,0.822,0.587,10,-7.448,0,0.203,0.202,0.0,0.0898,0.594,132.964,237293
1rs1Ne4fPePTvpEmb7xtjk,Change My Mind,Lucie Silvas,21,1VVaCcDi6CDJ86XpyGVUQ0,E.G.O.,2018-08-24,Sexy Soul 2020,5EMARioe9z9eKOeWIAC2JW,r&b,neo soul,0.317,0.41,0,-9.815,1,0.0367,0.159,0.000227,0.108,0.148,137.088,251133
73I8DHgYBcQ2MzvfByHKUd,Tsunami,Bipo Montana,49,2QpfqFyIIz5kyVuP9tYXe5,Tsunami,2019-06-21,Trapperz,37i9dQZF1DWUmxBdWX3Pp4,rap,trap,0.762,0.869,2,-1.009,1,0.0965,0.194,0.0,0.0798,0.547,86.011,204318
7Ar4G7Ci11gpt6sfH9Cgz5,Listen to the Music,The Doobie Brothers,75,2x1Yi30lsWJUoBj1kmovnm,Toulouse Street,1972,House Of The Rising Sun,1bMYfBHYBCRHY5LGkjlpSy,rock,album rock,0.645,0.598,1,-13.18,0,0.0335,0.221,3.53e-06,0.0721,0.913,105.929,227267
39ANtyofTUt08iQ3k6FMYS,Tell 'Em I Said That,T.I.,35,1TrOr46SzyI7z9C6YnMRnM,T.I. VS T.I.P.,2007-06-12,Southern Hip Hop,57sYMLFXGD4ZqizzcMD7lz,rap,southern hip hop,0.315,0.866,1,-4.965,1,0.322,0.0714,0.0,0.278,0.416,74.601,294533
3QP4PFk6ExkTlHQgfOHppJ,The Cat,Eprom,42,2W7IvBrsQstbulR6QhMKH9,The Cat,2019-02-27,Trap Mojito,37i9dQZF1DX1OIMC8iDi74,rap,trap,0.635,0.192,5,-9.936,0,0.211,0.384,0.629,0.377,0.0376,130.038,150600
29zBeRiLVnkDEj7tvmLVOU,Fall In Line (feat. Demi Lovato),Christina Aguilera,57,7MfUiQkVEDkOSmU83A2C9q,Liberation,2018-06-15,Urban contemporary,1ZlL3IQS8eB0s0RMxz02yD,r&b,urban contemporary,0.39,0.631,9,-4.701,0,0.0769,0.209,0.0,0.277,0.197,123.042,248544
5JAWf4omEzwccQNE8Y6kvn,Bloodbuzz Ohio,The National,47,59gXPxZ8CwFaeknPxtxXHZ,High Violet,2010-05-11,Ultimate Indie Presents... Best Indie Tracks of the 2010s,37i9dQZF1DWTHM4kX49UKs,pop,dance pop,0.39,0.834,9,-6.367,1,0.0444,0.0554,0.18,0.103,0.684,157.077,275933
5ybydtBlJJL82AprlvN7Lg,Magnets - A-Trak Remix,Disclosure,2,06tuUa5n7dvjX4zRMQLBSo,Magnets (The Remixes),2015-11-16,@deniceemoberg EDM - POP REMIXES,2fbrY1tuoW8Uji14H7623k,edm,pop edm,0.618,0.82,10,-5.7,0,0.0871,0.0578,0.000171,0.131,0.56,125.019,260443
3iT2DE52a7FkqAJ89sPa5h,Close to Me,Alex Fosse,43,0yzLntAmAObE3tPpIGvHrM,Close to Me,2019-11-01,Tropical House 🏝 2020 Hits,2SRbIs0eBQwHeTP7kErjwo,latin,tropical,0.635,0.761,11,-6.971,1,0.113,0.0257,2.04e-06,0.103,0.337,99.917,167438
6t1FIJlZWTQfIZhsGjaulM,Video Killed The Radio Star,The Buggles,63,5KKpKvLOS4tCV7cSOwIOWF,The Age Of Plastic,1980-01-10,Classic Rock Radio,4lIywN6kXl9KPm3OQ8u8G7,rock,classic rock,0.675,0.61,1,-13.811,1,0.085,0.0852,0.0188,0.159,0.344,131.037,253800
5YE9oK9hsP24Qvu31CqV2J,Open Your Eyes,DTU,7,1B25u80kX4xI9X1tOqmonN,Tazmania Freestyle Vol. 1,2007-12-21,Latin Hip Hop/Freestyle,2MYEUjX0YAI9dxrBDzoCK7,latin,latin hip hop,0.604,0.59,9,-13.388,0,0.0434,0.00117,0.000105,0.0896,0.415,125.257,248800
1DLbjtj2CSYt5Y9kJ0mkXE,Let's Get Crazy,Quiet Riot,0,6vkV2KHZGbRu1j45p7SJB4,Playlist: The Very Best Of Quiet Riot,1983,Classic Hard Rock,1gAeQGQ7hr2q7IYmaejDW6,rock,hard rock,0.387,0.941,2,-5.118,1,0.0704,0.0109,2.4e-06,0.618,0.546,127.96,247600
6Skaff5sYdMaqq7p3Cx2Zm,Rattle - Original Mix,Bingo Players,41,2f9sucvfiuMmUIsxnESaog,Rattle,2011,ElectroPop 2020,4frhr6RQM2fMOm2mpvOVo6,pop,electropop,0.744,0.957,7,-4.8,1,0.0519,0.00152,0.884,0.352,0.529,127.991,287184
6plT7nFGiXKSBP9HFSI4ef,Chum,Earl Sweatshirt,67,5vRfIDOPJHy3W2wHWbzLlE,Doris,2013-08-16,Ultimate Indie Presents... Best Indie Tracks of the 2010s,37i9dQZF1DWTHM4kX49UKs,pop,dance pop,0.51,0.503,10,-8.756,0,0.242,0.0216,0.002,0.108,0.193,153.582,243773
0rFQ5cKYJ9WtHSKp9sxVYt,Heartless (feat. Morgan Wallen),Diplo,82,4YEes0AZtUChqtLBwaQLzh,Heartless (feat. Morgan Wallen),2019-08-16,Pop - Pop UK - 2019 - Canadian Pop - 2019 - Pop,46Cl6dmeiylK6TRGXr7hHe,pop,post-teen pop,0.764,0.555,11,-6.414,1,0.0604,0.275,0.0,0.0824,0.255,111.004,169227
760xFXFj5Fksa3jawSCn5g,Goody Two Shoes,Adam Ant,51,2GAvEhQNAUpsx1DF2SfyNA,Friend Or Foe,1982,The Sound of Permanent Wave,4EYSGTuqe9cVfSVpX4gtGv,rock,permanent wave,0.624,0.991,1,-3.467,0,0.135,0.0289,0.0107,0.0477,0.535,95.472,209213
3KKGBhKtAyspFBw8FtNQrL,Yesterday (feat. Maxx Owa),GASHI,55,1fd9ERd2XLppseTB8bTbBW,GASHI,2019-09-20,Contemporary Urban,6wyJ4bsjZaUKa9f6GeZlAO,r&b,urban contemporary,0.665,0.607,11,-5.911,0,0.0497,0.00585,0.000213,0.104,0.405,97.97,195509
2rbsEUWhJoC1fwTFihoOWI,Turn to Stone,Electric Light Orchestra,1,2qd7QaBMaK15aNWo7mdWMH,Out Of The Blue,1977,70's Classic Rock,76lrxCrKrGDkDDf3SVPnl3,rock,classic rock,0.548,0.72,1,-9.777,0,0.0409,0.0686,0.000232,0.107,0.458,140.966,229093
5YerFzhEvwr70WP8qXgd6o,White Sky,Pelicandy,14,0Rl2A8xB8xTCYO7BMUcFUu,White Sky,2019-05-23,Indie Poptimism,21nxmipQe5xtXoHHPaYfnY,pop,indie poptimism,0.702,0.626,6,-7.796,0,0.0635,0.0178,0.0305,0.15,0.863,94.028,198856
47RYQsFm8QIxEEqLIaWd6I,Magic Man,Heart,0,38c7EmARh2abfBJh6VNoeY,Greatest Hits,1998,70s Hard Rock,6pZlZ20vt3aDjIKw98aBtQ,rock,hard rock,0.431,0.42,7,-13.894,0,0.0352,0.0193,0.00148,0.815,0.733,103.664,327533
3hv6ndi7uFT9L9wrhQCsqY,Gucci Flip Flops (feat. Lil Yachty),Bhad Bhabie,70,5I0eRWD0PLOmswFHZhcD12,15,2018-09-18,Feeling Accomplished,37i9dQZF1DWTDafB3skWPN,r&b,hip pop,0.82,0.603,8,-7.18,1,0.308,0.0351,0.0159,0.122,0.177,159.976,151851
38PZRw7TuspVpgr6kyZh0d,Unlove You (feat. Ne-Yo) - Club Mix,Armin van Buuren,43,4BAhBmRbPdCJqe6HEXnkFO,Unlove You (feat. Ne-Yo) [Club Mix],2019-12-06,Electro House Top Tracks,1G0q0NK7g3C0XerNqq7GbL,edm,electro house,0.498,0.916,6,-3.97,1,0.088,0.0054,8.07e-05,0.111,0.302,127.786,161953
7n5fIejIU8XJ8BZMLK1UTl,Beauty Mark,Deonna Martin,1,1de8Ud3J7Z77inU9IJwq86,Beauty Mark,2007-12-18,Gospel Neo Soul,2wP2UAYC4Nqb6oUXkMJlAz,r&b,neo soul,0.372,0.425,9,-7.082,1,0.0314,0.833,0.0,0.0978,0.325,111.907,216000
57TxIrsbEN2xlRvkjYzUeD,In The Morning,Kharfi,36,5cUCWbZRGJ98PXO7JM1l9U,In The Morning (Original Mix),2019-07-19,Tropical House 🌴,06zrBJ5cts5aemZmqe80J7,latin,tropical,0.597,0.697,0,-5.508,0,0.0396,0.00195,0.0,0.222,0.638,110.071,198682
1Mj7rQgu2HTtDhKD90nnDS,Homenaje A Miguel - Live,Miguel Rios,0,5fstCqs5NpIlF42VhPNv23,Rock & Rios (Remastered),2005-01-01,Rock and Rios,2gpKfzXEi8QWvgBNPDPk5R,rock,album rock,0.187,0.421,0,-14.728,1,0.0392,0.28,0.685,0.576,0.073,63.248,141853
6nUO8aoRWfBW3APVzLpF0q,Arráncame,Marissa Mur,12,7D0wNi1wc3uflkAR864Edq,Arráncame,2018-09-28,Paraíso Tropical,2v41efarffe6iY8qpMK5Gj,latin,tropical,0.739,0.601,9,-7.885,1,0.0542,0.464,1.74e-06,0.329,0.815,101.988,215086
7GxyTvjHH1rH96TYJnBceA,Arroz Con Pollo,Maxwell,0,1nOGYTmQGy5hTwu5cKku7E,Embrya,1998-06-30,Neo Soul,2YPP7fiYu5pIcp2yyHvw4A,r&b,neo soul,0.82,0.446,1,-13.181,1,0.0872,0.0103,0.847,0.119,0.464,96.043,175933
5My5YI9oqE9MZcHIrm38BJ,"The Sweetest Thing (feat. Lauryn Hill) - From the New Line Cinema film ""Love Jones""",Refugee Camp All-Stars,42,7dt0RR2Kbvu3ZuWloudfjI,Love Jones The Music,1997-03-11,Neo-Soul / Soulful R&B,4F3xAxHxeBwXhK6k6GPnrW,r&b,neo soul,0.609,0.598,7,-10.084,0,0.1,0.0159,2.07e-05,0.0749,0.333,83.822,292000
5ceEaDSTtQR6HQ9yfEB6Sj,Yamamoto - KMN Street EP,Noah,40,7alWQ48VljUIh1JxA16otv,Fast Life,2018-03-30,Gangster Rap Deutsch,1qXg9ck25tBRxeXsj8mbDG,rap,gangster rap,0.781,0.705,7,-4.821,0,0.0974,0.377,0.0,0.164,0.276,93.973,188936
6a9MKm9Q03tVUjj0AeeqCx,You Are My Summer,La+ch,40,1oqWybPlzcQaIS3UehQe0X,You Are My Summer,2014-08-01,@deniceemoberg EDM - POP REMIXES,2fbrY1tuoW8Uji14H7623k,edm,pop edm,0.659,0.562,0,-9.2,1,0.0623,0.0116,0.866,0.111,0.374,128.004,256016
38w6aqERgBYjyvWQsltcvs,If You Leave - Remastered 2019,Orchestral Manoeuvres In The Dark,49,5CVouzgQnK0xK3M3YC8ncs,Souvenir,2019-10-04,Permanent Wave CHDB,2foj4ZYVHRGqSd1aMqNPBj,rock,permanent wave,0.628,0.868,0,-4.924,1,0.0334,0.0686,0.0805,0.212,0.863,120.197,269800
1aqsnPgXG1tlIAp3cOy5pR,Battle Inside,My Own Words,32,2lZL4LEHr9WMc3WfGtLEtp,Battle Inside,2019-10-04,Hard Rock Workout,3YouF0u7waJnolytf9JCXf,rock,hard rock,0.423,0.858,7,-5.077,1,0.0542,0.00074,0.0,0.092,0.37,148.02,194392
0pwsArxxOsBcdixah8dWbX,All on Me,Olivia King,47,2CjODxkcxTh9KQILlQxW7w,All on Me,2019-10-25,2010 - 2011 - 2012 - 2013 - 2014 - 2015 - 2016 - 2017 - 2018 - 2019 - 2020 TOP HITS,2DjIfVDXGYDgRxw7IJTKVb,edm,pop edm,0.576,0.674,4,-4.837,0,0.12,0.24,0.0,0.203,0.634,149.742,168020
0AGpftxgPuEUhFfWDE8zil,Wild Mind (feat. Tiffany Blom),Jay Hardway,41,2nmFDpMMfCm9Hn4zzL6piX,Wild Mind (feat. Tiffany Blom),2019-11-01,Electro House Top Tracks,1G0q0NK7g3C0XerNqq7GbL,edm,electro house,0.574,0.605,10,-6.193,1,0.0397,0.0963,0.0,0.206,0.242,127.952,197344
76WNl0hDHHxTUhfLrEIBSm,Lonely Together (feat. Rita Ora),Avicii,6,6Vn8F3hERVHYYz5RfKmsAN,Phoenix (Deluxe Edition),2018-11-23,Dance Pop Hits,37i9dQZF1DX6pH08wMhkaI,pop,dance pop,0.638,0.656,5,-5.299,1,0.0611,0.143,5.76e-05,0.094,0.271,103.081,181960
6oZQUfZVGOwKmb9Zsjd0vx,Unforgettable,Aerreo,44,1N6bSsrepPdy2ZXbQ3iv3H,Unforgettable,2018-11-02,Pop Dance Hits,7eERKCkgNKCCx5GYdeMIZf,pop,dance pop,0.627,0.722,0,-5.898,1,0.0248,0.0931,3.74e-05,0.225,0.261,93.02,221935
0EM0yABJzbFOvZQkfvuvCy,TOGETHER,KAYTRANADA,58,1dZZh7PvVgce1DDsDPzy8Z,99.9%,2016-05-06,Groovy // Funky // Neo-Soul,0JmBB9HfrzDiZoPVRdv8ns,r&b,neo soul,0.825,0.694,1,-7.604,1,0.177,0.0247,0.0124,0.356,0.809,112.017,197240
5ntc7RlZu43qOqNsHfEseg,Scab,Chicano Batman,38,74qi2MyJ2r82E283Uswsih,Black Lipstick,2019-06-21,Vibra Tropical,37i9dQZF1DX3fXJqxGjuEP,latin,tropical,0.482,0.613,4,-8.537,1,0.0797,0.195,6.04e-05,0.0967,0.555,178.202,227600
3sFX86i3Qebco0KhrUVCoL,FWB,E Z R A,25,3TBGv5SBJ72LO9pTmk9B8m,FWB,2019-12-27,RADIO POP CHARTS,6Hbd65HmEAxTJ3cHZNUz2h,latin,latin pop,0.663,0.603,7,-6.723,1,0.136,0.349,0.0,0.0969,0.64,90.036,177337
4ZxH5B7JMRjNbHRm47AzUy,"Where You Are, Pt. 2 (Is Where I Wanna Be)",Donell Jones,27,5L5nD7OgxeVH86DQMQb0Pf,The Best of Donell Jones,2007-09-25,Neo Soul Music,78RRvktrPMSqAoCI21mNOe,r&b,neo soul,0.585,0.311,0,-11.558,0,0.0403,0.59,0.0,0.272,0.385,125.936,229747
5YxP1CkunbhUQVvctFOHa7,fuck 3x,tha Supreme,79,42wflBbrb9OchJfd3qiGRO,23 6451,2019-11-15,Zona Trap,37i9dQZF1DWXU2naFUn37x,rap,trap,0.655,0.814,5,-5.472,0,0.0823,0.0698,0.0,0.107,0.69,180.082,161266
3sz2fvkHUhBip8r9i8HqeV,Down For Me,G-Eazy,61,3fPVpa5c6VFluIWqn176sV,Step Brothers,2017-04-11,Hip Hop Controller,37i9dQZF1DWT5MrZnPU1zD,rap,hip hop,0.545,0.601,1,-7.85,0,0.298,0.0454,0.0,0.164,0.346,95.848,203613
66rEgkLMTnQNlH5wSrrIpW,Crashing Down,Aitor Blond,34,0oufxfEcgEPb6CTl6gUocI,Crashing Down,2019-08-30,Trending EDM by Nik Cooper,4N1ipiKR3xla8UXtE12XBm,edm,progressive electro house,0.592,0.811,2,-6.896,0,0.0646,0.0965,0.00358,0.165,0.0998,128.057,217202
2rl644SDyLDBBKhUPSFucq,Warrior,Oriel Poole,27,1GFn24DJrp5OFYJuMEGzJ4,Warrior,2019-12-31,The Edge of Indie Poptimism,5vIdb67lQcdFwoVkE4UMep,pop,indie poptimism,0.619,0.65,6,-8.56,0,0.0489,0.102,0.000248,0.143,0.391,94.013,228511
5krOROgmf8adn3SJzeKLZy,Back Then,Mike Jones,58,1YU3MPIMY9rZOE899khVj2,Who Is Mike Jones?,2005-04-19,Hip-Hop Drive,37i9dQZF1DWUFmyho2wkQU,rap,hip hop,0.776,0.736,9,-6.308,1,0.255,0.0101,0.0,0.18,0.536,159.838,244187
5xE7sFTlv2yrG9mmhDSpdq,Come and Talk to Me - Remix,Jodeci,60,5Bp5PZqYJ9tiz0Hf6lOD5Q,R&B Hits,2005-10-04,The Sound of Urban Contemporary,07zF8MjQPsiYUXiAIGZ5TA,r&b,urban contemporary,0.72,0.657,11,-6.823,0,0.295,0.0262,2.33e-06,0.209,0.657,172.168,295387
04MLEeAMuV9IlHEsD8vF6A,No Stylist,French Montana,76,0DMvfJWc1DjSbmnJF1NW1o,No Stylist,2018-09-20,Hip-Hop Mixtape,37i9dQZF1DWVdgXTbYm2r0,rap,hip hop,0.765,0.704,5,-4.589,0,0.127,0.0215,0.0,0.227,0.498,147.055,192172
1lhpxZT57yw5toGJtt8fGE,Old Time Rock & Roll,Bob Seger,18,3IqhO2ukdUkAs83DzamqIJ,Stranger In Town,1978-05-05,House Of The Rising Sun,1bMYfBHYBCRHY5LGkjlpSy,rock,album rock,0.713,0.931,6,-2.965,1,0.0394,0.219,0.0,0.0694,0.963,124.127,194147
2ItO4ZVCtwEHuLL6ygajGM,Let The Music Take Control,W&W,62,1Ot052om0xcjUFSQqXu6ZT,Let The Music Take Control,2019-05-17,Big Room Beast,3PNyCpkY7NAXyhopBpj7vc,edm,big room,0.388,0.971,6,-2.274,0,0.149,0.00143,0.091,0.433,0.175,194.956,156450
7kUycEYvdRdHmXmxRiywPE,Big Shot (feat. Mustard),O.T. Genasis,65,6zeT0To7fzZjYNu2O4KZB5,Big Shot (feat. Mustard),2019-10-25,The Sound of Southern Hip Hop,18jT9NMRZifv6cMtK2jWD4,rap,southern hip hop,0.873,0.591,2,-5.928,1,0.226,0.168,0.0,0.117,0.277,100.515,143333
4FP0feSGbkdt7DfT6YTM69,Dragostea Din Tei - Romanian Version,O-Zone,47,2iifr78POMc1ie6oL5TZuo,Dragostea Din Tei,2003-08-01,BALLARE - رقص,1CMvQ4Yr5DlYvYzI0Vc2UE,pop,post-teen pop,0.8,0.964,0,-3.858,1,0.0416,0.171,0.0,0.0624,0.699,130.083,216033
6bUNEbXT7HovLW6BgPCBsb,Roses,OutKast,71,1UsmQ3bpJTyK6ygoOOjG1r,Speakerboxxx/The Love Below,2003,Hip-Hop Drive,37i9dQZF1DWUFmyho2wkQU,rap,hip hop,0.751,0.708,0,-5.645,1,0.0545,0.0481,1.83e-05,0.107,0.509,108.97,369573
2MmmLzAFA2XmKB4hP843gh,Oh Baby,Seizo,46,2RKn3sW8xSUVgChxnvDVl0,The Bearded Man - Beards On The Beach (Ibiza 2016),2016-06-17,Tropical House,37i9dQZF1DX0AMssoUKCz7,latin,tropical,0.696,0.798,8,-5.011,1,0.0345,0.0281,0.00119,0.118,0.388,124.023,159896
3c4bJL7mARZvd387847GsC,Precious,Depeche Mode,57,0oHWHIlUObaSopO9wOhvfz,Playing The Angel (U.S. Release),2005-10-18,permanent wave,7rPsfDTqiZYIT4PVzQ4c0c,rock,permanent wave,0.568,0.838,1,-6.138,1,0.0266,0.0889,0.0567,0.0994,0.852,104.988,245867
2JRANskTqp0wzBjxrJd8ek,Si Voy a Perderte,Gloria Estefan,40,5wd5UKNNwGZF78zdxFvabY,Exitos de gloria estefan,1990-09-16,This Is Gloria Estefan,37i9dQZF1DXarsfY89zXC6,latin,latin pop,0.576,0.34,5,-12.999,1,0.0255,0.519,0.0,0.0861,0.431,82.226,246840
2zIAPysksDdMAiG33qH6kW,Ordinary Day (ft. Hailee Steinfeld),Logic,57,1lyjkFTJ6yxUyNYysWVBo9,YSIV,2018-09-28,This Is Logic,37i9dQZF1DWTIuAboZgTMf,rap,hip hop,0.748,0.894,1,-6.67,1,0.0748,0.0224,0.0,0.143,0.839,157.988,188400
46FW5ZZ6fOF1WpMTEOVEHX,Runnin' with the Devil,Van Halen,41,7ndqT6LH9o6YQ5uA7aT0St,Best of Volume 1,1996-09-24,80s / Classic Rock,29dTrOurPDrMcrnio2q6hZ,rock,classic rock,0.432,0.88,1,-5.769,0,0.0656,0.0206,0.000191,0.185,0.527,95.59,216733
6p1FD2W6hWIDqbtcmKjzU8,My Heart,Coopex,30,7K2jP7WpPDPQcxwNZ3Qo34,My Heart,2020-01-17,Charts 2020 🔥Top 2020🔥Hits 2020🔥Summer 2020🔥Pop 2020🔥Popular Music🔥Clean Pop 2020🔥Sing Alongs,3xMQTDLOIGvj3lWH5e5x6F,r&b,hip pop,0.482,0.667,3,-4.446,1,0.0397,0.251,0.0,0.108,0.2,150.083,182571
4q4kSKYYqNlSnFOmmVfuP9,Weird,Perfect Pitch,13,4jy2Rrasz8ZXjIBrereUrx,Weird,2020-01-17,Trance Party 2019 by FUTURE TRANCE,2yofeyPwe0ZNmJHTrGz2Qt,edm,big room,0.726,0.804,0,-5.906,0,0.0308,0.0137,0.00069,0.138,0.218,115.021,171000
19Cgt2V8PbgyJ4tmTASgic,Ready When You Are,Mathilda Homer,40,48UnAKcbSXjhZ4qIBeH2Ve,Sunny Like You,2019-02-27,I Love My Neo-Soul,37i9dQZF1DX44dZ4p5QLf4,r&b,neo soul,0.777,0.533,8,-8.237,1,0.158,0.644,0.0,0.0894,0.455,89.976,178502
07uivRw9i8NFjQbxZQu6g7,ボイスメモ No. 5,CHANMINA,37,1GjMGhXUrUEbxXoKhTh33V,ボイスメモ No. 5,2020-01-17,Dance Pop: Japan,37i9dQZF1DXahYFr91pFvG,pop,dance pop,0.736,0.666,8,-4.503,1,0.0417,0.0795,1.89e-05,0.332,0.22,109.958,163040
38mndEUsA9kxpIAjeVbYfj,Dope Man,N.W.A.,24,211cmD9AlnfpVTEjhrokzl,N.W.A. And Their Family Reunion,2008-01-01,Gangster Rap Workout,0ZRwrJ2EDGyKR6YgQPWXeO,rap,gangster rap,0.69,0.783,7,-6.249,1,0.286,0.0115,0.0,0.155,0.681,176.494,375747
5hbSMXk4g4OEHjDoVdXrYl,X's We Share,Jodeci,29,2u41wsU4YVTbtOTCapKLe7,Forever My Lady,1991-05-28,Kenny B's Ultimate New Jack Swing Mix,7bdhfXlbfml9CuNn5c7372,r&b,new jack swing,0.721,0.726,7,-12.769,1,0.0603,0.00113,0.0,0.282,0.727,103.045,270960
6RXBjCDKM6vAGiX4ojUD1E,Cover Me,Bruce Springsteen,5,14IYDXybb1XKu51QHDryak,Born In The U.S.A.,1984,Classic Rock,5BygwTQ3OrbiwVsQhXFHMz,rock,classic rock,0.517,0.776,9,-11.476,0,0.052,0.0198,0.00066,0.0851,0.82,120.571,208240
7ILH9xthuxo4i4bTXpwDcZ,Gracefully Broken,Tasha Cobbs Leonard,50,39UpQWkYwByspw53CTZDis,Heart. Passion. Pursuit.,2017-08-25,Gospel,0pItJZBDZFvgAOdFnSITnJ,r&b,urban contemporary,0.259,0.436,10,-7.216,1,0.035,0.0994,0.0,0.292,0.152,78.096,376667
0FzGFdvCRiFOjPx5gpfPa2,Girl You Hear me Crying,N.V.,0,0EoHTLvsXeuCx70XZxxLDM,Some Kind Of Love,1994,Latin Hip Hop/Freestyle,2MYEUjX0YAI9dxrBDzoCK7,latin,latin hip hop,0.64,0.816,2,-10.808,1,0.0396,0.0105,0.000335,0.231,0.412,122.837,258093
4EnBmpGjcTOG5FEZa6rz83,Evidencia,Baby Rasta & Gringo,61,3VIwlLW2BdDUtGBD5PqMAn,Evidencia,2019-11-08,Flow Selecto,37i9dQZF1DX4OjfOteYnH8,rap,trap,0.826,0.776,10,-3.442,1,0.0566,0.0853,0.000318,0.0806,0.618,93.05,175326
6NdcSEhpGGAYXNnnhGS2s6,What I Like About You,The Romantics,66,5ZwUOFZdWQ81RYMwXc4j3B,What I Like About You (And Other Romantic Hits),1990,Classic Rock,5BygwTQ3OrbiwVsQhXFHMz,rock,classic rock,0.542,0.915,9,-9.637,1,0.0549,0.319,5.34e-05,0.171,0.92,159.81,175400
5H9y7se06T9etwuJs47e2m,Shivers,The Witches,19,1y6Ri52jO9w9R03BTcvhX9,המכשפות מתכסות,1996-03-01,Permanent Wave,5Go0Jsxj1UnsU7Om841BEo,rock,permanent wave,0.566,0.412,2,-9.218,1,0.0291,0.0918,8.04e-05,0.0872,0.184,114.914,288533
2QCI3bdPI8c0DBy68GE2WR,Midnite - Interlude,Raheem DeVaughn,23,6MRP1XjnZ9tfZeYmVJ2rPc,Love Behind The Melody,2008-08-12,Neo Soul Music,78RRvktrPMSqAoCI21mNOe,r&b,neo soul,0.699,0.455,2,-9.22,0,0.165,0.52,1.31e-05,0.517,0.755,86.66,90800
11xsm79HwpWV1C1lMXoVo9,Gypsy Drop - Radio Edit,Filip Jenven,38,4VVtbL1thMQf4EX1232w3C,Gypsy Drop (Radio Edit),2014-03-14,Fitness Workout Electro | House | Dance | Progressive House,6KnQDwp0syvhfHOR4lWP7x,edm,electro house,0.797,0.962,1,-4.239,1,0.0906,0.000359,0.767,0.0454,0.422,128.047,180502
3y7O5Nqxp3luafo3abGzzJ,I'll Do For U,Father MC,25,4KHTMXXAAPPpDwVzRmsiis,"'80s & '90s Love - Power Ballads, Slow Jams & Love Songs",2010-11-01,New Jack Swing - 90s R&B fused w Hip Hop,79xd4wnVuKZK4rJMsL2wPa,r&b,new jack swing,0.832,0.666,1,-4.92,0,0.0633,0.143,0.0,0.072,0.81,109.536,223890
38TcCQZFSZ86FeAyXR9O7P,I Want Her,Keith Sweat,8,50oSzrrypHrPJhyriXzyKo,New Jack Swing Classics,2017-08-11,The New (Jack Swing) Testament,4mciQwEuqaUMwIWKcDMFW0,r&b,new jack swing,0.74,0.467,11,-12.066,0,0.0425,0.0145,1.55e-06,0.173,0.89,107.848,360107
087zhxfoAGzPjlaGJz2CuR,Dare You - Radio Edit,Hardwell,29,1Txbj7qE7gV6Wxl5nvAZTh,Dare You,2013-11-15,big boom room — TOMORROWLAND EDC EDM BIG ROOM AMF ADE DANCE TRANCE HARDWELL TIESTO,2oalsaFUockoPf1DU3wrL8,edm,big room,0.457,0.89,9,-4.304,1,0.0461,0.0165,0.0,0.0964,0.19,127.877,218438
70EYRjEmK12XiCX9E98upr,When Will I See You Smile Again?,Bell Biv DeVoe,28,2QC1IsQIUNdEz0zgWanPkN,20th Century Masters: The Millennium Collection: Best of Bel Biv DeVoe,2002-01-01,90s R&B - The BET Planet Groove/Midnight Love Mix,7LjRWGUdOmBdPG1W1bga4i,r&b,new jack swing,0.719,0.534,6,-7.339,0,0.0262,0.0358,0.00141,0.0762,0.298,124.05,307400
2vNhY6yfz9ha8wTSji81qG,Round Whippin,A.CHAL,0,0g4kiBTV5T8d156PvaWUwR,Round Whippin,2015-09-11,Urban/Trap - Contemporary RAP,5CK0fshHcik1vWyeCc0zat,r&b,urban contemporary,0.625,0.776,11,-4.198,0,0.0478,0.272,2.22e-05,0.222,0.261,140.063,214286
7EixVppWsnZOvJJ4ZqET14,Good Life,The Young Escape,47,6gIzH5Pa4X3QKugzZCqpTH,Good Life,2017-10-20,Christian Dance Party,37i9dQZF1DWUUPO0Sbx2CM,pop,dance pop,0.587,0.715,4,-6.348,0,0.0931,0.0539,0.0,0.262,0.433,178.081,185427
1TWnMN7Cb9HwoI3Ac3DDzo,Ghost of Tupac,Beamon,23,5SewNB7xu6EjUGf5Ut7MJ3,I'll Be Your Ghost Now,2018-10-18,Rap Party 24/7 Radio / Gangsta Rap,4sGnz2x5tbHE2YlW1nemfb,rap,gangster rap,0.815,0.541,0,-8.525,1,0.0683,0.361,0.0,0.119,0.138,138.006,111464
0xM88xobymkMgg46MStfnV,Hey There Delilah,Plain White T's,64,5UdU4dmcRw1TG3oVZf9ZvT,Every Second Counts,2006,L' ALBUM ROCK,0jilq2XZP9F2fwzp2k6iXK,rock,album rock,0.51,0.376,2,-10.995,1,0.0307,0.865,0.000121,0.113,0.321,103.851,232853
49rlL3YVFGFr5woYWwKjOk,Summer Feelings,Onda Norte,4,2Mk7tSblgPxgovSF8jzLjy,Summer Feelings,2018-08-10,Tropical Vibes,37i9dQZF1DX6RA5ZrA5a23,latin,tropical,0.685,0.667,11,-7.17,0,0.0314,0.0234,0.757,0.254,0.326,99.995,176419
4rRjuNNUJKryqqTnL5wJtg,Leave Me Alone (feat. Erykah Badu),RC & The Gritz,38,5w3d02mWYXP5NWikK73Khb,Pay Your Tab,2013-11-26,Neo Soul / Modern Jazz / Smooth Hiphop,07SNJ4MwYba9wwmzrbjmYi,r&b,neo soul,0.718,0.434,1,-8.619,1,0.0567,0.0274,0.158,0.0876,0.78,89.032,286640
15049rGLXHwrWtE4euUb5C,The Killing Moon,Echo & the Bunnymen,63,0VYyqjM5H2sXj6z8ocAyjb,Songs To Learn And Sing,1985-11-11,permanent wave,7rPsfDTqiZYIT4PVzQ4c0c,rock,permanent wave,0.522,0.85,7,-4.769,1,0.0361,0.132,0.0338,0.295,0.71,124.216,346280
1KamYvfe3xmvhmXicpkTsS,Root Circles (Short-Take),KreisEckBeats,21,301yOVOclo6Ipo50ZIVlem,Root Circles (Short-Take),2019-08-28,Tastemakers Ball  -  EDM - POP and FUN,67cpuBAXjwibm3LG333Oaq,edm,pop edm,0.722,0.881,5,-9.463,1,0.038,1.57e-05,0.614,0.316,0.369,130.003,316000
0A5qqtFMG1qrNQEcjvr1A2,Break the Rules,Charli XCX,46,5Ws5ktkIUJFpaIImvH3tYU,SUCKER,2014-12-15,random playlist that can't decide its genre so go ahead jam along with these catchy tunes,49qyKvg6UAQAvIMUIGMnP3,pop,indie poptimism,0.676,0.926,0,-2.244,0,0.0425,0.0305,0.000658,0.0771,0.818,124.019,203908
3GG0m7tJl9jdxSFAg7oTJ4,CHANGING SHAPES,Bloodshot216,36,2hlQutA2a87wW7IR7dGOZt,CHANGING SHAPES,2019-09-17,F**KIN PERFECT,3CzQZEf6jmEjDmBIVO9rdR,latin,latin pop,0.693,0.897,1,-5.177,0,0.173,0.0513,6.69e-05,0.0593,0.517,157.809,223293
0fySG6A6qLE8IvDpayb5bM,VIBEZ,DaBaby,88,1NsTSXjVNE7XmZ8PmyW0wl,KIRK,2019-09-27,RapCaviar,37i9dQZF1DX0XUsuxWHRQd,rap,hip hop,0.768,0.652,1,-2.708,0,0.307,0.113,0.0,0.107,0.777,154.187,144935
1Eck97uRMlprKOOJN9oO1E,Good Life (with G-Eazy & Kehlani),G-Eazy,61,5PO2cqkBjAUOSHdxSDJOL4,Good Life (with G-Eazy & Kehlani),2017-03-16,PROJECT: Contemporary,6HaCi9bqaiuSZEDfCEmwyo,r&b,urban contemporary,0.565,0.771,1,-5.22,1,0.213,0.00464,0.0,0.0568,0.573,168.385,225526
5NARCwodmWYJk1o9S7BLYs,The Spark,Afrojack,1,2fWMHuF0l1UjWeByohniut,The Spark,2013-01-01,♥ EDM LOVE 2020,6jI1gFr6ANFtT8MmTvA2Ux,edm,progressive electro house,0.637,0.93,11,-3.754,1,0.0463,0.142,0.0,0.133,0.513,126.031,243754
7fZMNGT0myegS7qaekSTh4,leaf,illiterate,44,6DyzfogcnyywiL6VzebgMW,winter_bumps,2018-10-26,Lofi Hip-Hop,37i9dQZF1DX36Xw4IJIVKA,rap,hip hop,0.878,0.204,8,-10.254,0,0.136,0.769,0.929,0.104,0.572,144.433,107625
7i8OCYUCt76BjxFPB6bYNY,The Grid,Ummet Ozcan,37,56mlNJt01PcnFxRtz0Kdnv,The Grid,2019-01-28,Big Room 2019,6SrHyxIxWfQx9ISEr6yowk,edm,big room,0.233,0.923,5,-3.701,0,0.0457,0.00834,0.905,0.291,0.145,102.011,181769
47LFcy7prvEY5D08d26zOo,40%,Aya Nakamura,78,0qGjuUdOjuQfy8zgMHNi66,NAKAMURA (Deluxe Edition),2019-10-25,Global X,37i9dQZF1DWUxHPh2rEiHr,latin,latin pop,0.841,0.693,11,-7.335,1,0.207,0.396,4.03e-06,0.133,0.677,92.021,174933
4IZ3MnAnB0tGUlPEfpMCVd,Beam Me Up - Didrick Remix,CAZZETTE,0,0zBL0XTnP6fxiiI5DwQXpw,Beam Me Up (The Remixes),2013-01-01,Vocal House,5PCAWKfUWAUj8VeY8G7xRQ,edm,progressive electro house,0.721,0.552,0,-5.179,1,0.0705,0.00121,0.00973,0.0929,0.552,125.997,291693
5NkI8inKaxZqQIzgbSgezV,Zewditu,Bob Gordon,44,04gx0dDZuqPrtBtlNX5HDq,Booty Rock,2019-11-18,Techno House 2020 👽 Best Collection 👻 Top DJ’s Electronic Music - Deep House - Trance - Tech House - Dance - Electro Pop,3QEYvCsVXZj8KuzE0bDmcI,edm,electro house,0.8,0.832,1,-11.991,1,0.0514,2.51e-06,0.697,0.258,0.521,128.009,246689
474FoNvLOHk9ZTAs1Vd3Qu,Nobody (feat. Stargate),Netsky,43,3H1ZzSXNWaIqiCpgHajR8F,Abbot Kinney,2018-12-14,Fresh EDM | Progressive House | Electro House | Trap | Deep House | Electronic | Future House/Bass,0FCHg9zJMNNiOokh3hVcxd,edm,progressive electro house,0.377,0.695,11,-7.894,0,0.0476,0.0229,0.0301,0.0948,0.0645,127.904,262507
2eX4TGFna9BzppcUxnPCww,No Fallará,Funky,44,57gGB5imNcp3Z8YZF2cm7S,No Fallará,2018-11-29,LATIN FLOW MIX - Música Cristiana🎵,396llvvFOIB9jgPg0kqNDb,latin,latin hip hop,0.768,0.773,1,-5.402,1,0.282,0.0666,0.0,0.106,0.39,139.905,281143
03a359wbiUsjN9h6yzXvmS,She Don't Give a Fo,Duki,71,42ZO19JImkKWh6y7rfvrfM,She Don't Give a Fo,2018-03-12,Trap Rewind,37i9dQZF1DX0JcH25923HT,rap,trap,0.854,0.556,1,-4.49,1,0.14,0.345,0.0,0.165,0.342,119.938,209531
3ksHcN1MdKel3q3gvWn0ej,If I Were In Your Shoes,You Me At Six,0,4uC7zTuKQvssFjKEmLB8x3,Take Off Your Colours,2008,Pop Punk | Post-Hardcore,1YgWQAs1s77NzieIH4ARKn,pop,post-teen pop,0.351,0.923,6,-3.237,0,0.0553,4.49e-05,0.0,0.16,0.703,186.117,181333
60f9lgHK7keGA3b84L0d4l,Dear Life,Anthony Hamilton,44,2rAf1FJKQ3f9TAQncbnYxG,Step Up Soundtrack,2006-08-08,Neo-Soul Essentials,0DIwi1dMI59NItQtiNcevy,r&b,neo soul,0.852,0.322,4,-7.021,0,0.0345,0.184,1.04e-05,0.114,0.33,118.92,254027
4VSyH8AkIt3kaR5xIPFVVi,Where My Girls At,702,58,6PELMehRtCwGXXyFS0fLKR,702,1999-01-01,The Sound of Urban Contemporary,07zF8MjQPsiYUXiAIGZ5TA,r&b,urban contemporary,0.704,0.725,4,-7.435,1,0.0505,0.0348,0.0163,0.194,0.761,92.183,166693
2QgWuCtBpNIpl5trmKCxRf,American Pie,Don McLean,71,20Y9wHWIxNFvqplgHmqmUl,The Best Of Don McLean,1988-01-01,70s Pop & Rock Hits and Deep Tracks,1uKFRCQYci8kVgMy3xzTVH,rock,album rock,0.527,0.509,7,-10.893,1,0.0628,0.6,0.0,0.144,0.497,138.317,515867
1jD3Cb99wZ68V0obSEKFw8,Juicy,The RH Factor,31,7ocjymC4B0S00K0BZ71M9X,Hard Groove,2003-01-01,Neo-Soul / Soulful R&B,4F3xAxHxeBwXhK6k6GPnrW,r&b,neo soul,0.606,0.343,0,-12.022,1,0.0492,0.596,0.524,0.529,0.512,74.637,394947
4wCD1vI3vPwhvQsrHH5XAb,Ask of You,Doctor Pheabes,39,6ycQMMWnQrZeCXN4LEaDRz,Army of the Sun,2019-05-16,Supernatural Classic Rock,6oghIlByD49KFGNmNU8GSH,rock,classic rock,0.37,0.888,9,-2.998,1,0.0528,5.1e-05,0.0,0.332,0.23,150.072,246767
7lxw3IBFL1tzODZr3KFHa8,Deliverance,CHVRCHES,36,3lQdoVP35ulzlmHEvxcWKF,Love Is Dead,2018-05-25,Electro Pop | Electropop,2a5i2ZtEXGKwVGL16J8N0p,pop,electropop,0.564,0.78,1,-5.25,1,0.0281,0.00128,0.00162,0.113,0.197,105.969,252838
1d0GYRpnCb0XNQcQdKhfKL,You Mean the World to Me,Toni Braxton,45,73ojqvZakvdkBxSg9pyPqz,Toni Braxton,1993-07-13,1987-1997 OLD SKOOL JAMZ,0WicovBbxeB0nvQC6IfuaT,r&b,new jack swing,0.595,0.736,11,-6.648,1,0.0469,0.0964,9.28e-06,0.104,0.521,167.669,296400
2M39v73rNJmAXUXIW0oagP,Der Bratan bleibt der gleiche,Capital Bra,79,7vgXsKW6USC0U7ofVxKd0m,Der Bratan bleibt der gleiche,2019-11-28,Modus Mio,37i9dQZF1DX36edUJpD76c,rap,hip hop,0.612,0.704,0,-4.147,0,0.372,0.126,0.0,0.569,0.672,96.015,192147
4nYsmWkuTaowTMy4gskmBw,What Lovers Do (feat. SZA),Maroon 5,12,1qvLKCq4Xh355Fq0VswCpH,Red Pill Blues (Deluxe),2017-11-03,Today's Hits (Clean),7ENISpOJhocpMJVcGb0qcT,r&b,hip pop,0.792,0.612,5,-5.212,0,0.0693,0.0805,3.83e-06,0.0852,0.42,109.959,199849
6qYGUxPjQt5PJtWdiNppZx,So What,P!nk,11,0wcuOAo2w5jxwp7N57QKNN,Funhouse,2008-10-24,Today's Hits 2000-Present,6a66cg3HcsjYkisYyQcov6,latin,latin hip hop,0.535,0.886,11,-3.106,1,0.045,0.000304,2.26e-06,0.257,0.445,126.012,215160
5EM3xViVNKGC6QgbhdDwHW,Good Love,Qendresa,14,2Hvl2qDVihnyKNxS2uzCYk,"Shades on, Pt. 1",2017-10-16,Neo-Jazz Soul RnB & Afro,48AzM7l4M02DBYd2N3IFLP,r&b,neo soul,0.821,0.214,5,-10.692,0,0.197,0.763,0.00183,0.106,0.339,78.079,147823
110pEfj2ij3wmN7Cs9RG7D,Drinking Again,Avail Hollywood,32,2RIoVyhV2QirL4FCsvZyQK,Drinking Again,2011-03-01,Southern Soul BBQ Mix,3nTS97zUqxJBQeiXNRs963,rap,southern hip hop,0.766,0.555,6,-5.62,0,0.0425,0.00542,0.0,0.338,0.714,104.963,237083
7yws3pF3FFguwT2Psi6c15,Do You Remember,Jay Sean,67,3v0AeWgJPrdPPZGt1tS2s0,All Or Nothing,2009-01-01,Pop 2009-2011,3gV6KQYZKIuoWml0094vx6,latin,latin hip hop,0.855,0.668,11,-4.892,1,0.0644,0.0242,0.0,0.102,0.803,125.846,210307
4TNWgANrFMzz9qfPlBNopm,Satellite,Tritonal,35,0OfEsPc1vhiRsuTN2bCERz,Metamorphic III,2014-09-29,Happy EDM,3d2JFEbvcx7p2CHkBaQeMZ,edm,pop edm,0.392,0.828,10,-3.745,0,0.0502,0.0436,4.6e-06,0.0756,0.207,128.091,241875
3ZN0KYVn1Ibfat7x3lwIAT,6 Horas,MC Cabelinho,54,59PAEo6Jky0e9Mutu69WsQ,6 Horas,2019-12-27,Trap Funk,37i9dQZF1DWTGaQ84g8alz,rap,trap,0.848,0.767,1,-7.947,1,0.48,0.129,0.0,0.0914,0.945,99.824,182440
4cuGZb0iFyHtwaSKdKrJkF,Imposible,Luis Fonsi,68,5C0YLr4OoRGFDaqdMQmkeH,VIDA,2019-02-01,Pop Latino 2019 - Mix Canciones Reggaeton & Pop Latino - Pop En Español 2019 Musica Para Bailar,5ifDekrUt5lbSIMTSzNNqB,latin,latin pop,0.783,0.738,11,-4.078,1,0.0741,0.127,0.0,0.127,0.925,90.976,164533
4cwW9clavlRQYKDjU59BEK,Tomorrow,The Roots,21,43WeIHQrPVG6ofnlc0cfi3,...and then you shoot your cousin,2014-05-19,Neo Soul Music,78RRvktrPMSqAoCI21mNOe,r&b,neo soul,0.85,0.52,5,-12.658,0,0.195,0.0592,0.00306,0.077,0.606,75.992,306213
1afuAgWlDOD48Ue3B3XjJu,VHS Sex,Com Truise,37,3r3xMNOAv4zAlevfVhbWHX,Galactic Melt,2011-06-14,Electropop And Play,7p30DzTAgW6OhspSXHTI88,pop,electropop,0.612,0.628,1,-7.82,1,0.0447,0.124,0.85,0.231,0.366,172.176,265133
2VbOnf4BivY15wG1GS5Vtv,Rest My Chemistry,Interpol,65,46sLq54Ug5NbSxJg7wvqqK,Our Love To Admire,2007-07-10,Permanent Wave,5glAD13obyL0G9SH9ukBz2,rock,permanent wave,0.47,0.878,11,-5.576,0,0.0377,0.0185,0.0839,0.276,0.423,150.093,301093
0rRHFywFG6H7NAl2wMMCZg,Happy Birthday,Flipsyde,3,3pnioabFZxyxqWBw32sGfx,We The People,2005-01-01,Hip-Hop 'n RnB,0275i1VNfBnsNbPl0QIBpG,rap,southern hip hop,0.552,0.653,7,-6.881,1,0.228,0.329,0.0003,0.202,0.293,93.893,195547
1sjE9VTx9Glb1Znahf2xbd,Dust,Van Hunt,26,1Zs4CHZm9Cy2KQv0NEx17i,Van Hunt,2004-01-01,Soul Coffee (The Best Neo-Soul Mixtape ever),16iNEskDatG5KbDV16F6LR,r&b,neo soul,0.75,0.859,11,-2.206,0,0.0311,0.236,0.0413,0.129,0.97,118.194,253867
3FReeuzSopfaMzL1QXbqEa,Vanessa From Venezuela,3582,39,6FmikDf7lhHGjev7cNkrRH,Situational Ethics,2003-10-06,Saxophone in Hip Hop - R&B Lounge - Jazz Rap,2ujrP2rPxu8ao7wNeG1ZOY,r&b,neo soul,0.729,0.569,4,-11.106,0,0.124,0.207,0.208,0.1,0.506,95.984,186507
3Il5pMKaV6gOwad9PwMhPv,Sanctify (feat. Ilang),Kenn Colt,30,0wkEdK0yQi744e0qFzppf1,Sanctify (feat. Ilang),2016-07-15,Chillout & Remixes 💜,4NlAd9NpIa92IjErMyAriM,pop,indie poptimism,0.637,0.869,2,-5.036,1,0.0331,0.00397,0.0,0.583,0.75,124.93,181301
20j7B6mL9gnNvG3ic6Vwh5,Hate To Say I Told You So,The Hives,66,1C4UGzx5gD9b3X0UfAhY7z,Veni Vidi Vicious,2000-09-12,"Muse Radio - (Uprising, Starlight, Supermassive Black Hole, Madness)",0dAbaJtkS9st5o0cBe1Zcu,rock,permanent wave,0.459,0.931,5,-5.024,1,0.0612,0.00126,0.00881,0.412,0.419,135.826,200693
6uebosHeOwzQT3ZBtBCbtu,I'll Do 4 U,Father MC,23,4P1LRl10J2zFK1YhVaRAiY,New Jack Swing - R&B Hip Hop Hits,2011-01-01,New Jack Swing -late 80's & early 90's Hip Hop and R&B,30z5uGyqurJn0NtkZ9e8BT,r&b,new jack swing,0.832,0.666,1,-4.92,0,0.0633,0.143,0.0,0.072,0.81,109.536,223890
5MPxgVGxq79wcoNKtlRaTf,You Are My Lady,Freddie Jackson,53,4S3z4G29Gm2xxkADtVX5IV,Rock Me Tonight,1985-01-01,The Sound of Urban Contemporary,07zF8MjQPsiYUXiAIGZ5TA,r&b,urban contemporary,0.7,0.254,10,-16.019,1,0.0429,0.46,0.0,0.1,0.408,91.437,284119
38juUluQHYJdEnYuHazKXE,Heaven - MTV Unplugged Version,Bryan Adams,8,17ixV4uTZRqattFeU4h8th,MTV Unplugged,1997-01-01,Unplugged Hits 📣,5NTm3injIRkUMROsZr3C2O,latin,latin pop,0.367,0.342,0,-8.88,1,0.0312,0.69,0.0,0.666,0.374,134.622,270466
2kQ1WxNv3KKxPYFBgcRSnB,Body = Fit (feat. Jonna Fraser & Tabitha),DJ DYLVN,54,3QerFQkOSLf0BiqlZZvGle,Body = Fit (feat. Jonna Fraser & Tabitha),2019-10-24,🔥🦁 GOOD VIBES ONLY 🦁🔥 // BROEDERLIEFDE || FRENNA || BROEDERS || HENKIE T  || BIZZEY || POKE \\,1d0fonZHpN4LYHTKbmNRbm,latin,latin hip hop,0.812,0.711,9,-5.377,1,0.0719,0.0306,4.63e-06,0.0827,0.337,99.976,175117
0YPXkQthLWrhNGoKTbwCJ8,(I Just) Died In Your Arms,Cutting Crew,68,6P6YSjfWz53suf41Bqt9BH,The Best Of Cutting Crew,1993-01-01,Dr. Q's Prescription Playlist💊,6jAPdgY9XmxC9cgkXAVmVv,pop,post-teen pop,0.632,0.727,11,-11.209,0,0.0438,0.0119,7.64e-05,0.0678,0.499,124.919,278627
3qgtGhoCutbBX73cd6ArCW,SouthSide (feat. Eptic),DJ Snake,63,2MFS6WG6jnPAgvJpV3PehR,Carte Blanche,2019-07-25,Nasty Bits,37i9dQZF1DX2VvACCrgjrt,edm,electro house,0.571,0.94,1,-3.637,1,0.0883,0.0114,0.0128,0.572,0.555,149.959,252800
1GBLO0NFODuL31A5fgw0uR,No Se Me Quita (feat. Ricky Martin),Maluma,82,3YIUNL7qFE8NP3X3zaYSND,11:11,2019-05-17,LATIN POP 2020 🔥 Pop latino actual,2kKzN3kRYDzBctlaWs7CP2,latin,latin pop,0.864,0.869,7,-2.963,1,0.139,0.146,0.0,0.063,0.853,99.988,219933
65c7ThLCjdleiLILiri41Z,Hypnotised,Franc Moody,43,5478vb7E5nJWOXs9JcAxRt,Dance Moves,2018-03-27,Indie/Jazz Poptimism,6OaTudLqBEuTyUMPxRNpZc,pop,indie poptimism,0.661,0.515,2,-9.39,0,0.0806,0.166,0.0679,0.125,0.727,185.132,207049
2gSm4u0pOEqHFyBNormMVz,Stretch Your Eyes,Agnes Obel,43,3jTTLPuVcL6J9pgujnU1lS,Citizen of Glass,2016-10-21,Deep-deep Bubble Pop,744VClUYfFnZCDPcOUkg5G,pop,indie poptimism,0.589,0.306,8,-16.09,0,0.0303,0.761,0.72,0.146,0.535,141.923,311408
3z7TXksueubckBUYcLK6uu,Tengo Prisa,Dragon & Caballero,41,3bTxKb6I54lCSPkP385Ko8,Se Siente Bien (Special Edition),2009,MIX LATIN POP°,6IS6XTdbS9qJZgfjNKgpB8,latin,latin pop,0.823,0.748,0,-5.709,1,0.0783,0.116,0.0,0.118,0.911,97.029,212467
2Pp1ZQ4Wt8bm7UmYVAvwPO,Leave in Silence - 2006 Remaster,Depeche Mode,30,4QTkJvr6vfj3MuOqnSpMfE,A Broken Frame (2006 Remastered Edition),1982-09-27,"Maxi Pop  GOLD (New Wave, Electropop, Synth Pop...)",2nRWtTI9a2LWjJ9Wy3JZs5,pop,electropop,0.784,0.603,4,-14.893,0,0.0522,0.352,0.438,0.0666,0.245,120.577,289173
1U5rJXcvCZmpy3apIwoIQv,Mercedes Boy - Single Remix Version,Pebbles,0,5hhZNNh67rpmpmjUfYGKaS,Gold - '80s Soul,2006-01-01,1987-1997 OLD SKOOL JAMZ,0WicovBbxeB0nvQC6IfuaT,r&b,new jack swing,0.685,0.853,10,-7.075,0,0.0568,0.0335,0.0211,0.0636,0.968,114.905,235013
4ObjArCiona7v0xbZ83rUZ,Bien Loco,Nova y Jory,62,6IgRN2hP7uOTeZmL7np7Kd,Bien Loco,2009-06-26,Reggaeton De Ayer,37i9dQZF1DWWU6Rfto8Ppm,latin,reggaeton,0.515,0.812,7,-5.06,0,0.361,0.411,0.0,0.101,0.779,169.981,218044
5bSASu4W0HJx6CuG8rbRcA,Reel Around the Fountain - 2011 Remaster,The Smiths,51,6cI1XoZsOhkyrCwtuI70CN,The Smiths,1984,permanent wave,7rPsfDTqiZYIT4PVzQ4c0c,rock,permanent wave,0.67,0.571,9,-9.976,1,0.0255,0.00507,7.23e-05,0.124,0.899,109.905,359227
2BcvvHttiZRvguFM4hR398,Sunshine Of Your Love,Cream,12,4SMNUQCyTvlO4vFEdXXG45,Disraeli Gears (Remastered),1967-11-02,Blues Rock,56dbowk1V5ycS5jW7DSvi5,rock,classic rock,0.684,0.481,2,-12.59,1,0.0384,0.475,6.57e-05,0.118,0.784,115.078,250000
6orRFPOpyksp2Hgh7KDehQ,Qué hay más allá,María Parrado,47,0nA3yR0mNPvh8ckbehR4YP,Vaiana (Banda Sonora Original en Castellano),2016-12-02,Post teen pop,7jQHOrErpLMStcUUSavQWR,pop,post-teen pop,0.648,0.349,4,-10.809,1,0.0843,0.673,0.0,0.0959,0.121,84.055,163387
587KkUDbQ0XHigC1fdFOFk,FOR YOUR EYES ONLY,Cashmere Cat,51,5DFEo8Nh5N6BYScoCDKvkh,PRINCESS CATGIRL,2019-09-20,a taste of the mainstream,4gbXqmZDUFHqlaYjf4uVyS,pop,post-teen pop,0.435,0.427,8,-5.519,1,0.0346,0.896,0.00551,0.117,0.154,84.639,188674
1eq1wUnLVLg4pdEfx9kajC,Rolling in the Deep,Adele,77,7n3QJc7TBOxXtlYh4Ssll8,21,2011-01-19,10er Playlist,1kEczIkZH8IgaWT2BiApxZ,pop,electropop,0.73,0.77,8,-5.114,1,0.0298,0.138,0.0,0.0473,0.507,104.948,228093
3Ot04s80MZBhiYP2wHo0is,07,Sidoka,60,7ljNEO4kQH47SOjDEXxShP,Elevate,2018-12-28,Trapperz Brasil,37i9dQZF1DWWr5uieiPUVM,rap,trap,0.68,0.876,6,-4.472,0,0.213,0.44,0.0,0.128,0.491,127.267,221122
55nMnifaQWKe3f9cbwOXwx,Summer Days (feat. Macklemore & Patrick Stump of Fall Out Boy) - Tiësto Remix,Martin Garrix,63,2vx3BtBMn8Ed3ygEg1OT2t,Summer Days (feat. Macklemore & Patrick Stump of Fall Out Boy) [Remixes],2019-07-12,Pop Remix,37i9dQZF1DXcZDD7cfEKhW,pop,dance pop,0.69,0.78,5,-4.446,0,0.0594,0.00733,0.00183,0.0729,0.238,126.07,255238
4f6EmVhrIZpKr4cRyCi3Jk,Piggy Bank,50 Cent,0,1uPgrKETW0Sk5gyKH2d2lQ,The Massacre,2005-03-03,Gangster Rap | 100 % Gangster,2e0d7otcM1oyecfi3zZPWk,rap,gangster rap,0.569,0.855,10,-4.118,0,0.285,0.0123,0.0,0.332,0.866,86.021,255173
15HUMkMOJm48NL1GQURjM7,Motownphilly - Original Version,Boyz II Men,0,3riDn321q9TNeS1YOSzkv7,Cooleyhighharmony,1991-04-30,New Jack Swing,3ykXidKLz1eYPvuGoFlD1e,r&b,new jack swing,0.751,0.849,2,-9.703,1,0.0636,0.014,2.03e-05,0.158,0.776,114.141,235267
5SDmwAmdAtDG9kyGniVBKN,Seigfried,Frank Ocean,0,1PDX0hMmsSdq122EupvNZF,Blonde,2016-08-20,NEO-soul,3q3M4VCymcMoxJ3Tl7mRqN,r&b,neo soul,0.293,0.255,4,-11.155,0,0.0416,0.975,0.000248,0.101,0.363,170.565,334570
6Fvhy9aaBvsLBzC7vDEhIr,All That She Wants,Campsite Dream,50,0qq08x58qBEUp5IinYYJm3,All That She Wants,2020-01-10,Dance Pop Tunes,4SdfG4cPG3skmTiQLozZGh,pop,dance pop,0.392,0.652,1,-4.341,0,0.163,0.42,0.000477,0.0929,0.55,201.948,139405
2uFBqk6flKDuXiaWt0vV68,Hollywood,The Cranberries,41,5G3I9bLpCZxK4XeLyJ69iu,To The Faithful Departed,1996-04-30,The Cranberries Best Of,4E3K9oQgvLcKEz0wgBBXxD,rock,album rock,0.413,0.826,0,-5.598,1,0.037,0.000472,4.41e-05,0.325,0.413,147.828,307333
47wPvRG8FEwbZP22UBgTQr,Seven Nation Army,The White Stripes,78,4bud6XY9UtafCOiYzv2vOl,Elephant,2003-04-01,"Muse Radio - (Uprising, Starlight, Supermassive Black Hole, Madness)",0dAbaJtkS9st5o0cBe1Zcu,rock,permanent wave,0.74,0.469,4,-7.627,0,0.0805,0.00601,0.447,0.306,0.313,123.909,231920
678xbt4SczRRWLa5GJFe6J,Sometimes I Wonder,Darius Rucker,10,7rxBmOWHwXL2Nhl8lcgVKm,Jill Scott Collaborations,2007-01-30,Neo Soul,2YPP7fiYu5pIcp2yyHvw4A,r&b,neo soul,0.36,0.568,2,-5.316,0,0.0895,0.0247,0.0,0.0671,0.17,78.158,251733
7e4KQkp5ZR1gXCAalRjX6B,Nights Like This (feat. Ty Dolla $ign),Kehlani,13,26g9o6rTzxnnrD2VNefpye,Nights Like This (feat. Ty Dolla $ign),2019-01-10,Electropop 2019,4Bi8VLtaSu0JILliif8lH6,pop,electropop,0.61,0.725,8,-5.131,1,0.15,0.367,0.0,0.154,0.291,146.163,201788
0ZMv9b2ipW2NicJE6mHrii,Perfect - Acoustic Version,Simple Plan,45,6RSpKXfvVzCqtLi6VySxsU,Still Not Getting Any,2004-10-26,Unplugged Hits 📣,5NTm3injIRkUMROsZr3C2O,latin,latin pop,0.57,0.419,3,-7.623,1,0.0253,0.067,0.0,0.101,0.367,156.182,247387
2ZICF8SFI5tHttaLJKMY1X,False Pretense,The Red Jumpsuit Apparatus,62,6TyPSzd5rA2rQ9yLJJ1Gg2,Don't You Fake It,2006-01-01,Hard Rock Workout!,5nQrMpkyWmxPX0gk74htMk,rock,hard rock,0.509,0.93,0,-2.689,0,0.0474,0.00137,0.0,0.152,0.783,154.95,149640
4N9QsmvQJcGwJHAmDmBttU,Climax (feat. 6lack),Young Thug,65,6VCDStheOuhrQaoYbHP2iO,On The Rvn,2018-09-24,PROJECT: Contemporary,6HaCi9bqaiuSZEDfCEmwyo,r&b,urban contemporary,0.829,0.362,0,-11.546,0,0.231,0.0608,0.0,0.135,0.369,122.912,189093
6VJoLxH7kLiwXuKEM2A6P0,Never Die (A Song for Marcel),Talisman,39,7zT1C7Bbks3IRDBCnDKdth,Never Die (A Song for Marcel),2019-12-20,Hard Rock,37i9dQZF1DX1X7WV84927n,rock,hard rock,0.451,0.968,8,-5.127,1,0.117,0.00727,0.000455,0.0913,0.391,140.002,192000
6wpGqhRvJGNNXwWlPmkMyO,I Still Haven't Found What I'm Looking For,U2,76,5y6wlw1LnqFnQFruMeiwGU,The Joshua Tree (Super Deluxe),1987-03-03,Permanent wave,0tOy7ZY4E2PadXIyj8zU43,rock,permanent wave,0.564,0.774,1,-9.424,1,0.0368,0.0135,0.00191,0.0861,0.657,100.894,277477
4QlzkaRHtU8gAdwqjWmO8n,Friday I'm In Love,The Cure,75,0aEL0zQ4XLuxQP0j7sLlS1,Wish,1992-01-01,The Sound of Permanent Wave,4EYSGTuqe9cVfSVpX4gtGv,rock,permanent wave,0.526,0.763,0,-12.663,0,0.0341,0.00126,6.75e-05,0.359,0.514,136.205,215160
4vRg1mbhhlF4YyX1JUq1el,Free,6LACK,25,2LhBfBFZVU1IyaAgo5wghT,FREE 6LACK,2017-11-13,urban CONTEMPORARY,1nFfDHtp8RY3obgen8KODl,r&b,urban contemporary,0.751,0.556,9,-5.066,0,0.043,0.00222,6.09e-06,0.104,0.369,123.98,263013
2X6okzhnNPSzh9yxDMHHe3,U Got the Look,Prince,49,1XsXHctYSQNyAd9BANCk2B,"Sign ""O"" the Times",1987-03-30,80s-90s R&B / New Jack Swing / Funk / Dance / Soul,3X4HmijjKdwwLonCrOOEAZ,r&b,new jack swing,0.832,0.453,9,-15.012,1,0.0618,0.172,2.27e-05,0.0549,0.783,122.363,227707
4q0eobn8Fm4b3NLRUX7hIi,Doin’ Dirt,Maroon 5,0,17qutq1SGPzdlAraMeXIhA,Overexposed (Deluxe),2012-06-22,Electropop 2019,4Bi8VLtaSu0JILliif8lH6,pop,electropop,0.69,0.851,3,-4.005,0,0.0457,0.000923,0.0,0.0757,0.896,124.952,211427
1jImST6hhs1EV45p78RBpM,Stay,Cueshé,57,2BfekCfAeHJHeIEMWXsoXH,"Half Empty, Half Full",2005-06-09,Pinoy Classic Rock,37i9dQZF1DWYDQ8wBxd7xt,rock,classic rock,0.306,0.494,9,-7.748,1,0.0287,0.0211,0.0,0.0972,0.161,157.224,235707
1QNoKVgA758HFLu3TW2q7R,Kill Em With Kindness,Selena Gomez,63,7lDBDk8OQarV5dBMu3qrdz,Revival (Deluxe),2015-10-09,Electropop Hits  2017-2020,7kyvBmlc1uSqsTL0EuNLrx,pop,electropop,0.757,0.884,10,-5.488,0,0.0404,0.00795,5.87e-05,0.0973,0.398,120.012,217907
5WwZeusFlxOKmTW25ImmgM,Can You Feel the Beat,Lisa Lisa & Cult Jam,0,4b3TPA5xUbwsTiUX3Qqxw3,Lisa Lisa And Cult Jam With Full Force,1985-12-17,80's Freestyle/Disco Dance Party (Set Crossfade to 4-Seconds),1oReEujyWpQv2OX68BVPPA,latin,latin hip hop,0.708,0.734,6,-13.244,0,0.0529,0.0451,0.00724,0.788,0.761,122.552,410773
29VCeUfeNgOzgWPvEQN9xm,Love Again,Brandy,55,3Dk0fn9d2SJ6yjiSuRTTuT,Love Again,2019-07-05,urban CONTEMPORARY,1nFfDHtp8RY3obgen8KODl,r&b,urban contemporary,0.494,0.471,7,-5.36,0,0.0704,0.42,0.0,0.0907,0.545,101.637,214278
13aKGvTil3UUw1yk0pA9fG,18 And Life,Skid Row,2,26QZZyjOmrSVcFCuUK2CoA,Rhino Hi-Five: Skid Row,2005-11-22,"Classic Rock 70s 80s 90s, Rock Classics - 70s Rock, 80s Rock, 90s Rock Rock  Classicos",3Ho3iO0iJykgEQNbjB2sic,rock,classic rock,0.456,0.79,1,-5.598,0,0.0292,0.000419,0.000135,0.105,0.355,90.4,229467
0un3Yr0M14Ro74vd4mIYkN,Undead,Parts Per Million,21,3mhDH4zqQtOSeRcbaTs31w,Undead,2019-12-27,Hard Rock Workout,3YouF0u7waJnolytf9JCXf,rock,hard rock,0.317,0.993,6,-4.475,1,0.162,8.28e-06,0.00457,0.341,0.159,181.0,221560
3vVSwkIqE7j6AaIxsxXzNA,Need Your Loving Tonight - Remastered 2011,Queen,42,58alCatewkjNm9IM1Ucj67,The Game (2011 Remaster),1980-06-27,The Queen - La Discografia Completa,3E88dLx4fgFYY70gdGzdnB,rock,album rock,0.604,0.876,9,-3.879,1,0.0393,0.326,0.0,0.242,0.804,137.821,169200
6Lhr0nv8Rw2un1DLqvKzSq,Despair,Christopher Needle,20,37U2UqABShCuuCL4vQo8At,Exile,2019-12-18,"Latest Hits 2020 - Pop, Hip Hop & RnB",7FqZlaYKkQmVnguJbHuj2a,r&b,hip pop,0.685,0.386,0,-10.854,1,0.0325,0.132,0.000115,0.09,0.118,124.962,165717
4Pzzu5xpOc3e41d2M4MWxi,Celebrate Tonight,Allen Stone,0,6nnxPMNj7OQxS9CCr8eQOB,Allen Stone,2012-06-26,Neo-Soul Essentials,0DIwi1dMI59NItQtiNcevy,r&b,neo soul,0.596,0.476,2,-9.34,1,0.0457,0.102,0.0,0.136,0.361,181.817,203413
7GdMttMgpx9jt3H4tm8vFF,X Ray,Chris Goldarg,15,0IHLmh2nu6JCdyTTDvItxl,Room 679,2019-01-27,House Electro 2019,72r6odw0Q3OWTCYMGA7Yiy,edm,electro house,0.768,0.982,2,-1.865,1,0.154,0.0321,0.529,0.192,0.361,125.009,168960
7vAVuNs41gDdzfSiMEtJ41,Wasted Thunder,Hotel Apache,26,59WoEUTqWN7yx7U2I0Tw9s,Wasted Thunder,2017-09-22,Indie Poptimism,21nxmipQe5xtXoHHPaYfnY,pop,indie poptimism,0.763,0.925,10,-3.073,0,0.104,0.0123,1.77e-06,0.0857,0.876,111.979,165000
3k3pN1Z1DwEYO6EHA5SRnK,Beautiful day (In San Diego),Young Sicc,0,3jg6sv1M6eMibNrFGglxRs,The Statement,2005-07-26,Chicano Rap,3o3xRXWMtBMezk0E3wmtGI,latin,latin hip hop,0.611,0.432,10,-6.51,0,0.425,0.389,0.0,0.283,0.908,95.04,245200
2B9i8K60LxOChRDUnmx2Fk,Run Through The Jungle,Creedence Clearwater Revival,0,1CyJXMyxs8q1X2UdN0ZT4Q,Creedence Clearwater Revival - Best Of (Deluxe),2008-06-02,Supernatural Classic Rock,6oghIlByD49KFGNmNU8GSH,rock,classic rock,0.659,0.686,7,-6.71,1,0.0392,0.0597,0.0145,0.0894,0.878,136.666,184640
7kDI9OPOPd8xWOS4RqWBt7,Moment In Love,Bobby Delante,10,0VxW02u2pQ87APZVWFdmsD,Tazmania Freestyle Vol. 2,2007-12-21,Latin Hip Hop/Freestyle,2MYEUjX0YAI9dxrBDzoCK7,latin,latin hip hop,0.62,0.843,2,-10.686,1,0.0397,4.93e-05,0.0443,0.0865,0.858,124.184,266400
1I8tHoNBFTuoJAlh4hfVVE,Firestone (feat. Conrad Sewell),Kygo,77,0uMIzWh1uEpHEBell4rlF8,Cloud Nine,2016-05-13,ElectroPop 2020,4frhr6RQM2fMOm2mpvOVo6,pop,electropop,0.486,0.652,11,-7.226,0,0.052,0.408,6.63e-05,0.077,0.391,113.055,273684
7zgoHkxLgchJwPdhbJhQ3K,Why Don’t You Come On (ft. Khalid and Empress Of),DJDS,46,30tc5b5AulEnOeyKTT9Cz3,Big Wave More Fire,2018-05-18,PROJECT: Contemporary,6HaCi9bqaiuSZEDfCEmwyo,r&b,urban contemporary,0.67,0.677,1,-5.554,1,0.0664,0.0771,0.0,0.188,0.348,128.088,199980
52EB2Gk1nkxZmbomJOXUde,Are You Lonely (feat. ISÁK),Steve Aoki,47,7kfaArlpn1f192XMoWQs5U,Are You Lonely (feat. ISÁK),2019-02-22,Dance Room,37i9dQZF1DX2ENAPP1Tyed,pop,dance pop,0.517,0.793,6,-5.851,0,0.0367,0.0214,0.00046,0.0892,0.176,90.06,157333
0i5AZhWp6DjoIbafmolfoB,Bruk Bruk (I Need Your Lovin),Dillon Francis,33,1eg4r9oWigjmTVFyTEF9xB,Bruk Bruk (I Need Your Lovin),2015-06-29,Epic Bass Drops,49EXQVXh5k1t8SOhmUeyU7,edm,big room,0.752,0.878,6,-4.02,0,0.129,0.000396,0.0346,0.0726,0.156,111.979,192187
7JMUHcnjYWMGez9qWsgoQc,Seventeen - Thomas Gold Festival Mix,Thomas Gold,30,450kftaR0iD0fY7lM03QTq,Seventeen (Thomas Gold Festival Mix),2019-08-16,"Festival Music 2019 - Warm Up Music (EDM, Big Room & Progressive House)",73uj4YmsC7SJ6SbUMTvf07,edm,progressive electro house,0.562,0.782,9,-5.831,0,0.113,0.0405,4.3e-05,0.815,0.535,125.163,183555
2xp6qbrEd1TAw98MCdOcsU,Imagine - Remastered,John Lennon,25,1Og869cgT2qBmDw84KeUvk,Gimme Some Truth,2010-10-05,The Black Album,0KNLLunbFh9XgitPMOGmQg,rock,album rock,0.552,0.251,0,-12.548,1,0.0251,0.915,0.157,0.0993,0.203,75.936,183973
0cftlm9IYJi4KoN1PDvR2V,Sería Más Fácil,Carlos Rivera,68,0sGgHg4QRIBACnetu6z45Z,Guerra (+ Sessions Recorded at Abbey Road),2018-09-07,Exitos 2020 - Latin Billboard,0k2IDDkcVyIpIgE6d1woDM,latin,latin pop,0.371,0.523,1,-8.299,1,0.0376,0.316,0.0,0.0839,0.211,152.187,217280
2wMW456QogoilDyApEEAky,Bantam,New World Sound,0,0t0yW9Q5XLbLt6jZVn4d0G,Bantam,2012-11-05,Fitness Workout Electro | House | Dance | Progressive House,6KnQDwp0syvhfHOR4lWP7x,edm,electro house,0.623,0.833,7,-6.604,1,0.0632,0.00914,0.933,0.105,0.0812,128.064,321094
2aC4dekmnklfC6edwh3Wda,Between The Devil And The Deep Blue Sea,George Harrison,40,2VFLjY1S0D8nKml6nlU2MD,Brainwashed,2002-11-19,I didn’t know perm stood for permanent (wave),3e6gYPyrTbaB8BWgSHCt5j,rock,permanent wave,0.819,0.514,5,-7.238,1,0.0441,0.831,0.0,0.0784,0.74,121.466,154933
0RkNZ5ZCtMEeKwJktquPQJ,You Send Me,Nicolette Larson,33,4IYDdR6uUcazKjPPzJJzfu,Nicolette,1978,70s Pop & Rock Hits and Deep Tracks,1uKFRCQYci8kVgMy3xzTVH,rock,album rock,0.562,0.258,9,-16.628,0,0.0321,0.847,0.00371,0.0501,0.604,81.942,236880
04BZvpVvpJKPWXVfnWr6a3,Grateful (Neon Feather Remix),Cade Thompson,33,5dcQET2nIhMNJxVLrZ1CyX,Grateful (Neon Feather Remix),2018-08-24,Christian Dance Party,37i9dQZF1DWUUPO0Sbx2CM,pop,dance pop,0.48,0.962,11,-3.86,1,0.183,0.00593,3.44e-06,0.423,0.658,100.037,142723
7EJvwHjf9NKCmYBBGOuwQS,I Still Do,The Cranberries,46,0AP5O47kJWlaKVnnybKvQI,"Everybody Else Is Doing It, So Why Can't We?",1993-03-01,The Cranberries Best Of,4E3K9oQgvLcKEz0wgBBXxD,rock,album rock,0.428,0.436,4,-11.754,0,0.0313,0.264,4.02e-05,0.11,0.159,117.649,196107
3ewW5NHyOadguuYlu0LmEY,Million Dollar Doll,Britta Phillips,1,43brGW2fA599FbPHk5Zxdj,Luck or Magic,2016-04-29,Electropop And Play,7p30DzTAgW6OhspSXHTI88,pop,electropop,0.624,0.733,7,-5.149,1,0.0273,0.16,0.529,0.157,0.282,136.012,220667
4twOuEvYNHNUc9dHUqhhUY,恋に溺れて -Crazy About You-,Junko Ohashi,30,10BIzys0QO4l9UQGay0iRI,THE BEST SONGS of JUNKO OHASHI,1998,City Pop 1985 シティーポップ,3j2osvmecEao5nmo9jZ5df,rock,album rock,0.693,0.822,5,-7.424,0,0.0399,0.0197,8.16e-06,0.132,0.441,118.052,329400
3QLApyuGYQdSQZTmBXFaSt,Felina,Hector & Tito,49,1XVsXN3JiO0pM3CeiYSNTv,A La Reconquista,2002-01-01,Reggaeton Classics,37i9dQZF1DX8SfyqmSFDwe,latin,reggaeton,0.849,0.922,6,-6.604,0,0.0684,0.0275,0.00862,0.0809,0.71,93.001,216440
4QQh68kaayJYrYyovGrkHy,"Just in Case (feat. Swizz Beatz, Rick Ross & DMX)",Godfather of Harlem,52,6mIOpege10L9H5Wjk0NYZ5,"Just in Case (feat. Swizz Beatz, Rick Ross & DMX)",2019-08-30,New Hip Hop‏‏​​   ‍,5WNUX6jisX0NRlVDTm6RDd,r&b,urban contemporary,0.465,0.911,2,-5.284,1,0.405,0.0802,0.0,0.776,0.672,90.504,155144
1ni7sP45dNxWgh9eUs8jRn,Tuesday's Gone,Lynyrd Skynyrd,0,3FhjkxPfC7s4asdWKXoJtS,Favorites,2008-01-01,Southern Rock/Classic Rock,0QUlq0LMDVXSBtbyYLTyZh,rock,classic rock,0.225,0.614,9,-8.112,1,0.0304,0.0216,0.000235,0.0794,0.454,147.724,452813
0QTOw32h1G2LD8EFExxedV,You Might Find Me,Jacob Banks,47,4VODNHZZp8qxuMLJQK2G4u,Creed II (Score & Music from the Original Motion Picture),2018-11-16,Urban contemporary,0qOJuaqHeg4u1i6gjPKnxE,r&b,urban contemporary,0.393,0.0118,10,-22.988,0,0.05,0.94,0.0121,0.106,0.0596,108.236,147387
3bre1AeDLj7UFDj3VO12Tb,Black Snake,Black Joe Lewis & The Honeybears,2,6L2qzbSoiiJDw3sjWrBGb4,Scandalous (Deluxe Version),2011-01-01,Blues Rock,56dbowk1V5ycS5jW7DSvi5,rock,classic rock,0.78,0.711,0,-4.362,1,0.0294,0.00964,0.0016,0.144,0.97,104.694,182880
3fN3OQIymbXfYkCWIAycqo,Georgia Dome (Get Low Sequel),Ying Yang Twins,34,2SS2QYikI1mNohhyPN2v95,Me & My Brother,2003-09-16,90s-2000s Southern Hip Hop / Crunk,5wsWBmQgDtKa8CEg7wTEMi,rap,southern hip hop,0.734,0.69,1,-8.23,0,0.0351,0.0002,1.16e-05,0.0951,0.668,101.998,365360
5VUR4MhJWAbp2ZHtSDvwJ7,Se Me Perdio La Cadenita,La Sonora Dinamita,61,3r4KvV3xbEN0VAHthWYnAE,Paradas Continuas,2010-02-01,Paraiso Tropical,37i9dQZF1DWYey22ryYM8U,latin,tropical,0.532,0.682,9,-8.79,1,0.0495,0.0253,0.0,0.0822,0.715,96.341,157107
1E5H5toZnjU17kiPHpmBW4,MANabUUUU,カメレオン・ライム・ウーピーパイ,40,4CRhrzluIOi1OhYhsSyJ9H,MANabUUUU,2020-01-01,Girl On Fire,37i9dQZF1DX4F2k37fMTyn,r&b,hip pop,0.9,0.83,2,-5.812,1,0.0742,0.121,9.67e-06,0.214,0.714,104.998,174857
5NkfVQS8BkceRgoSQwcW6H,Aries (YuGo) Part 2 (with Rae Sremmurd & Big Sean feat. Quavo & Pharrell),Mike WiLL Made-It,62,0D6QY2HNsCIFcL636qePwj,Aries (YuGo) Part 2 (with Rae Sremmurd & Big Sean feat. Quavo & Pharrell),2018-03-29,Trap Americana,7tkgK1tm9hYkWp7EFyOcAr,rap,trap,0.871,0.552,4,-4.953,0,0.0509,0.128,0.0,0.272,0.27,141.973,273087
43iSGniJjPMHkICSnkJJyk,Te Dijeron,Plan B,0,7BlgDa6NigoPNQEDAqozKB,La Fórmula,2012-08-20,Los Cangri,2hTs6GuPwhmg4ApNqxWXLE,latin,latin hip hop,0.785,0.86,4,-5.309,0,0.0512,0.127,0.0,0.408,0.547,89.978,183853
1WOL9lrdYoGoUmfZM0L8i8,I Can't Wait - 2012 Collection Remaster,Nu Shooz,41,3GDOnLCioGbwCWMi0SNqat,80's The Collection,2017-06-23,80's Freestyle/Disco Dance Party (Set Crossfade to 4-Seconds),1oReEujyWpQv2OX68BVPPA,latin,latin hip hop,0.785,0.844,7,-4.63,0,0.0574,0.166,0.002,0.0681,0.94,103.968,218827
7ykTRGiYoTPGYZCajeEghK,Back N Forth,Myron & E,0,0q9FzvGlyD1DQHIwMw3MsR,Broadway,2013-07-01,NEO FUNK AND SOUL,2WbTrS5D0V2TW6DiDkJBru,r&b,neo soul,0.672,0.563,7,-7.409,0,0.0349,0.0264,0.184,0.101,0.819,146.413,269133
45GtpfaI7fg7mSZBQTNJss,Reckless,Hardwell,57,6RtNDAbbah1pa4IFdlAiNE,Reckless,2019-07-19,Big Room EDM - by Spinnin' Records,7xWdFCrU5Gka6qp1ODrSdK,edm,big room,0.618,0.974,6,-3.102,0,0.0994,0.00302,0.267,0.0634,0.112,128.028,148125
2AoJ1NSLrqfppo6oT5Bqc8,Loch Ness,gizmo,0,0CpiMqngS5qF04ndUM8BLU,Loch Ness,2017-07-13,< DARK TRAP >,19WuHd4MxWLzE1fpMmw4S4,rap,gangster rap,0.936,0.476,1,-11.439,1,0.403,0.0139,0.0,0.402,0.363,121.979,175543
2vtXB4ShP4eprgRW1IYpAp,Fortress - Just A Gent Remix,ILLENIUM,54,2R7PeUrbSseLkirdasHPqg,Ashes (Remixes),2016-12-16,Trap Nation 🔊,5aPwKjwNHr6dnCejLcPTVx,rap,trap,0.6,0.76,5,-4.964,1,0.262,0.0842,0.000125,0.237,0.421,129.896,227087
2HczRHTr4YgT9W6tRs4j1m,Gin and Juice,Snoop Dogg,1,1Obf8Cg02ztGSj2z0Xf6hq,Me And My Homies,2005-09-26,90s Gangsta Rap / Top Hip-hop Classics,0C2zyPdlkbWHrwVg9gqNdU,rap,gangster rap,0.687,0.781,7,-6.616,1,0.172,0.0959,7.13e-05,0.48,0.409,94.639,211867
2ssR3TyNZwrxq0pBeb7o0e,In Between (feat. BANKS) - Bonus,6LACK,26,2LhBfBFZVU1IyaAgo5wghT,FREE 6LACK,2017-11-13,urban CONTEMPORARY,1nFfDHtp8RY3obgen8KODl,r&b,urban contemporary,0.557,0.573,5,-6.005,1,0.286,0.623,0.00433,0.104,0.328,160.215,205500
1CmGzrH5UKJZROPnaMWTaQ,Shoot Him Down,Alice Francis,40,46wbJKiMEFOoedTQHYHeEy,St. James Ballroom,2014-01-16,Electro Swing Top 100,5M7xLCQTYJL0lbKIrUn3a4,edm,electro house,0.931,0.828,10,-5.223,0,0.172,0.289,2.23e-06,0.086,0.861,112.012,207587
0CR60XwKbzgohE3I6NMjlR,Too Many,Tyga,64,6hHIX3lfGKnZ2ji41YZMVV,Legendary,2019-06-07,RAP Gangsta,1Z1gW89x4MSBjkvVjGg7DQ,rap,gangster rap,0.794,0.661,2,-4.188,1,0.263,0.0488,0.0,0.214,0.359,99.977,145293
7mSzGfqRC1GI8fTpRkhnwz,Burn Break Crash - Madison Mars Extended Remix,Aanysa,19,2JA4ct3iX1dP9MDJfXzWlB,Burn Break Crash (Remixes),2017-01-13,Female Vocal EDM,5QaPRbVgbEcCc9jC1UxgD1,edm,progressive electro house,0.673,0.869,3,-1.893,1,0.0882,0.0674,0.0,0.118,0.555,125.962,285000
20Oak3FvTZ8dUiQPvBgDk5,The Sapling,David Gray,45,5eySZ1pL3kVD26bX6X8CdH,Gold in a Brass Age,2019-03-08,Sexy Soul 2020,5EMARioe9z9eKOeWIAC2JW,r&b,neo soul,0.611,0.415,5,-11.024,1,0.0335,0.742,0.0609,0.363,0.542,171.882,206333
5FmVPVmYN6lKxQpxWf4wIA,Going Down - Radio edit,MATH,24,069MsDrj9EvEPpQHL8UDAd,Going Down (Radio edit),2020-01-10,Waves Pop and EDM,64k01l4j6QtnZ8jMaI84AA,edm,pop edm,0.731,0.819,4,-4.58,0,0.039,0.000955,0.0603,0.16,0.19,125.961,160000
3XcjIvaZVUFAIdIYZqY9bd,We're An American Band - Remastered 2002,Grand Funk Railroad,59,6hSAjI92A6vPL6OM1DWTZg,We're An American Band (Remastered / Bonus Track),1973,Classic Rock Workout,37i9dQZF1DWYNSm3Z3MxiM,rock,classic rock,0.637,0.89,7,-4.872,1,0.0677,0.119,6.72e-05,0.103,0.923,127.689,207093
67kLHRXKEjlfz6KrdVM0eU,Celebrity Reduction Prayer (feat. Open Mike Eagle & Oddisee),Mello Music Group,41,2nTXAeLVve08BWJIxdVXJt,Persona,2015-03-10,Smooth Hip Hop,7ozFIvz1bE1HPgQTUl5qfT,r&b,hip pop,0.693,0.513,8,-7.577,1,0.103,0.0267,0.137,0.178,0.212,127.977,272813
5MsZIaCYY6Tsdph0LiB0hE,Alone Together,Fall Out Boy,60,0EVJX4RlYKuApsAN5CaDa3,Save Rock And Roll,2013-01-01,Dr. Q's Prescription Playlist💊,6jAPdgY9XmxC9cgkXAVmVv,pop,post-teen pop,0.552,0.915,4,-3.713,1,0.0559,0.0013,3.74e-05,0.206,0.606,90.013,203413
3OwPSJu609AMzotCEyoMiO,The Nights,Avicii,13,6bV4Ee8NU7YubrdPec3ab5,The Days / Nights,2014-12-01,ELECTROPOP,2UsEj2GUukV0GLbsE3rldz,pop,electropop,0.529,0.854,6,-5.29,1,0.0436,0.0178,0.0,0.242,0.654,125.984,176658
1I5PbTAcWMqV66XR8B2vzK,Your Wildest Dreams,The Moody Blues,26,2Hsxvx3yjyKQ3P2uibl4MY,20th Century Masters: The Millennium Collection: Best Of The Moody Blues,2000-01-01,80s Pop & Rock Hits and Album Tracks,0XOIK4m26aeYSD61E5nSVW,rock,album rock,0.531,0.696,7,-12.497,1,0.0386,0.312,0.0228,0.293,0.628,141.373,291573
3mof6Z6vz6gonsuIEQXank,Limelight (NGHTMRE Remix),Just A Gent,60,7MO44tEY67dEVPnfT8DD2y,Limelight (NGHTMRE Remix),2015-10-12,Trap Nation 🔊,5aPwKjwNHr6dnCejLcPTVx,rap,trap,0.574,0.576,1,-8.267,1,0.0446,0.0579,0.00147,0.208,0.287,145.094,254897
6pu5jQqenr37n0z6eBKOh0,Dreams Of You (feat. Rae Morris),Icarus,48,26et8vS0ynfWtbIFKKtZi4,Dreams Of You (feat. Rae Morris),2019-10-04,Dance Room,37i9dQZF1DX2ENAPP1Tyed,pop,dance pop,0.57,0.965,6,-4.881,0,0.0348,0.00108,0.523,0.201,0.148,123.008,291785
23M7cQkNJLiddeubvVgaQl,The Wild Boys,Duran Duran,54,7xbWtTByfdMWFfxXmeFFl0,Greatest,1998-11-09,"Maxi Pop  GOLD (New Wave, Electropop, Synth Pop...)",2nRWtTI9a2LWjJ9Wy3JZs5,pop,electropop,0.741,0.838,11,-7.622,0,0.0637,0.407,0.0,0.138,0.586,115.689,257600
5SAUIWdZ04OxYfJFDchC7S,Smoke on the Water,Deep Purple,64,1EK3a0Yctg4d3nGQzE4Uty,Machine Head,1972-03-25,Rock Classics,37i9dQZF1DWXRqgorJj26U,rock,classic rock,0.632,0.586,0,-11.333,1,0.0284,0.0983,0.581,0.0535,0.89,114.243,342173
60rm5quLJ5mwjJXjAHKB9c,Samba Sujo - Blond:ish Remix,Born Dirty,37,2K6LPaMLgd09XsEK4YMD9X,Samba Sujo (Remixes),2019-12-06,Brand New EDM,2dNitDEHM9FpUGEHWc7zyW,edm,progressive electro house,0.739,0.934,9,-6.494,0,0.0609,0.00102,0.8,0.0882,0.423,125.003,387004
5m8gxij29LQHtcqyshtSOq,Tell You,Lil Loski,46,5P5nENmiQj3aDrESeRdcSV,Tell You,2019-12-06,Sad Trap,7kzKtw5vug3IIxKfLadi8A,rap,trap,0.691,0.619,8,-9.552,1,0.0542,0.107,2e-05,0.27,0.68,85.467,147021
18tCFWknS0gTJBBRLCuI0T,You Tell Me,Youngheart,37,4RXdxAM1qZd91aLI3o6H9q,You Tell Me,2018-11-02,Christian Dance Party,37i9dQZF1DWUUPO0Sbx2CM,pop,dance pop,0.664,0.855,0,-3.192,1,0.0285,0.0574,0.0,0.123,0.868,94.981,180600
5Uo7AAr2d1CNZlaKgVUT3i,All Night - Cash Cash Radio Edit,Icona Pop,42,1oVDTdt7XKDVq2aY3ffEL7,All Night (Remixes),2013-10-08,2011-2014 House,53Ga3Xt9fumdJfhNNSBvzU,edm,progressive electro house,0.591,0.864,4,-2.04,1,0.155,0.0386,0.0,0.139,0.302,128.073,206250
4FG9oGzevwKIskBXWhF3v3,Social Media,Løyd,29,25IS4tTZs3qWwTwmX7NKpn,A Post-Apocalyptic Modern Art Gallery,2019-10-25,ALPAS Music Festival,6pPpLz42hUkr8gbMirkAEl,edm,big room,0.781,0.892,4,-6.425,0,0.17,0.0389,0.288,0.0866,0.429,124.931,215280
5f8KgDZ8aQKQii0U1qdRbC,Pimp Of The Year,Dru Down,48,1ROtodYSqQpGTr4Z99Vq6P,Explicit Game,1994-09-06,Minitruckin Playlist,0VVH2Nzj6kBVGK3WIUQMAw,rap,southern hip hop,0.931,0.513,2,-4.655,1,0.263,0.108,0.000435,0.272,0.3,101.064,254093
5mTrdbPjPCjKVIYhsUCtna,Abusadora,Almighty,65,2gZFoN2s2oCDhRiBSlOUUe,La BESTia,2019-06-07,Academia Reggaetón,37i9dQZF1DXd8p9XRfIfUn,latin,reggaeton,0.893,0.665,8,-5.522,1,0.176,0.237,7.9e-06,0.0793,0.657,100.017,252542
5UQOmTylBEdsIfSn37v3DO,Straight Up Menace,MC Eiht,56,38BUSePXkHHL9gNyS1weTB,The Best of MC Eiht,2010-09-21,Southern California Hip Hop Primer,206vi9Q0p3juAU73flxPsz,rap,southern hip hop,0.756,0.53,7,-9.639,1,0.142,0.00138,0.00701,0.323,0.524,79.855,274307
69V6iFeVLb76eMf3dQyxp7,Contagious,Sean Tizzle,31,7zXc8WCZDUGGd8u8NNdW4w,Contagious,2019-11-22,Global X,37i9dQZF1DWUxHPh2rEiHr,latin,latin pop,0.83,0.673,8,-6.179,0,0.0592,0.607,0.000222,0.679,0.815,112.994,195474
4eycOo0qKubeGx3g29dcHZ,Gimme GImme,iamSHUM,21,7nh1r0aHtiyb0mMPJ2GovI,Gimme GImme,2019-12-11,Dance Pop: Japan,37i9dQZF1DXahYFr91pFvG,pop,dance pop,0.705,0.858,7,-3.374,1,0.0627,0.112,0.0,0.298,0.536,106.019,230943
36cIxPAlW73RVpjEw2k3Ac,Una Vaina Loca,Fuego,0,6Fdqtz0qU3qCybMpEIFmep,Una Vaina Loca,2011,REGGAETON ANTIGUO 🔥,42E6uFhL4e2nXmbmeigwXb,latin,reggaeton,0.797,0.88,5,-4.89,0,0.0425,0.122,0.0,0.0859,0.664,116.969,262107
4ULVqqz1ENoK1JtrbcRoOm,Crazy Flow,Rob Stepwart,14,246E5OvV4QXhPrGOSj7vdb,Trip Stories,2018-11-27,House Electro 2019,72r6odw0Q3OWTCYMGA7Yiy,edm,electro house,0.839,0.865,0,-6.569,0,0.168,0.0058,0.918,0.254,0.0757,128.012,190100
1xKQbqQtQWrtQS47fUJBtl,Piece of My Heart,Big Brother & The Holding Company,67,2rogKfOpmCFuqNhtGKf2dX,Cheap Thrills,1968-08-12,House Of The Rising Sun,1bMYfBHYBCRHY5LGkjlpSy,rock,album rock,0.443,0.727,4,-7.951,1,0.145,0.263,0.000141,0.169,0.566,160.82,253333
2rt2eCcCuZVpFNb2zXiaHo,Пуля на вылет,N1NT3ND0,23,3SBnshLBGaxBP8V0ymihGS,N1NT3ND0,2011,RUSSIAN Gangster Rap,0Jw0HckkxCfIrOvpN081eV,rap,gangster rap,0.733,0.533,6,-6.787,0,0.381,0.606,0.0,0.143,0.359,86.899,215133
7AdNd20xhJsdlOY93H5HiD,Don't Fight The Music,Virginia To Vegas,29,1SooB22LoIXbklQc0muPgo,Volume I,2014-11-10,Indie Poptimism!,4hKPJNFIhdAg4pAksn78FJ,pop,indie poptimism,0.597,0.924,11,-4.46,0,0.0464,0.0387,0.0,0.143,0.581,99.97,216240
2NLPvOCyPHN2CHwIHYTUsA,Perdóname,Jotdog,0,0WkblI6WGjDtIFphrW4tyI,Turista del Amor,2012-01-17,ELECTROPOP EN ESPAÑOL,3VfscqF7zq65IGKiYM3FS0,pop,electropop,0.544,0.761,4,-7.542,0,0.035,0.0696,0.0011,0.16,0.213,168.012,236280
3EA4HwrlLdDJ3b4cX7JfqC,I Wanna Go,Summer Heart,50,2GkkprMhl4L0TyIyRvfRwX,About A Feeling,2012-04-25,Electro Posé - Discoveries,6nZaTh6K1SwhdELFTmA99C,edm,electro house,0.611,0.742,7,-7.402,1,0.0445,0.00768,0.831,0.232,0.343,103.039,247572
0W8NvcMsIuygeFnfNz2KnC,Lo Que Te Di,Marc Anthony,64,0iSDto0c8PqIKtwrYS4lbh,OPUS,2019-05-10,Paraiso Tropical,37i9dQZF1DWYey22ryYM8U,latin,tropical,0.714,0.891,2,-4.223,1,0.0344,0.608,6.71e-06,0.288,0.652,97.073,241760
075NNuZU6IxC7Us3L7ylep,Guardia Civil,Reda Rwena,31,4hoCKkdZDb05MhMeOZeDCn,Guardia Civil,2017-09-13,Gangster Rap Deutsch,1qXg9ck25tBRxeXsj8mbDG,rap,gangster rap,0.707,0.765,4,-7.309,1,0.341,0.089,0.0,0.111,0.388,61.956,260645
5FbQLB4JlxE1MMubQBdpfi,Si Tú,Justin Quiles,55,0sKlMLJqSlwCKN5FMTD2xm,Si Tú,2018-11-08,Los Cangri,2hTs6GuPwhmg4ApNqxWXLE,latin,latin hip hop,0.653,0.697,10,-4.733,0,0.235,0.276,0.0,0.0689,0.472,187.764,228511
1ci5FGk5faD2gWyYl995yw,Mercedes Boy,Pebbles,40,1DC4atftJXraE8Bsx6QmyQ,Pebbles,1987-01-01,New Jack Swing,4nX6BscFtR1CozSCfv2cuR,r&b,new jack swing,0.795,0.333,8,-14.609,1,0.0769,0.052,0.0295,0.319,0.967,114.764,295893
49jQjsgh1bqjLW1UXGPIj2,Wish You Well - Benny Benassi Remix,Sigala,16,4Sa6vVIaKKiPQ87kcMR0W4,Wish You Well (Remixes),2019-07-05,Club Mix 2020 🍹,7sq6nuruoMyDhEWkX2oYOg,edm,electro house,0.588,0.83,5,-6.188,0,0.0521,0.0074,0.0,0.146,0.585,124.953,192000
6SG6Tf9em9kbueirgail0n,Virtual Gaming,Naeleck,37,3kMK7d2PvamT0kcTqjDuHC,Virtual Gaming,2020-01-10,Electro House 2020,317O0e8iWJLClLGDKtieRe,edm,electro house,0.658,0.97,9,-1.262,1,0.0527,0.000374,0.56,0.0884,0.192,128.039,228750
2PXv2AkAZkqYqc96gDKXuA,Let's Stay Home Tonight,Joe,34,6OBbl6V26iZqAi3uNhZTaI,Better Days,2001-12-11,Neo Soul Music,78RRvktrPMSqAoCI21mNOe,r&b,neo soul,0.691,0.742,0,-4.49,0,0.0602,0.145,3.14e-05,0.0944,0.722,90.102,206667
2aSqq7claHAcS7KJWI6lmO,Evil,Interpol,47,5yCoDCorBPHRhyiCtOFK7Z,Antics: The Special Edition,2005-08-23,Permanent Wave,5glAD13obyL0G9SH9ukBz2,rock,permanent wave,0.491,0.747,5,-3.517,1,0.0384,0.00152,0.483,0.0739,0.603,128.997,215827
5t3FYiaVQ9c5wqt9RwQDFQ,Long Kiss Goodnight,The Notorious B.I.G.,0,2sRdk7s8ObFBEn3ZoPmE5r,Life After Death (Deluxe Version),1997-03-04,90s Hiphop / Gangsta Rap,5yGuoOwRQF3o8NVRRlvCj7,rap,gangster rap,0.511,0.851,7,-7.673,1,0.46,0.114,0.0,0.333,0.365,174.588,318467
7dLxiu3Nd6KUg4y7lPnABX,Irresistible,Wisin & Yandel,0,5TxeHxhWyJMl0KU5MkA5Y6,Irresistible,2010-01-01,REGGAETON VIEJO,31hG19URdBvLEpQWKFYfdD,latin,reggaeton,0.769,0.695,6,-7.043,0,0.0663,0.0143,0.0,0.0796,0.471,124.936,187893
4jBPWUAtvIbj7trXEg9QPJ,Darkness and Light,John Legend,52,7xMjYDrgPLp1ReFGAOyS1O,DARKNESS AND LIGHT,2016-12-02,Soul Coffee (The Best Neo-Soul Mixtape ever),16iNEskDatG5KbDV16F6LR,r&b,neo soul,0.593,0.783,0,-3.717,0,0.183,0.16,7.91e-05,0.0765,0.6,121.778,230800
7JKyC1LwBJQHeiKiTRRsMx,I'm Sorry That I Love You,Peachro,20,3ZtmYa1g2ZAw6Wvxg71H09,I'm Sorry That I Love You,2019-12-11,The Edge of Indie Poptimism,5vIdb67lQcdFwoVkE4UMep,pop,indie poptimism,0.712,0.16,0,-16.395,0,0.159,0.93,2.05e-05,0.0742,0.413,131.557,133704
6bdt0GYvmh3lCMfZOMswfE,Let the Sparks Fly,Thousand Foot Krutch,53,4fSovBNtliN1OY3CXNDS16,The End Is Where We Begin,2012-04-17,New Hard Rock,64BvJcehegyvhqQtV82Ddz,rock,hard rock,0.645,0.859,2,-4.904,1,0.0562,0.000554,0.0,0.337,0.596,120.063,246760
7JAGL0wjf2lHoPUJ2oZF7w,Revolution - Remix,Sean&Bobo,50,2h8V6CAHtRSDYxS1wNiFnM,Revolution (Remix),2018-02-17,Electropop,2Z5cPJ6Z4EVZAfF08amjvL,pop,electropop,0.669,0.392,0,-5.581,0,0.0361,0.0668,0.25,0.159,0.0595,148.064,235154
1B87ZDrD3Pno9hS4stamWO,Comin Out Strong,Future,64,7K6OykPbezfgKgBufihn6X,HNDRXX,2017-07-27,PROJECT: Contemporary,6HaCi9bqaiuSZEDfCEmwyo,r&b,urban contemporary,0.628,0.481,1,-7.775,1,0.475,0.29,0.0,0.118,0.33,108.761,254370
694WTOYVnKjIF2SpGK820u,Imports,Chase,21,6MsiJwXmcWP66MYdmTMtML,Imports - Single,2015-08-13,Urban/Trap - Contemporary RAP,5CK0fshHcik1vWyeCc0zat,r&b,urban contemporary,0.87,0.463,0,-10.959,1,0.359,0.0555,0.0,0.314,0.446,110.043,159269
2AaknMNIfzMqZGvbcDsJHZ,Party Up,DMX,5,7sGZLiJP6WszkshzArMxW6,...And Then There Was X,1999-01-01,Gangster Rap | 100 % Gangster,2e0d7otcM1oyecfi3zZPWk,rap,gangster rap,0.51,0.931,11,-3.302,1,0.347,0.0738,0.0,0.5,0.53,201.936,268867
1fbZDbnXkNXN4wbzme7Kk0,Light up the Night,Jamie Berry,17,3S2xhzwwRpvF75lYFwvSSK,Light up the Night,2019-08-16,Electro Swing Top 100,5M7xLCQTYJL0lbKIrUn3a4,edm,electro house,0.739,0.882,2,-7.448,1,0.194,0.013,0.188,0.599,0.636,124.119,233879
4kfUztREwDlVaHLR2m7j9y,Menciono Tu Nombre (feat. Omy Alka),Josue Escogido,35,4Dn3ieVfG6lj8TQuZsYaF1,Menciono Tu Nombre (feat. Omy Alka),2017-12-15,LATIN FLOW MIX - Música Cristiana🎵,396llvvFOIB9jgPg0kqNDb,latin,latin hip hop,0.712,0.757,6,-3.979,0,0.0447,0.451,0.0,0.122,0.312,140.017,213481
2xt2piJx6jlFkjS77YiqpL,Like a Stone,Audioslave,45,7ysDeat0kDelEE7M6MUwXZ,Audioslave,2002,Intro to Permanent Wave,3QGjcvI9hCZw81NqKq3ZGv,rock,permanent wave,0.614,0.568,7,-5.477,0,0.0276,0.00797,0.0,0.0997,0.516,107.849,293960
1rNNOKF4kiaNmdkpIKNsvd,raindrops (an angel cried),Ariana Grande,35,5KOu62BJwwCJTfyyAaEbZk,Sweetener,2018-08-17,Post Teen Pop,2Aud8PXoTGcyY5esHu4Aaz,pop,post-teen pop,0.336,0.231,1,-6.217,1,0.0493,0.943,0.0,0.183,0.431,168.724,37640
3bnVBN67NBEzedqQuWrpP4,Tear in My Heart,Twenty One Pilots,73,3cQO7jp5S9qLBoIVtbkSM1,Blurryface,2015-05-15,Electropop,2Z5cPJ6Z4EVZAfF08amjvL,pop,electropop,0.655,0.632,2,-4.802,1,0.0489,0.0189,0.0,0.0722,0.447,120.113,188493
3loNCAyjqpgB9DvKhLMKi9,That's Not Me,Skepta,3,2yegc4SUhhXxUXUavLHUqL,Konnichiwa,2016-05-06,"🔥💵 Hip Hop, Rap, Heavy 808's - New School",3jPkaExIWXQWklcmmF5180,rap,southern hip hop,0.827,0.854,0,-3.43,1,0.238,0.334,0.0,0.073,0.869,139.089,185968
5AFrctm65wWIqJsjHPPx85,Midnight Hour with Boys Noize & Ty Dolla $ign,Skrillex,70,65Xj1lewlRP7RB5LiCeNBV,Midnight Hour with Boys Noize & Ty Dolla $ign,2019-08-29,Dance Room,37i9dQZF1DX2ENAPP1Tyed,pop,dance pop,0.795,0.899,0,-4.202,1,0.0685,0.00235,0.000392,0.199,0.329,125.978,198839
2opyAm6zOyjR0An5LkblfN,Make Me Wanna Die,The Pretty Reckless,52,2vv6A1vmzEcnzaIkrKveJy,Light Me Up,2010-01-01,New Hard Rock,64BvJcehegyvhqQtV82Ddz,rock,hard rock,0.495,0.905,8,-3.768,1,0.0653,0.00227,3.29e-06,0.142,0.215,97.106,235653
2OgVsp77En2nju8pnCieVU,Waiting for a Girl like You,Foreigner,69,2Pw51hAGvWpTA3AYl2WVuu,4 (Expanded),1981,Mega Rock Ballads: The Best Slow Rock Compilation Ever !,6LJtRKgDpzM8ZbbwC0jLhe,rock,album rock,0.33,0.469,10,-9.286,0,0.0335,0.31,2.3e-06,0.0402,0.433,201.327,292067
2OmjhVnagJ8SVJDbj9eWrL,Sanctified,Rick Ross,0,4gK53NWTrdiH2ZyEX2ZpGL,Mastermind (Deluxe),2014-01-01,Contemporary Hip Hop,68y3WoFJMMKDHUIpqCnoM3,rap,southern hip hop,0.739,0.523,9,-6.293,1,0.0692,0.0815,0.0,0.382,0.228,125.99,289627
1xI2JdhG9F318QvibkfZym,Trixx,Olivier C,32,1OnLYfZdwlXTs9EMOgK1O2,Trixx,2019-11-26,Techno House 2020 👽 Best Collection 👻 Top DJ’s Electronic Music - Deep House - Trance - Tech House - Dance - Electro Pop,3QEYvCsVXZj8KuzE0bDmcI,edm,electro house,0.688,0.404,7,-17.443,1,0.054,0.287,0.933,0.111,0.0374,126.999,395018
2cppGOIz0cuDnKoGzrDsJQ,The Fear,The Score,67,4enE8eppWJ9fQXLqTP2TDE,Pressure,2019-02-01,Badass Rock,44bkJI1QGkT2O0GYJSsbkp,rap,southern hip hop,0.498,0.628,7,-5.709,0,0.0317,0.00686,0.0,0.362,0.218,138.099,183853
2hJf188Sz3XxfBDmYK1IMC,2012,Joey Purp,51,0ffPsL9V1eNMi54MEHMehn,QUARTERTHING,2018-09-13,Alternative Hip Hop,37i9dQZF1DWTggY0yqBxES,rap,hip hop,0.956,0.427,6,-7.39,0,0.447,0.799,0.0,0.0886,0.271,123.083,183881
52pFy13TIADVaFHRiKo8Yn,Why,Lkhn,31,6WT7KWUZC9zaVdgo1ywRMJ,Why,2019-12-18,Great Pops,5SO7xYih5w8X5FEpKvU7Rt,latin,latin pop,0.701,0.743,10,-4.999,0,0.0354,0.159,0.178,0.113,0.512,130.058,148986
5TtF9bUEJPCMkezphzGr8C,Drug Sick,Tommy Ice,53,1UA0TAUeUbLNTPU6Me1Qzt,Drug Sick,2019-07-30,Sad Trap,7kzKtw5vug3IIxKfLadi8A,rap,trap,0.694,0.419,2,-12.082,1,0.222,0.0312,0.0,0.106,0.154,86.013,121399
1c4w5n4wDYIhOSLzeycjTi,Not Ready Anymore,The Griswolds,17,56KHvy42cumf0i7o00DTQM,Be Impressive,2015-05-22,indie poptimism,1E5VdGGWkpDQ682gdvJAZH,pop,indie poptimism,0.446,0.651,4,-4.348,1,0.0287,0.0068,0.164,0.195,0.138,101.141,312693
4B7fTyj1FIPvP9tT5X3DnR,Behind Barz - Bonus,Drake,74,7dkkh6qYHqduXSWQFhmQ0i,Behind Barz (Bonus),2019-09-13,Hip-Hop Mixtape,37i9dQZF1DWVdgXTbYm2r0,rap,hip hop,0.854,0.554,8,-4.684,1,0.172,0.769,1.84e-06,0.0749,0.272,142.069,163121
0E5EcB6lR9ku0RkBEKmkR7,Leaders of Tomorrow,Perkele,44,0RxeLsWafPCah0PuBIH2w1,Leaders of Tomorrow,2019-01-18,Hard Rock,37i9dQZF1DX1X7WV84927n,rock,hard rock,0.554,0.936,1,-4.51,0,0.0374,0.0195,0.000111,0.0909,0.683,87.519,236867
00ppj2gGs8oxhGnTdejkzD,Ooh,SAYMYNAME,39,0wFEGiNrd0XKzRTLyweP1u,Ooh,2019-01-25,Trap Mojito,37i9dQZF1DX1OIMC8iDi74,rap,trap,0.59,0.965,4,-1.787,1,0.0548,0.0147,0.163,0.12,0.386,148.167,147568
41IrY9OFcaWVnEojXftyVh,Hipnotízame,Wisin & Yandel,61,6tOFRRXAis3nniv1wG6Nae,Líderes,2012-01-01,Reggaeton Rewind,37i9dQZF1DXco4ODkIraMD,latin,reggaeton,0.797,0.828,0,-3.972,1,0.115,0.289,0.0,0.434,0.572,79.992,243387
0YHTIIZalPKM9WkQUDQ9Oj,I Want Cha Back,Yung Bae,40,7ruIiXwmVbzUWMHjdMPrIT,BA3,2016-08-04,Japanese Funk/Soul/NEO/Jazz/Acid,4zNayWuATXCAA9gaXvnFnq,r&b,neo soul,0.783,0.882,0,-4.986,1,0.156,8.48e-05,0.00468,0.271,0.865,117.062,214359
4XizBlyqR7ZGVTX0Fyonm2,Today - Remastered,The Smashing Pumpkins,4,3YDm8Vu6IOjjVdLNHlJtj0,Siamese Dream (2011 - Remaster),1993,keg party jukebox,4PjiT7SWnUsTTTvKOuR76f,rock,permanent wave,0.456,0.826,8,-7.611,1,0.0268,3.35e-05,0.57,0.0548,0.415,82.539,201173
2K06amHdw8ZPWI75Xvo9Ij,Runaways,Sam Feldt,8,7m1jdXdLbCtZLg5VZyFTjP,Runaways,2016-10-07,A Loose Definition of Indie Poptimism,4ZO0wp9G8FA3X6oYNBzda6,pop,indie poptimism,0.757,0.565,11,-5.895,1,0.0324,0.174,0.0,0.105,0.682,119.959,180402
1E1BGyzPZ9Y5dBgIPHOWQY,Wanna Get With U,Guy,0,3VEJiSTMoQz0Bew0cxpzBR,The Best Of Guy 20th Century Masters The Millennium Collection,2004-01-01,New Jack Swing/ R&B Hits: 1987 - 2002,4sji14lrB5bgcr51lPALYH,r&b,new jack swing,0.755,0.871,10,-5.275,0,0.0565,0.0062,0.000533,0.0658,0.795,110.126,284507
3HPLc89ZI535u9AfHjWk0F,Ojitos Cafe,18 Kilates,0,0reLrLXtKnMPjF0tSZsUHx,20 Grandes Exitos,2010-12-01,Latin Pop antiguo,4BmnnqWEQAamNoVjtjrQJP,latin,latin pop,0.848,0.874,2,-7.179,1,0.0902,0.228,0.0,0.089,0.961,102.001,225048
0s8OMEGJQJIUr9VFwNEH1v,With Arms Wide Open - New Version With Strings,Creed,60,3Nyjm9NBEdiaiWr2BEaV46,Human Clay,1999-01-01,Permanent Wave,2ExyzXAbukW7I8bDqdGvPB,rock,permanent wave,0.32,0.695,0,-5.756,1,0.0388,0.032,0.0,0.201,0.165,141.91,235267
606LnHssjBNoQIrxa9KTYK,Shake,Zeds Dead,49,2S3ydN35socDKdH6ROBhfN,Shake,2019-09-10,Nasty Bits,37i9dQZF1DX2VvACCrgjrt,edm,electro house,0.501,0.913,8,-3.68,1,0.0657,1.78e-05,0.324,0.18,0.366,75.026,278400
3bCllR1v5AhEwm9Wl8kyBT,Spirit,Jack Larsen,42,48uz1gNCoyPJve0UcggHhj,Spirit,2019-09-11,Ultimate Indie Presents... Best Tracks of 2019,37i9dQZF1DWTc5QDlvD7t0,r&b,hip pop,0.552,0.717,1,-7.888,1,0.0571,0.0161,0.188,0.0693,0.038,110.015,288793
2AK6cgxQCh2Dyl7WzayO4K,Talking About Love,King Arthur,0,1uAf2eQ04oPIMI6PZbDB0E,Believe In The Kingdom,2016-10-28,Tropical Morning,0vbtbmyihyvl2MVYrdKdGw,latin,tropical,0.683,0.935,9,-1.503,0,0.0336,0.00984,0.0109,0.122,0.418,125.997,207619
2ouURa1AIXp3AvkS52Jry5,Every Morning,Sugar Ray,63,43NNW7iDuAE8pIouzvwWWi,14:59,1999,Permanent Wave,2ExyzXAbukW7I8bDqdGvPB,rock,permanent wave,0.833,0.679,8,-4.496,1,0.0365,0.0834,0.00258,0.0769,0.975,109.916,219867
59R1Pv7IfNDHU76u6eD6yW,Time Taker,Geto Boys,30,06BLB0YP19RZgiqvYwho9A,The Resurrection,1996-04-02,90's Southern Hip Hop,2NMW1nwQYSVlXd26uLenX6,rap,southern hip hop,0.79,0.441,1,-10.359,1,0.298,0.00421,0.00311,0.105,0.408,80.103,312000
0FWRA2sewbJ491kmjRRFw6,We Built This City,Starship,1,5hgzC9IxDx8wcos3LTGrCh,80s Mania,2008-09-01,80s / Classic Rock,29dTrOurPDrMcrnio2q6hZ,rock,classic rock,0.675,0.803,5,-7.248,1,0.0467,0.182,5.41e-05,0.0797,0.761,140.096,363933
5jE48hhRu8E6zBDPRSkEq7,All About That Bass,Meghan Trainor,70,5W98Ab4VvQEuFEE4TIe5fE,Title (Deluxe),2015-01-09,Pop Inglés (2020 - 2010s)💙 Música En Inglés 2010s,4QAzO1Z92yqqD6Mf3mOANu,pop,dance pop,0.807,0.887,9,-3.726,1,0.0503,0.0573,2.87e-06,0.124,0.961,134.052,187920
2YBQa1P6da0Xy8UuayPyGm,Doomsday,VASSY,25,4pDvm2UGie1euJeMIi9Viu,Doomsday,2018-07-20,New House   ‍,54XvQQsViMBwjO1ws2o2wx,edm,electro house,0.61,0.645,1,-5.737,1,0.0648,0.307,0.0,0.198,0.4,126.077,171429
3NwQkX8rfLO6cqqUMHBQPH,We Built This City,Critic City,35,3uw3OVCG8dWeILv9F1R9y5,In the Silence There's a Sound,2019-11-02,HARD ROCK Vibes,28817h8FTrRI4V40DqHVaB,rock,hard rock,0.619,0.958,4,-2.939,1,0.0583,0.0112,1.14e-05,0.137,0.69,143.451,292667
31riMJMbPsDBPpHS5Yi0Ja,Paso a Huella - Captain Planet Remix,Novalima,35,246AUaB8i3CzFdfpSZHcBX,Ch'usay Remixes,2019-12-13,Vibra Tropical,37i9dQZF1DX3fXJqxGjuEP,latin,tropical,0.759,0.612,10,-6.222,0,0.22,0.0776,0.00798,0.0966,0.528,166.911,207621
3a8Rt2tPSeTkpx5fZDf730,Melting Pot,Nappy Roots,36,2O6fVnQXt3atGDu8qTUS7m,The 40 Akerz Project,2015-05-05,Southern Hip Hop,4lcyWQDOzPfcbZrcBI3FOW,rap,southern hip hop,0.614,0.891,9,-5.607,1,0.252,0.201,0.0,0.524,0.487,180.085,198015
2iwptWnvaDXd7RIOsSu6DG,Something Bout U,GAWVI,0,3GHaz6hweHSqYaOFbhh23u,We Belong,2017-03-31,CHRISTIAN ELECTRO / DANCE / EDM,0MhTMIo1bgH6zzPh7BdChT,edm,progressive electro house,0.537,0.66,1,-7.137,0,0.0821,0.00981,0.0,0.374,0.151,124.448,227479
1iA0R5MfYHfEG6bfaY1rqu,Anonymous - Original Mix,Josh Butler,26,1ZUhuXorN8NfTwqUHD0YGJ,Anonymous,2018-06-08,💊ELECTRO-HOUSE-TECH💊,0AFYmoSuoMQiGGjzvBwr6u,edm,electro house,0.808,0.912,1,-9.004,1,0.0521,0.000801,0.901,0.0735,0.0598,126.497,309250
5xok0LRntz8qY9ljEwPV9L,Gabby,The Internet,47,69g3CtOVg98TPOwqmI2K7Q,Ego Death,2015-06-26,This Is Janelle Monáe,37i9dQZF1DWVT93EW7kPT9,pop,electropop,0.498,0.78,9,-4.947,1,0.201,0.00909,0.16,0.25,0.657,156.772,212080
19BehVEfgzWdksWM3WAdqO,Dripping,Dalua,39,6FkXrHMzJQomUZat43ejcE,Dripping,2019-11-20,Dose Trap,37i9dQZF1DWWlW7KLhEhCZ,rap,trap,0.639,0.384,10,-14.283,0,0.234,0.359,0.0,0.126,0.755,135.903,197693
1dNmpQ1Ipbft7WyNbMJXX9,Islands (feat. Nathan Brumley),Brekk,40,2RBJrY8U5Gje8lwkOjiTZQ,Islands (feat. Nathan Brumley),2015-12-29,Tropical House Run 190 BPM,37i9dQZF1DWSTc9FdySHtz,latin,tropical,0.719,0.784,8,-4.087,0,0.0354,0.432,0.000263,0.334,0.385,94.004,354692
0xORFaXxl07BtES8IAJ7OD,Youuu,COIN,54,59F5U8Tft9i1RhW3s9Yb8Z,Youuu,2020-01-16,The Pulse of Indie Poptimism,5qFXOOxrQVyS4UCq3UilZN,pop,indie poptimism,0.528,0.619,2,-6.959,1,0.0282,0.0029,0.0,0.291,0.0845,102.951,235267
2q7kLQFjeVWs6iIW3zwiTd,92 Baby,W3alth,44,06lIR7SlHIvoef3GIdxTe4,92 Baby,2019-07-12,Lofi Hip-Hop,37i9dQZF1DX36Xw4IJIVKA,rap,hip hop,0.615,0.501,6,-9.76,1,0.0882,0.667,0.00438,0.111,0.362,84.929,184220
5MLLuLqPdUlx8bfKtdkLwO,The Best of My Love - 2013 Remaster,Eagles,58,2iCHyD9XHtA3vJFJIuXzqu,On the Border (2013 Remaster),1974,Soft Rock Drive,37i9dQZF1DX6TIU4D13lOY,rock,classic rock,0.559,0.393,0,-11.095,1,0.0237,0.717,0.0,0.0532,0.669,90.105,274891
1hSC6vWh3Rzkn9JSWicerC,What We Leave Behind,Labrinth,33,1OJEishIRloK73nEQ5y8Eh,Miss You Already (Original Motion Picture Soundtrack),2015-09-25,Urban contemporary,1ZlL3IQS8eB0s0RMxz02yD,r&b,urban contemporary,0.416,0.293,2,-10.232,1,0.0755,0.749,0.0,0.253,0.292,155.432,192907
54NQP70Bn4nAspwZODu732,Casablanca,BLACHA,55,6pjKJ1WSH0S02sOMZKZqgG,Casablanca,2018-07-29,Trap strefa,37i9dQZF1DWY3UKS6jvnxr,rap,trap,0.715,0.785,11,-4.973,0,0.0996,0.509,0.0,0.169,0.504,121.077,144640
4NEIzOoQWNYLglS0iWzfUe,it's a beautiful,BROCKBEATS,45,66Le9GE1WPNWlzKzkPw36Z,TOY TOY TOY,2018-07-23,Sunny Beats,37i9dQZF1DXbtuVQL4zoey,latin,tropical,0.73,0.305,2,-11.311,1,0.0662,0.959,0.118,0.681,0.744,95.056,140000
11BdiuseOwlswBgXTvq7Dd,Tonight's The Night,Blackstreet,16,3hpEJHGSMUDlkqynM8hkEI,Blackstreet,1994-06-21,90s R&B - The BET Planet Groove/Midnight Love Mix,7LjRWGUdOmBdPG1W1bga4i,r&b,new jack swing,0.577,0.566,6,-5.76,0,0.0737,0.135,1.05e-05,0.122,0.579,76.059,258067
15Y8RmICSiuyC1wsfatiFg,Melody - Radio Mix,Dimitri Vegas & Like Mike,34,7Agf3oT5vdCAFLlfBHeX7B,Melody,2016-05-09,Alex Workout,7fRlDx99wBg6i45OCvxwKY,edm,progressive electro house,0.461,0.975,3,-3.245,0,0.174,0.0375,0.562,0.366,0.0784,129.978,223385
3B2se9cssUOksWBQwkaiRr,Deathwish,Red Sun Rising,0,30r5iQwZL6yG7seA0luCou,Deathwish,2018-01-12,Hard Rock Workout,6kXNv8J3HCYztxjOIUzApv,rock,hard rock,0.502,0.879,8,-5.499,0,0.0505,0.00696,6.81e-06,0.363,0.608,134.967,287935
3lyeSiAIdLoZUHhV8psOTI,Feed Me Dope,Future,56,187UNqZ7MX3neMYkkevmdm,SUPER SLIMEY,2017-10-20,◤ Hip Hop Dance Music – Urban – Trap – Breaking Locking Popping Bopping – WOD – World of Dance,0Hr2h94pKN8QAGVAgD6BsD,rap,southern hip hop,0.853,0.688,8,-6.509,0,0.296,0.0118,0.0,0.151,0.565,150.012,166693
745LUoE5rQZ51Tz4WnBoNp,Try Again (feat. A7S),Tungevaag & Raaban,60,1u3cv5nL73WeTFy0JV5H9F,Try Again (feat. A7S),2019-05-03,Pop Dance Hits,7eERKCkgNKCCx5GYdeMIZf,pop,dance pop,0.707,0.856,0,-3.861,0,0.205,0.142,0.0,0.124,0.51,126.914,179552
4GShmsD2tiQxWZhZ4AyBTZ,Close,Sabina Beyli,33,1potYg7JRynNM1RyENwJYI,Close,2019-08-16,Waves Pop and EDM,64k01l4j6QtnZ8jMaI84AA,edm,pop edm,0.63,0.568,0,-5.418,1,0.0478,0.589,0.0,0.116,0.0775,139.9,185143
2rZfKyWzXoxQe2DBlvZ2sP,No Place,Backstreet Boys,59,2f4X9NdtXsuviPawMTYm1D,No Place,2019-01-04,Electropop 2019,4Bi8VLtaSu0JILliif8lH6,pop,electropop,0.716,0.533,3,-5.439,1,0.0283,0.147,0.0,0.0913,0.502,91.995,179747
1yCHawhY9WibtJ1XOJ16ET,"Mush, Mush (2019 Reboot)",Bassjackers,47,6MnnkXC0DBgjc9mFxJ585V,The Biggest,2019-11-22,ELECTRO HOUSE 2020,1N5dPU0Ca9N9AwBbUeyzX5,edm,electro house,0.849,0.746,1,-6.189,1,0.129,0.00129,0.842,0.0209,0.586,128.014,202500
074v54tSEWLbq3Hu5wf6uh,The Whole World (feat. Killer Mike),OutKast,49,5OJKj1KGQEM1pnHtuvY0It,"Big Boi & Dre Present, Outkast",2001-10-04,Southern Hip Hop,3R5c1OfJY7Rzl3p28pzGtL,rap,southern hip hop,0.815,0.852,2,-6.176,1,0.401,0.0958,1.32e-06,0.0288,0.717,184.666,295347
7EMlE67VdDAYUcSYXO1BEY,Backwood,Ari Lennox,0,0R01104UGyy7aipFxdedQv,PHO,2016-10-21,Neo-Jazz Soul RnB & Afro,48AzM7l4M02DBYd2N3IFLP,r&b,neo soul,0.573,0.379,5,-9.529,0,0.202,0.166,8.19e-05,0.138,0.548,74.434,168213
7JcNSQXmd242QV2GYKeMQ4,Takes A Little Time,Zac Samuel,38,2Rh42SrkHlTq1xAl1JjeA8,Takes A Little Time,2017-03-24,Indie Poptimism,21nxmipQe5xtXoHHPaYfnY,pop,indie poptimism,0.681,0.783,7,-5.986,1,0.034,0.132,0.0112,0.156,0.756,117.985,203539
2wOZ3MzOvz7IPyRSQ6KfXW,Hiding,JR JR,26,3gH9OXHGwEdf1HmY6u4mDR,The Speed of Things,2013-10-08,indie poptimism,1E5VdGGWkpDQ682gdvJAZH,pop,indie poptimism,0.556,0.828,6,-5.344,1,0.0276,0.0245,0.0133,0.129,0.578,89.998,185773
4pbSyrdQOlIDaYz7B6ynmu,Crazy For Your Love,Radiology,31,56qEO9Y8e3uM8SoFJ2lcsd,Crazy For Your Love,2018-12-14,Pop Dance Hits,7eERKCkgNKCCx5GYdeMIZf,pop,dance pop,0.575,0.793,1,-6.165,0,0.0678,0.174,0.000113,0.139,0.241,128.144,150391
4y7MogcFeMrp4QXPVHloyB,Temes,iLe,47,5ggXegN9GWgNOSS83gZHGT,Almadura,2019-05-10,Vibra Tropical,37i9dQZF1DX3fXJqxGjuEP,latin,tropical,0.677,0.221,6,-13.398,0,0.0461,0.754,0.000192,0.115,0.518,96.038,196985
